id,category,name_localized,format,width,height,description,description_src,description_brief,inspected,need_inspection,inspection_reason,raw_response
core_cards/yes.png,core,"{""en"":""Yes"",""zh"":""是"",""yue"":""係"",""ko"":""예""}",PNG,500,500,This is a green checkmark on a black background. It means something is correct or agreed upon. Many people use this symbol to say 'yes' or to show that something is okay.,qwen3-vl-plus,This green checkmark means 'yes'.,False,False,,"{
    ""en"": ""Yes"",
    ""zh"": ""是"",
    ""yue"": ""係"",
    ""ko"": ""예"",
    ""description"": ""This is a green checkmark on a black background. It means something is correct or agreed upon. Many people use this symbol to say 'yes' or to show that something is okay."",
    ""description_brief"": ""This green checkmark means 'yes'."",
    ""needs_inspection"": false,
    ""reason"": """"
}"
core_cards/cry.png,emotion,"{""en"":""Gloomy"",""zh"":""忧郁"",""yue"":""憂鬱"",""ko"":""우울한""}",PNG,500,500,"This image shows a white face with a sad mouth and teardrops falling from its eyes. The eyebrows are slanted downward, showing that the face is feeling unhappy or upset. This picture helps show when someone feels sad or gloomy.",qwen3-vl-plus,This face is crying and looks sad because it feels gloomy.,False,False,,"{
    ""en"": ""Gloomy"",
    ""zh"": ""忧郁"",
    ""yue"": ""憂鬱"",
    ""ko"": ""우울한"",
    ""description"": ""This image shows a white face with a sad mouth and teardrops falling from its eyes. The eyebrows are slanted downward, showing that the face is feeling unhappy or upset. This picture helps show when someone feels sad or gloomy."",
    ""description_brief"": ""This face is crying and looks sad because it feels gloomy."",
    ""needs_inspection"": false,
    ""reason"": """"
}"
core_cards/happy.png,emotion,"{""en"":""Happy"",""zh"":""开心"",""yue"":""開心"",""ko"":""행복""}",PNG,2500,2500,"This image shows a white face with black eyes, curved eyebrows, and a big smile. The face looks happy and friendly. It is simple and clear, which makes it easy to understand.",qwen3-vl-plus,A smiling face that shows happiness.,False,False,,"{
    ""en"": ""Happy"",
    ""zh"": ""开心"",
    ""yue"": ""開心"",
    ""ko"": ""행복"",
    ""description"": ""This image shows a white face with black eyes, curved eyebrows, and a big smile. The face looks happy and friendly. It is simple and clear, which makes it easy to understand."",
    ""description_brief"": ""A smiling face that shows happiness."",
    ""needs_inspection"": false,
    ""reason"": """"
}"
core_cards/ask.png,core,"{""en"":""Ask"",""zh"":""询问"",""yue"":""問"",""ko"":""물어보기""}",PNG,2500,2500,"This image shows a white circle with a small black dot for an eye and an open mouth shape. It is simple and clear, designed to help children understand the idea of asking a question. The design uses high contrast and minimal details to support visual processing.",qwen3-vl-plus,A simple face with an open mouth to show you want to ask something.,False,False,,"{
    ""en"": ""Ask"",
    ""zh"": ""询问"",
    ""yue"": ""問"",
    ""ko"": ""물어보기"",
    ""description"": ""This image shows a white circle with a small black dot for an eye and an open mouth shape. It is simple and clear, designed to help children understand the idea of asking a question. The design uses high contrast and minimal details to support visual processing."",
    ""description_brief"": ""A simple face with an open mouth to show you want to ask something."",
    ""needs_inspection"": false,
    ""reason"": """"
}"
core_cards/idk.png,core,"{""en"":""I don't know"",""zh"":""我不知道"",""yue"":""我唔知"",""ko"":""모르겠어요""}",PNG,2500,2500,"This image shows a white face with a sad or confused expression on a black background. The eyebrows are curved down, and the mouth is turned downward. There are two small white shapes at the bottom that look like hands or feet.",qwen3-vl-plus,"A face that looks unsure or confused, with a sad mouth and curved-down eyebrows.",False,False,,"{
    ""en"": ""I don't know"",
    ""zh"": ""我不知道"",
    ""yue"": ""我唔知"",
    ""ko"": ""모르겠어요"",
    ""description"": ""This image shows a white face with a sad or confused expression on a black background. The eyebrows are curved down, and the mouth is turned downward. There are two small white shapes at the bottom that look like hands or feet."",
    ""description_brief"": ""A face that looks unsure or confused, with a sad mouth and curved-down eyebrows."",
    ""needs_inspection"": false,
    ""reason"": """"
}"
core_cards/beloved.png,emotion,"{""en"":""Beloved"",""zh"":""心爱的"",""yue"":""心愛的"",""ko"":""사랑하는""}",PNG,2500,2500,"This image shows a simple white face with two black dots for eyes and a curved line for a smile. It is on a black background, making the face stand out clearly. The face looks happy and friendly, which can help show positive feelings.",qwen3-vl-plus,A happy face that shows love and kindness.,False,False,,"{
    ""en"": ""Beloved"",
    ""zh"": ""心爱的"",
    ""yue"": ""心愛的"",
    ""ko"": ""사랑하는"",
    ""description"": ""This image shows a simple white face with two black dots for eyes and a curved line for a smile. It is on a black background, making the face stand out clearly. The face looks happy and friendly, which can help show positive feelings."",
    ""description_brief"": ""A happy face that shows love and kindness."",
    ""needs_inspection"": false,
    ""reason"": """"
}"
core_cards/scared.png,emotion,"{""en"":""Scared"",""zh"":""害怕"",""yue"":""驚嚇"",""ko"":""두려움""}",PNG,2500,2500,This face shows a person who feels scared. The eyes are wide open and the mouth is open in a frown. This expression means someone is feeling afraid or nervous.,qwen3-vl-plus,This face shows someone is scared.,False,False,,"{
    ""en"": ""Scared"",
    ""zh"": ""害怕"",
    ""yue"": ""驚嚇"",
    ""ko"": ""두려움"",
    ""description"": ""This face shows a person who feels scared. The eyes are wide open and the mouth is open in a frown. This expression means someone is feeling afraid or nervous."",
    ""description_brief"": ""This face shows someone is scared."",
    ""needs_inspection"": false,
    ""reason"": """"
}"
core_cards/tired.png,emotion,"{""en"":""Tired"",""zh"":""疲倦"",""yue"":""好攰"",""ko"":""피곤함""}",PNG,2500,2500,"This face shows someone who is tired. The eyes are closed and the mouth is turned down, which means the person needs rest. It’s okay to feel this way — everyone gets tired sometimes.",qwen3-vl-plus,I feel tired and need to rest.,False,False,,"{
    ""en"": ""Tired"",
    ""zh"": ""疲倦"",
    ""yue"": ""好攰"",
    ""ko"": ""피곤함"",
    ""description"": ""This face shows someone who is tired. The eyes are closed and the mouth is turned down, which means the person needs rest. It’s okay to feel this way — everyone gets tired sometimes."",
    ""description_brief"": ""I feel tired and need to rest."",
    ""needs_inspection"": false,
    ""reason"": """"
}"
core_cards/no.png,core,"{""en"":""No"",""zh"":""不"",""yue"":""唔"",""ko"":""아니요""}",PNG,2500,2500,This is a red X on a black background. The X is made of two thick lines crossing each other. It is used to show that something is not allowed or is wrong.,qwen3-vl-plus,This red X means 'No' or 'Not allowed'.,False,False,,"{
    ""en"": ""No"",
    ""zh"": ""不"",
    ""yue"": ""唔"",
    ""ko"": ""아니요"",
    ""description"": ""This is a red X on a black background. The X is made of two thick lines crossing each other. It is used to show that something is not allowed or is wrong."",
    ""description_brief"": ""This red X means 'No' or 'Not allowed'."",
    ""needs_inspection"": false,
    ""reason"": """"
}"
core_cards/sad.png,emotion,"{""en"":""Sad"",""zh"":""伤心"",""yue"":""傷心"",""ko"":""슬픔""}",PNG,2500,2500,This image shows a white face with eyes looking down and a mouth turned downward. It is used to show the feeling of being sad or upset. The simple design helps people understand this emotion without needing words.,qwen3-vl-plus,This face shows someone feels sad.,False,False,,"{
    ""en"": ""Sad"",
    ""zh"": ""伤心"",
    ""yue"": ""傷心"",
    ""ko"": ""슬픔"",
    ""description"": ""This image shows a white face with eyes looking down and a mouth turned downward. It is used to show the feeling of being sad or upset. The simple design helps people understand this emotion without needing words."",
    ""description_brief"": ""This face shows someone feels sad."",
    ""needs_inspection"": false,
    ""reason"": """"
}"
core_cards/surprised.png,emotion,"{""en"":""Surprised"",""zh"":""惊讶"",""yue"":""驚訝"",""ko"":""놀람""}",PNG,2500,2500,"This face shows surprise. The eyes are wide open and the mouth is round like an 'O'. This happens when something unexpected happens, like seeing a big balloon pop.",qwen3-vl-plus,I feel surprised when something unexpected happens.,False,False,,"{
    ""en"": ""Surprised"",
    ""zh"": ""惊讶"",
    ""yue"": ""驚訝"",
    ""ko"": ""놀람"",
    ""description"": ""This face shows surprise. The eyes are wide open and the mouth is round like an 'O'. This happens when something unexpected happens, like seeing a big balloon pop."",
    ""description_brief"": ""I feel surprised when something unexpected happens."",
    ""needs_inspection"": false,
    ""reason"": """"
}"
core_cards/calm.png,emotion,"{""en"":""Calm"",""zh"":""平静"",""yue"":""平靜"",""ko"":""차분함""}",PNG,2500,2500,"This image shows a white face with two black dots for eyes and a straight black line for a mouth. The face looks quiet and not moving, which means the person feels calm. It is simple and clear so it’s easy to understand.",qwen3-vl-plus,This face shows someone feeling calm and relaxed.,False,False,,"{
    ""en"": ""Calm"",
    ""zh"": ""平静"",
    ""yue"": ""平靜"",
    ""ko"": ""차분함"",
    ""description"": ""This image shows a white face with two black dots for eyes and a straight black line for a mouth. The face looks quiet and not moving, which means the person feels calm. It is simple and clear so it’s easy to understand."",
    ""description_brief"": ""This face shows someone feeling calm and relaxed."",
    ""needs_inspection"": false,
    ""reason"": """"
}"
core_cards/bored.png,emotion,"{""en"":""Bored"",""zh"":""无聊"",""yue"":""無聊"",""ko"":""지루함""}",PNG,2500,2500,"This image shows a face with droopy eyes and a downturned mouth, which means the person is feeling bored. The head is resting on a hand, showing they are not interested or have nothing to do. This is a simple way to show someone feels uninterested or tired of waiting.",qwen3-vl-plus,This face looks bored because the eyes are droopy and the mouth is sad.,False,False,,"{
    ""en"": ""Bored"",
    ""zh"": ""无聊"",
    ""yue"": ""無聊"",
    ""ko"": ""지루함"",
    ""description"": ""This image shows a face with droopy eyes and a downturned mouth, which means the person is feeling bored. The head is resting on a hand, showing they are not interested or have nothing to do. This is a simple way to show someone feels uninterested or tired of waiting."",
    ""description_brief"": ""This face looks bored because the eyes are droopy and the mouth is sad."",
    ""needs_inspection"": false,
    ""reason"": """"
}"
core_cards/delighted.png,emotion,"{""en"":""Delighted"",""zh"":""欣喜"",""yue"":""開心"",""ko"":""기쁨""}",PNG,2500,2500,"This image shows a face with big eyes and a wide smile. The person’s hands are on the sides of their head, showing they feel very happy. This is a simple picture to help show strong positive feelings.",qwen3-vl-plus,"A happy face with hands on the head, showing delight.",False,False,,"{
    ""en"": ""Delighted"",
    ""zh"": ""欣喜"",
    ""yue"": ""開心"",
    ""ko"": ""기쁨"",
    ""description"": ""This image shows a face with big eyes and a wide smile. The person’s hands are on the sides of their head, showing they feel very happy. This is a simple picture to help show strong positive feelings."",
    ""description_brief"": ""A happy face with hands on the head, showing delight."",
    ""needs_inspection"": false,
    ""reason"": """"
}"
core_cards/glad.png,emotion,"{""en"":""Glad"",""zh"":""高兴"",""yue"":""開心"",""ko"":""기쁨""}",PNG,2500,2500,"This image shows a white circle with two black dots for eyes and a curved black line for a smile. It is simple and clear, showing a happy face without any extra details. This helps children understand the feeling of being glad or happy in a direct way.",qwen3-vl-plus,A smiling face that means you feel glad or happy.,False,False,,"{
    ""en"": ""Glad"",
    ""zh"": ""高兴"",
    ""yue"": ""開心"",
    ""ko"": ""기쁨"",
    ""description"": ""This image shows a white circle with two black dots for eyes and a curved black line for a smile. It is simple and clear, showing a happy face without any extra details. This helps children understand the feeling of being glad or happy in a direct way."",
    ""description_brief"": ""A smiling face that means you feel glad or happy."",
    ""needs_inspection"": false,
    ""reason"": """"
}"
core_cards/angry.png,emotion,"{""en"":""Angry"",""zh"":""生气"",""yue"":""生氣"",""ko"":""화남""}",PNG,2500,2500,"This image shows a white face with eyebrows slanted down and a mouth turned downward. It is used to show the feeling of being angry or upset. The face does not have other details like hair or ears, so it is easy to understand.",qwen3-vl-plus,This face shows someone is angry.,False,False,,"{
    ""en"": ""Angry"",
    ""zh"": ""生气"",
    ""yue"": ""生氣"",
    ""ko"": ""화남"",
    ""description"": ""This image shows a white face with eyebrows slanted down and a mouth turned downward. It is used to show the feeling of being angry or upset. The face does not have other details like hair or ears, so it is easy to understand."",
    ""description_brief"": ""This face shows someone is angry."",
    ""needs_inspection"": false,
    ""reason"": """"
}"
core_cards/fearful.png,emotion,"{""en"":""Fearful"",""zh"":""害怕的"",""yue"":""驚嚇"",""ko"":""두려운""}",PNG,2500,2500,"This face shows a person who is scared. The eyes are wide open and the mouth is open with teeth showing, which means they feel afraid. This expression helps us understand when someone is feeling unsafe or worried.",qwen3-vl-plus,This face shows someone is feeling scared.,False,False,,"{
    ""en"": ""Fearful"",
    ""zh"": ""害怕的"",
    ""yue"": ""驚嚇"",
    ""ko"": ""두려운"",
    ""description"": ""This face shows a person who is scared. The eyes are wide open and the mouth is open with teeth showing, which means they feel afraid. This expression helps us understand when someone is feeling unsafe or worried."",
    ""description_brief"": ""This face shows someone is feeling scared."",
    ""needs_inspection"": false,
    ""reason"": """"
}"
core_cards/how_are_you.png,core,"{""en"":""How are you?"",""zh"":""你感觉怎么样？"",""yue"":""你感覺點樣？"",""ko"":""기분이 어때요?""}",PNG,2500,2500,"This image shows four white faces on a black background. Each face has a different expression: happy, sad, angry, and scared. These faces help show how someone might feel inside.",qwen3-vl-plus,"Four faces showing happy, sad, angry, and scared feelings.",False,False,,"{
    ""en"": ""How are you?"",
    ""zh"": ""你感觉怎么样？"",
    ""yue"": ""你感覺點樣？"",
    ""ko"": ""기분이 어때요?"",
    ""description"": ""This image shows four white faces on a black background. Each face has a different expression: happy, sad, angry, and scared. These faces help show how someone might feel inside."",
    ""description_brief"": ""Four faces showing happy, sad, angry, and scared feelings."",
    ""needs_inspection"": false,
    ""reason"": """"
}"
core_cards/confused.png,emotion,"{""en"":""Confused"",""zh"":""困惑"",""yue"":""困惑"",""ko"":""혼란스러움""}",PNG,2500,2500,"This face shows a person who is not sure what is happening. The eyebrows are raised and the mouth is curved down, which means they feel unsure or puzzled. It’s okay to feel this way when things are hard to understand.",qwen3-vl-plus,I feel confused because I don’t understand what’s going on.,False,False,,"{
    ""en"": ""Confused"",
    ""zh"": ""困惑"",
    ""yue"": ""困惑"",
    ""ko"": ""혼란스러움"",
    ""description"": ""This face shows a person who is not sure what is happening. The eyebrows are raised and the mouth is curved down, which means they feel unsure or puzzled. It’s okay to feel this way when things are hard to understand."",
    ""description_brief"": ""I feel confused because I don’t understand what’s going on."",
    ""needs_inspection"": false,
    ""reason"": """"
}"
core_cards/shy.png,emotion,"{""en"":""Shy"",""zh"":""害羞"",""yue"":""害羞"",""ko"":""수줍은""}",PNG,2500,2500,"This face shows a shy expression. The eyes are looking slightly down and away, and the cheeks are pink. The mouth is straight, not smiling or frowning.",qwen3-vl-plus,This face looks shy with pink cheeks and eyes looking down.,False,False,,"{
    ""en"": ""Shy"",
    ""zh"": ""害羞"",
    ""yue"": ""害羞"",
    ""ko"": ""수줍은"",
    ""description"": ""This face shows a shy expression. The eyes are looking slightly down and away, and the cheeks are pink. The mouth is straight, not smiling or frowning."",
    ""description_brief"": ""This face looks shy with pink cheeks and eyes looking down."",
    ""needs_inspection"": false,
    ""reason"": """"
}"
extra_cards/activities/climb-4603.jpg,activities,"{""en"":""climb"",""zh"":""爬"",""yue"":""爬"",""ko"":""기어오르다""}",JPEG,402,502,"A person is holding onto a yellow pole with both hands and using their legs to move upward. They are wearing a brown shirt, blue pants, and white shoes. This shows the action of climbing.",qwen3-vl-plus,Someone is climbing up a pole.,False,False,,"{
    ""en"": ""climb"",
    ""zh"": ""爬"",
    ""yue"": ""爬"",
    ""ko"": ""기어오르다"",
    ""description"": ""A person is holding onto a yellow pole with both hands and using their legs to move upward. They are wearing a brown shirt, blue pants, and white shoes. This shows the action of climbing."",
    ""description_brief"": ""Someone is climbing up a pole."",
    ""needs_inspection"": false,
    ""reason"": """"
}"
extra_cards/food/豆腐.jpg,food,"{""en"":""Tofu"",""zh"":""豆腐"",""yue"":""豆腐"",""ko"":""두부""}",JPEG,756,1051,"This is a block of tofu. It is soft and white, made from soybeans. People eat it in many dishes because it is healthy and easy to cook.",qwen3-vl-plus,"A soft white food made from soybeans, called tofu.",False,False,,"{
    ""en"": ""Tofu"",
    ""zh"": ""豆腐"",
    ""yue"": ""豆腐"",
    ""ko"": ""두부"",
    ""description"": ""This is a block of tofu. It is soft and white, made from soybeans. People eat it in many dishes because it is healthy and easy to cook."",
    ""description_brief"": ""A soft white food made from soybeans, called tofu."",
    ""needs_inspection"": false,
    ""reason"": """"
}"
extra_cards/appliances/10-05風扇.jpg,appliances,"{""en"":""Fan"",""zh"":""风扇"",""yue"":""風扇"",""ko"":""선풍기""}",JPEG,756,1051,This is a small electric fan with a round metal guard and blue blades. It sits on a white base with three buttons to control speed. A black cord comes out from the back for plugging into an outlet.,qwen3-vl-plus,A small electric fan that blows air to cool you down.,False,False,,"{
    ""en"": ""Fan"",
    ""zh"": ""风扇"",
    ""yue"": ""風扇"",
    ""ko"": ""선풍기"",
    ""description"": ""This is a small electric fan with a round metal guard and blue blades. It sits on a white base with three buttons to control speed. A black cord comes out from the back for plugging into an outlet."",
    ""description_brief"": ""A small electric fan that blows air to cool you down."",
    ""needs_inspection"": false,
    ""reason"": """"
}"
extra_cards/festivals/14-20桃花.jpg,festivals,"{""en"":""Peach Blossom"",""zh"":""桃花"",""yue"":""桃花"",""ko"":""복숭아꽃""}",JPEG,756,1051,This image shows a tree with pink flowers and green leaves. The trunk is brown and the flowers are clustered on branches. It is a simple drawing meant to help children recognize peach blossoms.,qwen3-vl-plus,A tree with pink flowers called peach blossom.,False,False,,"{
    ""en"": ""Peach Blossom"",
    ""zh"": ""桃花"",
    ""yue"": ""桃花"",
    ""ko"": ""복숭아꽃"",
    ""description"": ""This image shows a tree with pink flowers and green leaves. The trunk is brown and the flowers are clustered on branches. It is a simple drawing meant to help children recognize peach blossoms."",
    ""description_brief"": ""A tree with pink flowers called peach blossom."",
    ""needs_inspection"": false,
    ""reason"": """"
}"
extra_cards/stationery/Ink bottle.jpg,stationery,"{""en"":""Ink bottle"",""zh"":""墨水瓶"",""yue"":""墨水瓶"",""ko"":""잉크 병""}",JPEG,459,1020,This is a small dark blue bottle with a black cap and a pointed top. It has a loop handle on the side for easy holding. The bottle is used to hold ink for writing or drawing.,qwen3-vl-plus,A blue bottle that holds ink for writing.,False,False,,"{
    ""en"": ""Ink bottle"",
    ""zh"": ""墨水瓶"",
    ""yue"": ""墨水瓶"",
    ""ko"": ""잉크 병"",
    ""description"": ""This is a small dark blue bottle with a black cap and a pointed top. It has a loop handle on the side for easy holding. The bottle is used to hold ink for writing or drawing."",
    ""description_brief"": ""A blue bottle that holds ink for writing."",
    ""needs_inspection"": false,
    ""reason"": """"
}"
extra_cards/activities/13a-21聽電話.jpg,activities,"{""en"":""Answering the phone"",""zh"":""接电话"",""yue"":""聽電話"",""ko"":""전화 받기""}",JPEG,756,1051,"A child with black hair and a yellow shirt is holding a pink telephone. The child is smiling and has the phone receiver near their ear, showing they are listening or talking on the phone. The phone has visible number buttons.",qwen3-vl-plus,A child is happily answering a pink telephone.,False,False,,"{
    ""en"": ""Answering the phone"",
    ""zh"": ""接电话"",
    ""yue"": ""聽電話"",
    ""ko"": ""전화 받기"",
    ""description"": ""A child with black hair and a yellow shirt is holding a pink telephone. The child is smiling and has the phone receiver near their ear, showing they are listening or talking on the phone. The phone has visible number buttons."",
    ""description_brief"": ""A child is happily answering a pink telephone."",
    ""needs_inspection"": false,
    ""reason"": """"
}"
extra_cards/stationery/Label maker.jpg,stationery,"{""en"":""Label maker"",""zh"":""标签机"",""yue"":""標籤機"",""ko"":""라벨 기계""}",JPEG,960,555,This is a label maker with a red plastic body and black tape. It has a round dial with letters and numbers to help you choose what to print. The tape comes out in strips so you can stick labels on things.,qwen3-vl-plus,A red label maker that prints words and numbers on black tape.,False,False,,"{
    ""en"": ""Label maker"",
    ""zh"": ""标签机"",
    ""yue"": ""標籤機"",
    ""ko"": ""라벨 기계"",
    ""description"": ""This is a label maker with a red plastic body and black tape. It has a round dial with letters and numbers to help you choose what to print. The tape comes out in strips so you can stick labels on things."",
    ""description_brief"": ""A red label maker that prints words and numbers on black tape."",
    ""needs_inspection"": false,
    ""reason"": """"
}"
extra_cards/activities/close-4706.jpg,activities,"{""en"":""close-4706"",""zh"":""关"",""yue"":""關"",""ko"":""닫기""}",JPEG,402,502,A girl in a yellow dress is standing next to a brown wooden door. She is holding the door handle and pushing the door closed. The word '關' is written below the image to show the action of closing.,qwen3-vl-plus,The girl is closing the door.,False,False,,"{
    ""en"": ""close-4706"",
    ""zh"": ""关"",
    ""yue"": ""關"",
    ""ko"": ""닫기"",
    ""description"": ""A girl in a yellow dress is standing next to a brown wooden door. She is holding the door handle and pushing the door closed. The word '關' is written below the image to show the action of closing."",
    ""description_brief"": ""The girl is closing the door."",
    ""needs_inspection"": false,
    ""reason"": """"
}"
extra_cards/appliances/10-06冷氣機.jpg,appliances,"{""en"":""Air conditioner"",""zh"":""空调"",""yue"":""冷氣機"",""ko"":""에어컨""}",JPEG,756,1051,This is a drawing of an air conditioner. It has vents on the front to blow cool air into the room. A cord comes out from the side to connect to electricity.,qwen3-vl-plus,This is an air conditioner that cools the room.,False,False,,"{
    ""en"": ""Air conditioner"",
    ""zh"": ""空调"",
    ""yue"": ""冷氣機"",
    ""ko"": ""에어컨"",
    ""description"": ""This is a drawing of an air conditioner. It has vents on the front to blow cool air into the room. A cord comes out from the side to connect to electricity."",
    ""description_brief"": ""This is an air conditioner that cools the room."",
    ""needs_inspection"": false,
    ""reason"": """"
}"
extra_cards/supplies/2-09毛巾.jpg,supplies,"{""en"":""Towel"",""zh"":""毛巾"",""yue"":""毛巾"",""ko"":""수건""}",JPEG,756,1051,This is a blue towel with stitched edges. It is soft and used for drying hands or face after washing. The towel is shown flat on a white background with a red stripe at the top.,qwen3-vl-plus,A blue towel for drying off after washing.,False,False,,"{
    ""en"": ""Towel"",
    ""zh"": ""毛巾"",
    ""yue"": ""毛巾"",
    ""ko"": ""수건"",
    ""description"": ""This is a blue towel with stitched edges. It is soft and used for drying hands or face after washing. The towel is shown flat on a white background with a red stripe at the top."",
    ""description_brief"": ""A blue towel for drying off after washing."",
    ""needs_inspection"": false,
    ""reason"": """"
}"
extra_cards/rituals/休息一下.jpg,rituals,"{""en"":""Take a break"",""zh"":""休息一下"",""yue"":""休息一陣"",""ko"":""쉬는 시간""}",JPEG,300,300,"This image shows a person lying down with their head on their arms, eyes closed, and looking calm. It means it is time to stop what you are doing and rest for a little while. This helps your body and mind feel better.",qwen3-vl-plus,It’s time to take a break and rest.,False,False,,"{
    ""en"": ""Take a break"",
    ""zh"": ""休息一下"",
    ""yue"": ""休息一陣"",
    ""ko"": ""쉬는 시간"",
    ""description"": ""This image shows a person lying down with their head on their arms, eyes closed, and looking calm. It means it is time to stop what you are doing and rest for a little while. This helps your body and mind feel better."",
    ""description_brief"": ""It’s time to take a break and rest."",
    ""needs_inspection"": false,
    ""reason"": """"
}"
extra_cards/activities/13c-12打籃球.jpg,activities,"{""en"":""Playing basketball"",""zh"":""打篮球"",""yue"":""打籃球"",""ko"":""농구하기""}",JPEG,756,1051,The image shows a child wearing a yellow shirt and green shorts bouncing an orange basketball. The child is smiling and standing in a ready position to play. This activity involves moving the ball with hands and feet while staying active.,qwen3-vl-plus,A child is playing basketball by bouncing the ball.,False,False,,"{
    ""en"": ""Playing basketball"",
    ""zh"": ""打篮球"",
    ""yue"": ""打籃球"",
    ""ko"": ""농구하기"",
    ""description"": ""The image shows a child wearing a yellow shirt and green shorts bouncing an orange basketball. The child is smiling and standing in a ready position to play. This activity involves moving the ball with hands and feet while staying active."",
    ""description_brief"": ""A child is playing basketball by bouncing the ball."",
    ""needs_inspection"": false,
    ""reason"": """"
}"
extra_cards/food/車厘子.jpg,food,"{""en"":""Cherry"",""zh"":""樱桃"",""yue"":""車厘子"",""ko"":""체리""}",JPEG,756,1051,"This image shows two red cherries attached to green stems with leaves. The cherries are round and bright red, which makes them easy to recognize. They are drawn in a simple, clear style that helps children understand what they are looking at.",qwen3-vl-plus,Two red cherries with green leaves on top.,False,False,,"{
    ""en"": ""Cherry"",
    ""zh"": ""樱桃"",
    ""yue"": ""車厘子"",
    ""ko"": ""체리"",
    ""description"": ""This image shows two red cherries attached to green stems with leaves. The cherries are round and bright red, which makes them easy to recognize. They are drawn in a simple, clear style that helps children understand what they are looking at."",
    ""description_brief"": ""Two red cherries with green leaves on top."",
    ""needs_inspection"": false,
    ""reason"": """"
}"
extra_cards/supplies/2-08叉.jpg,supplies,"{""en"":""Fork"",""zh"":""叉子"",""yue"":""叉"",""ko"":""포크""}",JPEG,756,1051,This is a light blue plastic fork with four tines. It has a smooth handle and is drawn in a simple style. The word '叉' is written below it to help identify the object.,qwen3-vl-plus,A blue plastic fork for eating food.,False,False,,"{
    ""en"": ""Fork"",
    ""zh"": ""叉子"",
    ""yue"": ""叉"",
    ""ko"": ""포크"",
    ""description"": ""This is a light blue plastic fork with four tines. It has a smooth handle and is drawn in a simple style. The word '叉' is written below it to help identify the object."",
    ""description_brief"": ""A blue plastic fork for eating food."",
    ""needs_inspection"": false,
    ""reason"": """"
}"
extra_cards/festivals/14-19桔.jpg,festivals,"{""en"":""Kumquat plant"",""zh"":""金桔盆栽"",""yue"":""金桔盆栽"",""ko"":""금귤 화분""}",JPEG,756,1051,This is a potted kumquat plant with many small yellow fruits and green leaves. The pot is brown with a red flower design on it. It is often used during festivals for good luck.,qwen3-vl-plus,"A potted kumquat plant with yellow fruits, used in festivals.",False,False,,"{
    ""en"": ""Kumquat plant"",
    ""zh"": ""金桔盆栽"",
    ""yue"": ""金桔盆栽"",
    ""ko"": ""금귤 화분"",
    ""description"": ""This is a potted kumquat plant with many small yellow fruits and green leaves. The pot is brown with a red flower design on it. It is often used during festivals for good luck."",
    ""description_brief"": ""A potted kumquat plant with yellow fruits, used in festivals."",
    ""needs_inspection"": false,
    ""reason"": """"
}"
extra_cards/activities/13d-06校車.jpg,activities,"{""en"":""Riding the school bus"",""zh"":""坐校车"",""yue"":""搭校車"",""ko"":""학교 버스 타기""}",JPEG,756,1051,"This image shows a yellow and white school bus with children getting on. A driver is sitting in the front, smiling. The children are wearing backpacks and school uniforms, and one child is waving hello.",qwen3-vl-plus,Children are getting on a school bus to go to school.,False,False,,"{
    ""en"": ""Riding the school bus"",
    ""zh"": ""坐校车"",
    ""yue"": ""搭校車"",
    ""ko"": ""학교 버스 타기"",
    ""description"": ""This image shows a yellow and white school bus with children getting on. A driver is sitting in the front, smiling. The children are wearing backpacks and school uniforms, and one child is waving hello."",
    ""description_brief"": ""Children are getting on a school bus to go to school."",
    ""needs_inspection"": false,
    ""reason"": """"
}"
extra_cards/rituals/停.jpg,rituals,"{""en"":""Stop"",""zh"":""停"",""yue"":""停"",""ko"":""정지""}",JPEG,300,300,"This image shows a stop sign with the Chinese character '停' inside an octagon. The word means to stop or pause, and it is used to tell people to halt their actions. It is simple and clear, making it easy to understand for children.",qwen3-vl-plus,This card means 'stop' and helps you know when to pause or halt.,False,False,,"{
    ""en"": ""Stop"",
    ""zh"": ""停"",
    ""yue"": ""停"",
    ""ko"": ""정지"",
    ""description"": ""This image shows a stop sign with the Chinese character '停' inside an octagon. The word means to stop or pause, and it is used to tell people to halt their actions. It is simple and clear, making it easy to understand for children."",
    ""description_brief"": ""This card means 'stop' and helps you know when to pause or halt."",
    ""needs_inspection"": false,
    ""reason"": """"
}"
extra_cards/activities/13a-22談話.jpg,activities,"{""en"":""Talking"",""zh"":""谈话"",""yue"":""傾偈"",""ko"":""대화""}",JPEG,756,1051,"This image shows two children talking to each other. The girl in pink is pointing her finger up while smiling, and the boy in green is looking at her with a happy face. They are standing close together, showing they are having a friendly conversation.",qwen3-vl-plus,Two children are talking and smiling together.,False,False,,"{
    ""en"": ""Talking"",
    ""zh"": ""谈话"",
    ""yue"": ""傾偈"",
    ""ko"": ""대화"",
    ""description"": ""This image shows two children talking to each other. The girl in pink is pointing her finger up while smiling, and the boy in green is looking at her with a happy face. They are standing close together, showing they are having a friendly conversation."",
    ""description_brief"": ""Two children are talking and smiling together."",
    ""needs_inspection"": false,
    ""reason"": """"
}"
extra_cards/supplies/2-10梳.jpg,supplies,"{""en"":""Comb"",""zh"":""梳子"",""yue"":""梳"",""ko"":""빗""}",JPEG,756,1051,This is a comb. It has a handle and many thin teeth. People use it to brush their hair and keep it neat.,qwen3-vl-plus,A comb for brushing hair.,False,False,,"{
    ""en"": ""Comb"",
    ""zh"": ""梳子"",
    ""yue"": ""梳"",
    ""ko"": ""빗"",
    ""description"": ""This is a comb. It has a handle and many thin teeth. People use it to brush their hair and keep it neat."",
    ""description_brief"": ""A comb for brushing hair."",
    ""needs_inspection"": false,
    ""reason"": """"
}"
extra_cards/appliances/10-07洗衣機.jpg,appliances,"{""en"":""Washing machine"",""zh"":""洗衣机"",""yue"":""洗衣機"",""ko"":""세탁기""}",JPEG,756,1051,This is a washing machine. It has a round glass door on the front and buttons on top to control it. People use it to clean clothes with water and soap.,qwen3-vl-plus,A machine that washes clothes.,False,False,,"{
    ""en"": ""Washing machine"",
    ""zh"": ""洗衣机"",
    ""yue"": ""洗衣機"",
    ""ko"": ""세탁기"",
    ""description"": ""This is a washing machine. It has a round glass door on the front and buttons on top to control it. People use it to clean clothes with water and soap."",
    ""description_brief"": ""A machine that washes clothes."",
    ""needs_inspection"": false,
    ""reason"": """"
}"
extra_cards/activities/13a-01企.jpg,activities,"{""en"":""Stand"",""zh"":""站"",""yue"":""企"",""ko"":""서 있다""}",JPEG,756,1051,"The image shows a child standing still with both feet on the ground. The child is wearing an orange shirt, yellow shorts, white socks, and black shoes. This posture means staying upright without moving.",qwen3-vl-plus,A child standing still with feet flat on the ground.,False,False,,"{
    ""en"": ""Stand"",
    ""zh"": ""站"",
    ""yue"": ""企"",
    ""ko"": ""서 있다"",
    ""description"": ""The image shows a child standing still with both feet on the ground. The child is wearing an orange shirt, yellow shorts, white socks, and black shoes. This posture means staying upright without moving."",
    ""description_brief"": ""A child standing still with feet flat on the ground."",
    ""needs_inspection"": false,
    ""reason"": """"
}"
extra_cards/appliances/10-08雪櫃.jpg,appliances,"{""en"":""Refrigerator"",""zh"":""冰箱"",""yue"":""雪櫃"",""ko"":""냉장고""}",JPEG,756,1051,"This is a refrigerator. It has two doors, one on top and one on the bottom. People use it to keep food cold and fresh.",qwen3-vl-plus,A refrigerator keeps food cold.,False,False,,"{
    ""en"": ""Refrigerator"",
    ""zh"": ""冰箱"",
    ""yue"": ""雪櫃"",
    ""ko"": ""냉장고"",
    ""description"": ""This is a refrigerator. It has two doors, one on top and one on the bottom. People use it to keep food cold and fresh."",
    ""description_brief"": ""A refrigerator keeps food cold."",
    ""needs_inspection"": false,
    ""reason"": """"
}"
extra_cards/stationery/Letter opener.jpg,stationery,"{""en"":""Letter opener"",""zh"":""拆信刀"",""yue"":""拆信刀"",""ko"":""편지 봉투 열기 도구""}",JPEG,720,382,This is a letter opener. It has a shiny gold blade and a handle with blue and green decorations. It is used to carefully open envelopes without tearing the paper inside.,qwen3-vl-plus,A tool to open envelopes safely.,False,False,,"{
    ""en"": ""Letter opener"",
    ""zh"": ""拆信刀"",
    ""yue"": ""拆信刀"",
    ""ko"": ""편지 봉투 열기 도구"",
    ""description"": ""This is a letter opener. It has a shiny gold blade and a handle with blue and green decorations. It is used to carefully open envelopes without tearing the paper inside."",
    ""description_brief"": ""A tool to open envelopes safely."",
    ""needs_inspection"": false,
    ""reason"": """"
}"
extra_cards/supplies/2-11牙刷.jpg,supplies,"{""en"":""Toothbrush"",""zh"":""牙刷"",""yue"":""牙刷"",""ko"":""칫솔""}",JPEG,756,1051,This is a toothbrush. It has a blue handle and white bristles. People use it to clean their teeth every day.,qwen3-vl-plus,A blue toothbrush for cleaning teeth.,False,False,,"{
    ""en"": ""Toothbrush"",
    ""zh"": ""牙刷"",
    ""yue"": ""牙刷"",
    ""ko"": ""칫솔"",
    ""description"": ""This is a toothbrush. It has a blue handle and white bristles. People use it to clean their teeth every day."",
    ""description_brief"": ""A blue toothbrush for cleaning teeth."",
    ""needs_inspection"": false,
    ""reason"": """"
}"
extra_cards/activities/computerlab-1.jpg,activities,"{""en"":""computerlab-1"",""zh"":""电脑室-1"",""yue"":""電腦室-1"",""ko"":""컴퓨터실-1""}",JPEG,531,172,This image shows three yellow computers with blue screens. Each computer has a black cord and sits on a purple base. The computers are arranged in a small group on the left side of the picture.,qwen3-vl-plus,Three computers in a row for using in the computer lab.,False,False,,"{
    ""en"": ""computerlab-1"",
    ""zh"": ""电脑室-1"",
    ""yue"": ""電腦室-1"",
    ""ko"": ""컴퓨터실-1"",
    ""description"": ""This image shows three yellow computers with blue screens. Each computer has a black cord and sits on a purple base. The computers are arranged in a small group on the left side of the picture."",
    ""description_brief"": ""Three computers in a row for using in the computer lab."",
    ""needs_inspection"": false,
    ""reason"": """"
}"
extra_cards/activities/13d-13暑假.jpg,activities,"{""en"":""Summer Vacation"",""zh"":""暑假"",""yue"":""暑假"",""ko"":""여름 방학""}",JPEG,756,1051,"This image shows two activities during summer vacation. On the left, a child is sitting and watching cartoons on TV. On the right, a child is wearing swim goggles and holding a float ring, ready to swim. Both scenes are happy and safe for children.",qwen3-vl-plus,A child enjoys summer vacation by watching TV and swimming with a float ring.,False,False,,"{
    ""en"": ""Summer Vacation"",
    ""zh"": ""暑假"",
    ""yue"": ""暑假"",
    ""ko"": ""여름 방학"",
    ""description"": ""This image shows two activities during summer vacation. On the left, a child is sitting and watching cartoons on TV. On the right, a child is wearing swim goggles and holding a float ring, ready to swim. Both scenes are happy and safe for children."",
    ""description_brief"": ""A child enjoys summer vacation by watching TV and swimming with a float ring."",
    ""needs_inspection"": false,
    ""reason"": """"
}"
extra_cards/food/通心粉.jpg,food,"{""en"":""Macaroni"",""zh"":""通心粉"",""yue"":""通心粉"",""ko"":""마카로니""}",JPEG,756,1051,"This image shows a red bowl filled with yellow macaroni pasta. The pasta pieces are curved and look soft, like they are cooked. The bowl is simple and has no patterns or decorations.",qwen3-vl-plus,A red bowl of yellow macaroni pasta.,False,False,,"{
    ""en"": ""Macaroni"",
    ""zh"": ""通心粉"",
    ""yue"": ""通心粉"",
    ""ko"": ""마카로니"",
    ""description"": ""This image shows a red bowl filled with yellow macaroni pasta. The pasta pieces are curved and look soft, like they are cooked. The bowl is simple and has no patterns or decorations."",
    ""description_brief"": ""A red bowl of yellow macaroni pasta."",
    ""needs_inspection"": false,
    ""reason"": """"
}"
extra_cards/rituals/坐好.jpg,rituals,"{""en"":""Sit Properly"",""zh"":""坐好"",""yue"":""坐好"",""ko"":""바르게 앉기""}",JPEG,300,300,"Two people are sitting at a round table on chairs. They are facing each other with their hands resting on the table. The text above says '坐好', which means to sit properly or stay seated.",qwen3-vl-plus,"Two people sitting at a table, showing how to sit properly.",False,False,,"{
    ""en"": ""Sit Properly"",
    ""zh"": ""坐好"",
    ""yue"": ""坐好"",
    ""ko"": ""바르게 앉기"",
    ""description"": ""Two people are sitting at a round table on chairs. They are facing each other with their hands resting on the table. The text above says '坐好', which means to sit properly or stay seated."",
    ""description_brief"": ""Two people sitting at a table, showing how to sit properly."",
    ""needs_inspection"": false,
    ""reason"": """"
}"
extra_cards/activities/13d-10聖誕慶祝會.jpg,activities,"{""en"":""Christmas Party"",""zh"":""圣诞庆祝会"",""yue"":""聖誕慶祝會"",""ko"":""크리스마스 파티""}",JPEG,756,1051,"This image shows children at a Christmas party. They are wearing Santa hats and crowns, eating food like turkey, drinking juice, and opening presents. A decorated Christmas tree is in the background with colorful lights and garlands.",qwen3-vl-plus,"Children are celebrating Christmas with food, gifts, and a tree.",False,False,,"{
    ""en"": ""Christmas Party"",
    ""zh"": ""圣诞庆祝会"",
    ""yue"": ""聖誕慶祝會"",
    ""ko"": ""크리스마스 파티"",
    ""description"": ""This image shows children at a Christmas party. They are wearing Santa hats and crowns, eating food like turkey, drinking juice, and opening presents. A decorated Christmas tree is in the background with colorful lights and garlands."",
    ""description_brief"": ""Children are celebrating Christmas with food, gifts, and a tree."",
    ""needs_inspection"": false,
    ""reason"": """"
}"
extra_cards/festivals/14-21財神.jpg,festivals,"{""en"":""Wealth God"",""zh"":""财神"",""yue"":""財神"",""ko"":""재신""}",JPEG,756,1051,"This is a picture of the Wealth God, a character from Chinese culture who brings good luck and money. He is wearing a red and green robe with a black hat that has two yellow ends. He is holding a red scroll with Chinese characters that say 'Congratulations on getting rich'.",qwen3-vl-plus,The Wealth God holds a red scroll and wears a colorful robe to bring good fortune.,False,False,,"{
    ""en"": ""Wealth God"",
    ""zh"": ""财神"",
    ""yue"": ""財神"",
    ""ko"": ""재신"",
    ""description"": ""This is a picture of the Wealth God, a character from Chinese culture who brings good luck and money. He is wearing a red and green robe with a black hat that has two yellow ends. He is holding a red scroll with Chinese characters that say 'Congratulations on getting rich'."",
    ""description_brief"": ""The Wealth God holds a red scroll and wears a colorful robe to bring good fortune."",
    ""needs_inspection"": false,
    ""reason"": """"
}"
extra_cards/festivals/14-22舞獅.jpg,festivals,"{""en"":""Lion Dance"",""zh"":""舞狮"",""yue"":""舞獅"",""ko"":""사자춤""}",JPEG,756,1051,"This image shows a happy child holding a fan, standing in front of a colorful lion costume. The lion is red and white with big eyes and a fluffy mane. This is part of a traditional festival performance where people dance in lion costumes to celebrate.",qwen3-vl-plus,A child smiles near a dancing lion costume during a festival.,False,False,,"{
    ""en"": ""Lion Dance"",
    ""zh"": ""舞狮"",
    ""yue"": ""舞獅"",
    ""ko"": ""사자춤"",
    ""description"": ""This image shows a happy child holding a fan, standing in front of a colorful lion costume. The lion is red and white with big eyes and a fluffy mane. This is part of a traditional festival performance where people dance in lion costumes to celebrate."",
    ""description_brief"": ""A child smiles near a dancing lion costume during a festival."",
    ""needs_inspection"": false,
    ""reason"": """"
}"
extra_cards/food/雞翼.jpg,food,"{""en"":""Chicken wings"",""zh"":""鸡翅"",""yue"":""雞翼"",""ko"":""닭 날개""}",JPEG,756,1051,This image shows three pieces of cooked chicken wings. They are golden brown and have small dark spots on the skin. The wings are drawn in a simple style with clear outlines to make them easy to recognize.,qwen3-vl-plus,"These are chicken wings, a type of food that is crispy and tasty.",False,False,,"{
    ""en"": ""Chicken wings"",
    ""zh"": ""鸡翅"",
    ""yue"": ""雞翼"",
    ""ko"": ""닭 날개"",
    ""description"": ""This image shows three pieces of cooked chicken wings. They are golden brown and have small dark spots on the skin. The wings are drawn in a simple style with clear outlines to make them easy to recognize."",
    ""description_brief"": ""These are chicken wings, a type of food that is crispy and tasty."",
    ""needs_inspection"": false,
    ""reason"": """"
}"
extra_cards/activities/computer.jpg,activities,"{""en"":""computer"",""zh"":""电脑"",""yue"":""電腦"",""ko"":""컴퓨터""}",JPEG,596,596,"This image shows a desktop computer with a monitor, keyboard, two speakers, and a tower unit. The tower has a CD tray open with a colorful disc inside. Everything is arranged neatly on a white background to help you see each part clearly.",qwen3-vl-plus,"A desktop computer with screen, keyboard, speakers, and tower.",False,False,,"{
    ""en"": ""computer"",
    ""zh"": ""电脑"",
    ""yue"": ""電腦"",
    ""ko"": ""컴퓨터"",
    ""description"": ""This image shows a desktop computer with a monitor, keyboard, two speakers, and a tower unit. The tower has a CD tray open with a colorful disc inside. Everything is arranged neatly on a white background to help you see each part clearly."",
    ""description_brief"": ""A desktop computer with screen, keyboard, speakers, and tower."",
    ""needs_inspection"": false,
    ""reason"": """"
}"
extra_cards/stationery/Lever arch binder.jpg,stationery,"{""en"":""Lever arch binder"",""zh"":""杠杆式活页夹"",""yue"":""槓桿式活頁夾"",""ko"":""레버 아치 바인더""}",JPEG,720,485,This is a blue lever arch binder. It opens flat and has metal clips inside to hold papers securely. The clips can be pressed down to add or remove pages easily.,qwen3-vl-plus,A blue folder with metal clips to hold papers.,False,False,,"{
    ""en"": ""Lever arch binder"",
    ""zh"": ""杠杆式活页夹"",
    ""yue"": ""槓桿式活頁夾"",
    ""ko"": ""레버 아치 바인더"",
    ""description"": ""This is a blue lever arch binder. It opens flat and has metal clips inside to hold papers securely. The clips can be pressed down to add or remove pages easily."",
    ""description_brief"": ""A blue folder with metal clips to hold papers."",
    ""needs_inspection"": false,
    ""reason"": """"
}"
extra_cards/rituals/发脾气.jpg,rituals,"{""en"":""Throwing a tantrum"",""zh"":""发脾气"",""yue"":""發脾氣"",""ko"":""화내기""}",JPEG,300,300,"This image shows a child lying on the floor with fists clenched and legs kicking. The lines around the body show strong movement, which means the child is upset or angry. This is a common way some children express big feelings when they are frustrated.",qwen3-vl-plus,A child is throwing a tantrum because they are upset.,False,False,,"{
    ""en"": ""Throwing a tantrum"",
    ""zh"": ""发脾气"",
    ""yue"": ""發脾氣"",
    ""ko"": ""화내기"",
    ""description"": ""This image shows a child lying on the floor with fists clenched and legs kicking. The lines around the body show strong movement, which means the child is upset or angry. This is a common way some children express big feelings when they are frustrated."",
    ""description_brief"": ""A child is throwing a tantrum because they are upset."",
    ""needs_inspection"": false,
    ""reason"": """"
}"
extra_cards/activities/activities.jpg,activities,"{""en"":""Activities"",""zh"":""活动"",""yue"":""活動"",""ko"":""활동""}",JPEG,596,596,"This image shows different toys and tools for play. There are building blocks, colored pencils, a puzzle with a flower, and three dolls. These items help children learn and have fun through hands-on play.",qwen3-vl-plus,Toys and tools for playing and learning together.,False,False,,"{
    ""en"": ""Activities"",
    ""zh"": ""活动"",
    ""yue"": ""活動"",
    ""ko"": ""활동"",
    ""description"": ""This image shows different toys and tools for play. There are building blocks, colored pencils, a puzzle with a flower, and three dolls. These items help children learn and have fun through hands-on play."",
    ""description_brief"": ""Toys and tools for playing and learning together."",
    ""needs_inspection"": false,
    ""reason"": """"
}"
extra_cards/activities/computers.jpg,activities,"{""en"":""Computer Time"",""zh"":""电脑时间"",""yue"":""電腦時間"",""ko"":""컴퓨터 시간""}",JPEG,596,596,"This image shows a desktop computer with a monitor, keyboard, two speakers, and a tower with a CD inside. The screen is off, and the computer is ready to be used. This is a picture of equipment for doing activities on a computer.",qwen3-vl-plus,"It’s time to use the computer with the monitor, keyboard, and speakers.",False,False,,"{
    ""en"": ""Computer Time"",
    ""zh"": ""电脑时间"",
    ""yue"": ""電腦時間"",
    ""ko"": ""컴퓨터 시간"",
    ""description"": ""This image shows a desktop computer with a monitor, keyboard, two speakers, and a tower with a CD inside. The screen is off, and the computer is ready to be used. This is a picture of equipment for doing activities on a computer."",
    ""description_brief"": ""It’s time to use the computer with the monitor, keyboard, and speakers."",
    ""needs_inspection"": false,
    ""reason"": """"
}"
extra_cards/food/雞脾.jpg,food,"{""en"":""Chicken thigh"",""zh"":""鸡腿"",""yue"":""雞髀"",""ko"":""닭다리""}",JPEG,756,1051,"This is a cooked chicken thigh. It is golden brown and looks crispy on the outside. The bone is visible at the end, which makes it easy to hold while eating.",qwen3-vl-plus,A tasty cooked chicken thigh with a bone for holding.,False,False,,"{
    ""en"": ""Chicken thigh"",
    ""zh"": ""鸡腿"",
    ""yue"": ""雞髀"",
    ""ko"": ""닭다리"",
    ""description"": ""This is a cooked chicken thigh. It is golden brown and looks crispy on the outside. The bone is visible at the end, which makes it easy to hold while eating."",
    ""description_brief"": ""A tasty cooked chicken thigh with a bone for holding."",
    ""needs_inspection"": false,
    ""reason"": """"
}"
extra_cards/stationery/Lever arch binder2.jpg,stationery,"{""en"":""Lever arch binder"",""zh"":""杠杆式活页夹"",""yue"":""槓桿式活頁夾"",""ko"":""레버 아치 바인더""}",JPEG,640,600,"This is a blue lever arch binder. It has two metal rings on the left side to hold papers inside. The cover is smooth and sturdy, making it easy to carry and organize documents.",qwen3-vl-plus,A blue folder with metal rings to hold papers.,False,False,,"{
    ""en"": ""Lever arch binder"",
    ""zh"": ""杠杆式活页夹"",
    ""yue"": ""槓桿式活頁夾"",
    ""ko"": ""레버 아치 바인더"",
    ""description"": ""This is a blue lever arch binder. It has two metal rings on the left side to hold papers inside. The cover is smooth and sturdy, making it easy to carry and organize documents."",
    ""description_brief"": ""A blue folder with metal rings to hold papers."",
    ""needs_inspection"": false,
    ""reason"": """"
}"
extra_cards/supplies/2-12牙膏.jpg,supplies,"{""en"":""Toothpaste"",""zh"":""牙膏"",""yue"":""牙膏"",""ko"":""치약""}",JPEG,756,1051,This is a tube of toothpaste. It has a red label with white letters that say 'Colgate'. The tube is squeezed at the bottom and has a gray cap on top.,qwen3-vl-plus,A red-labeled Colgate toothpaste tube for brushing teeth.,False,False,,"{
    ""en"": ""Toothpaste"",
    ""zh"": ""牙膏"",
    ""yue"": ""牙膏"",
    ""ko"": ""치약"",
    ""description"": ""This is a tube of toothpaste. It has a red label with white letters that say 'Colgate'. The tube is squeezed at the bottom and has a gray cap on top."",
    ""description_brief"": ""A red-labeled Colgate toothpaste tube for brushing teeth."",
    ""needs_inspection"": false,
    ""reason"": """"
}"
extra_cards/festivals/14-23爆竹.jpg,festivals,"{""en"":""Firecrackers"",""zh"":""爆竹"",""yue"":""爆竹"",""ko"":""폭죽""}",JPEG,756,1051,"This image shows a string of red firecrackers tied together with yellow string. At the top, there is a red hexagon with the Chinese character '春' (spring) in gold. Firecrackers are often used during festivals to make loud noises and celebrate.",qwen3-vl-plus,"Red firecrackers with a spring symbol, used for festival celebrations.",False,False,,"{
    ""en"": ""Firecrackers"",
    ""zh"": ""爆竹"",
    ""yue"": ""爆竹"",
    ""ko"": ""폭죽"",
    ""description"": ""This image shows a string of red firecrackers tied together with yellow string. At the top, there is a red hexagon with the Chinese character '春' (spring) in gold. Firecrackers are often used during festivals to make loud noises and celebrate."",
    ""description_brief"": ""Red firecrackers with a spring symbol, used for festival celebrations."",
    ""needs_inspection"": false,
    ""reason"": """"
}"
extra_cards/rituals/安静.jpg,rituals,"{""en"":""Quiet"",""zh"":""安静"",""yue"":""安靜"",""ko"":""조용히""}",JPEG,300,300,This image shows a person holding one finger up to their lips. This is a common gesture that means 'be quiet' or 'stay silent'. It helps remind people to lower their voice or not make noise.,qwen3-vl-plus,Use this card to ask someone to be quiet by showing the finger-to-lips gesture.,False,False,,"{
    ""en"": ""Quiet"",
    ""zh"": ""安静"",
    ""yue"": ""安靜"",
    ""ko"": ""조용히"",
    ""description"": ""This image shows a person holding one finger up to their lips. This is a common gesture that means 'be quiet' or 'stay silent'. It helps remind people to lower their voice or not make noise."",
    ""description_brief"": ""Use this card to ask someone to be quiet by showing the finger-to-lips gesture."",
    ""needs_inspection"": false,
    ""reason"": """"
}"
extra_cards/activities/art-1.jpg,activities,"{""en"":""art-1"",""zh"":""艺术-1"",""yue"":""藝術-1"",""ko"":""예술-1""}",JPEG,530,170,"This image shows a brown artist’s palette with dabs of colorful paint: blue, red, yellow, green, and white. A small paintbrush is resting on the palette. This is used for mixing and applying paint during art activities.",qwen3-vl-plus,A paint palette with colors and a brush for making art.,False,False,,"{
    ""en"": ""art-1"",
    ""zh"": ""艺术-1"",
    ""yue"": ""藝術-1"",
    ""ko"": ""예술-1"",
    ""description"": ""This image shows a brown artist’s palette with dabs of colorful paint: blue, red, yellow, green, and white. A small paintbrush is resting on the palette. This is used for mixing and applying paint during art activities."",
    ""description_brief"": ""A paint palette with colors and a brush for making art."",
    ""needs_inspection"": false,
    ""reason"": """"
}"
extra_cards/food/雞蛋.jpg,food,"{""en"":""Eggs"",""zh"":""鸡蛋"",""yue"":""雞蛋"",""ko"":""계란""}",JPEG,756,1051,This image shows two cooked eggs on a red plate and two whole raw eggs below. The cooked eggs have yellow yolks and white parts around them. The raw eggs are oval-shaped with light brown shells.,qwen3-vl-plus,Two cooked eggs on a plate and two raw eggs beside them.,False,False,,"{
    ""en"": ""Eggs"",
    ""zh"": ""鸡蛋"",
    ""yue"": ""雞蛋"",
    ""ko"": ""계란"",
    ""description"": ""This image shows two cooked eggs on a red plate and two whole raw eggs below. The cooked eggs have yellow yolks and white parts around them. The raw eggs are oval-shaped with light brown shells."",
    ""description_brief"": ""Two cooked eggs on a plate and two raw eggs beside them."",
    ""needs_inspection"": false,
    ""reason"": """"
}"
extra_cards/activities/conference-1.jpg,activities,"{""en"":""conference-1"",""zh"":""会议-1"",""yue"":""會議-1"",""ko"":""회의-1""}",JPEG,530,170,Two people are sitting at a table. One person is writing on paper with a pen. The other person is looking at the paper. There is a closed book on the table.,qwen3-vl-plus,Two people are working together at a table with papers and a book.,False,False,,"{
    ""en"": ""conference-1"",
    ""zh"": ""会议-1"",
    ""yue"": ""會議-1"",
    ""ko"": ""회의-1"",
    ""description"": ""Two people are sitting at a table. One person is writing on paper with a pen. The other person is looking at the paper. There is a closed book on the table."",
    ""description_brief"": ""Two people are working together at a table with papers and a book."",
    ""needs_inspection"": false,
    ""reason"": """"
}"
extra_cards/stationery/Lever arch binder3.jpg,stationery,"{""en"":""Lever arch binder"",""zh"":""杠杆式活页夹"",""yue"":""槓桿式活頁夾"",""ko"":""레버 아치 바인더""}",JPEG,602,720,This is a blue lever arch binder. It has two metal rings inside to hold papers and a label pocket on the spine for writing what’s inside. The front cover opens like a door to put papers in or take them out.,qwen3-vl-plus,A blue folder with metal rings to hold papers safely.,False,False,,"{
    ""en"": ""Lever arch binder"",
    ""zh"": ""杠杆式活页夹"",
    ""yue"": ""槓桿式活頁夾"",
    ""ko"": ""레버 아치 바인더"",
    ""description"": ""This is a blue lever arch binder. It has two metal rings inside to hold papers and a label pocket on the spine for writing what’s inside. The front cover opens like a door to put papers in or take them out."",
    ""description_brief"": ""A blue folder with metal rings to hold papers safely."",
    ""needs_inspection"": false,
    ""reason"": """"
}"
extra_cards/festivals/14-24煙花.jpg,festivals,"{""en"":""Fireworks"",""zh"":""烟花"",""yue"":""煙花"",""ko"":""불꽃놀이""}",JPEG,756,1051,"This image shows bright, colorful fireworks exploding in the night sky. The fireworks are yellow and red, with streaks of light spreading outward. Below, there is a dark area that looks like water or land, reflecting some of the light.",qwen3-vl-plus,Colorful fireworks lighting up the night sky.,False,False,,"{
    ""en"": ""Fireworks"",
    ""zh"": ""烟花"",
    ""yue"": ""煙花"",
    ""ko"": ""불꽃놀이"",
    ""description"": ""This image shows bright, colorful fireworks exploding in the night sky. The fireworks are yellow and red, with streaks of light spreading outward. Below, there is a dark area that looks like water or land, reflecting some of the light."",
    ""description_brief"": ""Colorful fireworks lighting up the night sky."",
    ""needs_inspection"": false,
    ""reason"": """"
}"
extra_cards/activities/cook-4604.jpg,activities,"{""en"":""cook-4604"",""zh"":""煮"",""yue"":""煮"",""ko"":""요리하기""}",JPEG,402,502,A woman in a red dress is cooking food in a pan. She is using a spoon to stir the food. The word '煮' means to boil or cook in Chinese.,qwen3-vl-plus,A woman is cooking food in a pan with a spoon.,False,False,,"{
    ""en"": ""cook-4604"",
    ""zh"": ""煮"",
    ""yue"": ""煮"",
    ""ko"": ""요리하기"",
    ""description"": ""A woman in a red dress is cooking food in a pan. She is using a spoon to stir the food. The word '煮' means to boil or cook in Chinese."",
    ""description_brief"": ""A woman is cooking food in a pan with a spoon."",
    ""needs_inspection"": false,
    ""reason"": """"
}"
extra_cards/appliances/10-10微波爐.jpg,appliances,"{""en"":""Microwave oven"",""zh"":""微波炉"",""yue"":""微波爐"",""ko"":""전자레인지""}",JPEG,756,1051,"This is a microwave oven. It heats food quickly using microwaves. It has a door with a window, two control knobs, and a power cord.",qwen3-vl-plus,A microwave oven heats food fast with buttons and a door.,False,False,,"{
    ""en"": ""Microwave oven"",
    ""zh"": ""微波炉"",
    ""yue"": ""微波爐"",
    ""ko"": ""전자레인지"",
    ""description"": ""This is a microwave oven. It heats food quickly using microwaves. It has a door with a window, two control knobs, and a power cord."",
    ""description_brief"": ""A microwave oven heats food fast with buttons and a door."",
    ""needs_inspection"": false,
    ""reason"": """"
}"
extra_cards/appliances/10-09電飯煲.jpg,appliances,"{""en"":""Rice cooker"",""zh"":""电饭煲"",""yue"":""電飯煲"",""ko"":""전기밥솥""}",JPEG,756,1051,"This is a rice cooker. It is round and yellow with orange flower patterns on the side. It has a lid, a handle, and a power cord to plug into an outlet.",qwen3-vl-plus,A yellow rice cooker with orange flowers that cooks rice when plugged in.,False,False,,"{
    ""en"": ""Rice cooker"",
    ""zh"": ""电饭煲"",
    ""yue"": ""電飯煲"",
    ""ko"": ""전기밥솥"",
    ""description"": ""This is a rice cooker. It is round and yellow with orange flower patterns on the side. It has a lid, a handle, and a power cord to plug into an outlet."",
    ""description_brief"": ""A yellow rice cooker with orange flowers that cooks rice when plugged in."",
    ""needs_inspection"": false,
    ""reason"": """"
}"
extra_cards/supplies/2-13廁紙.jpg,supplies,"{""en"":""Toilet paper"",""zh"":""厕纸"",""yue"":""廁紙"",""ko"":""화장지""}",JPEG,756,1051,This is a roll of toilet paper. It is yellow and has a hole in the center for holding. The paper is unrolled a little to show how it looks when being used.,qwen3-vl-plus,A roll of yellow toilet paper with some unrolled.,False,False,,"{
    ""en"": ""Toilet paper"",
    ""zh"": ""厕纸"",
    ""yue"": ""廁紙"",
    ""ko"": ""화장지"",
    ""description"": ""This is a roll of toilet paper. It is yellow and has a hole in the center for holding. The paper is unrolled a little to show how it looks when being used."",
    ""description_brief"": ""A roll of yellow toilet paper with some unrolled."",
    ""needs_inspection"": false,
    ""reason"": """"
}"
extra_cards/rituals/手放前面.jpg,rituals,"{""en"":""Hands in Front"",""zh"":""手放前面"",""yue"":""手放前面"",""ko"":""앞에 손을 놓기""}",JPEG,300,300,"This image shows two hands placed one over the other, with fingers slightly curled and palms facing down. The hands are positioned in front of the body, as if ready to receive or hold something gently. This is a simple, calm gesture often used in rituals or routines to signal readiness or focus.",qwen3-vl-plus,"Place your hands in front of you, one over the other, to show you are ready.",False,False,,"{
    ""en"": ""Hands in Front"",
    ""zh"": ""手放前面"",
    ""yue"": ""手放前面"",
    ""ko"": ""앞에 손을 놓기"",
    ""description"": ""This image shows two hands placed one over the other, with fingers slightly curled and palms facing down. The hands are positioned in front of the body, as if ready to receive or hold something gently. This is a simple, calm gesture often used in rituals or routines to signal readiness or focus."",
    ""description_brief"": ""Place your hands in front of you, one over the other, to show you are ready."",
    ""needs_inspection"": false,
    ""reason"": """"
}"
extra_cards/activities/assessment-1.jpg,activities,"{""en"":""assessment-1"",""zh"":""评估-1"",""yue"":""評估-1"",""ko"":""평가-1""}",JPEG,530,170,"Two children are sitting at separate desks. One child is writing or drawing on paper, and the other child is looking down at their desk. The desks are different colors: one is yellow and one is green.",qwen3-vl-plus,Children are working at their desks.,False,False,,"{
    ""en"": ""assessment-1"",
    ""zh"": ""评估-1"",
    ""yue"": ""評估-1"",
    ""ko"": ""평가-1"",
    ""description"": ""Two children are sitting at separate desks. One child is writing or drawing on paper, and the other child is looking down at their desk. The desks are different colors: one is yellow and one is green."",
    ""description_brief"": ""Children are working at their desks."",
    ""needs_inspection"": false,
    ""reason"": """"
}"
extra_cards/activities/13a-20看電視.jpg,activities,"{""en"":""Watching TV"",""zh"":""看电视"",""yue"":""睇電視"",""ko"":""텔레비전 보기""}",JPEG,756,1051,"A child is sitting on an orange chair and watching a television. The TV is on top of a brown dresser and shows two cartoon animals, one yellow and one green. The child is smiling and looks happy while watching.",qwen3-vl-plus,A child is watching TV with cartoon characters on the screen.,False,False,,"{
    ""en"": ""Watching TV"",
    ""zh"": ""看电视"",
    ""yue"": ""睇電視"",
    ""ko"": ""텔레비전 보기"",
    ""description"": ""A child is sitting on an orange chair and watching a television. The TV is on top of a brown dresser and shows two cartoon animals, one yellow and one green. The child is smiling and looks happy while watching."",
    ""description_brief"": ""A child is watching TV with cartoon characters on the screen."",
    ""needs_inspection"": false,
    ""reason"": """"
}"
extra_cards/food/雪條.jpg,food,"{""en"":""Popsicle"",""zh"":""雪糕"",""yue"":""雪條"",""ko"":""얼음과자""}",JPEG,756,1051,"This is a yellow popsicle on a wooden stick. It has a smooth, rounded shape and looks cold and sweet. The bottom part shows where someone has taken a bite.",qwen3-vl-plus,A yellow popsicle on a stick that you can eat.,False,False,,"{
    ""en"": ""Popsicle"",
    ""zh"": ""雪糕"",
    ""yue"": ""雪條"",
    ""ko"": ""얼음과자"",
    ""description"": ""This is a yellow popsicle on a wooden stick. It has a smooth, rounded shape and looks cold and sweet. The bottom part shows where someone has taken a bite."",
    ""description_brief"": ""A yellow popsicle on a stick that you can eat."",
    ""needs_inspection"": false,
    ""reason"": """"
}"
extra_cards/activities/13b-18除掉鞋.jpg,activities,"{""en"":""Take off shoes"",""zh"":""除掉鞋"",""yue"":""除鞋"",""ko"":""신발 벗기""}",JPEG,756,1051,"A child is sitting on a red chair and taking off one black shoe. The child is wearing a yellow shirt, green shorts, and white socks. An arrow points to the shoe being removed to show the action clearly.",qwen3-vl-plus,Child sitting and taking off a shoe.,False,False,,"{
    ""en"": ""Take off shoes"",
    ""zh"": ""除掉鞋"",
    ""yue"": ""除鞋"",
    ""ko"": ""신발 벗기"",
    ""description"": ""A child is sitting on a red chair and taking off one black shoe. The child is wearing a yellow shirt, green shorts, and white socks. An arrow points to the shoe being removed to show the action clearly."",
    ""description_brief"": ""Child sitting and taking off a shoe."",
    ""needs_inspection"": false,
    ""reason"": """"
}"
extra_cards/supplies/2-14紙巾.jpg,supplies,"{""en"":""Tissue"",""zh"":""纸巾"",""yue"":""紙巾"",""ko"":""티슈""}",JPEG,756,1051,This image shows a box of tissues with one tissue pulled out and another tissue lying flat. The box is blue and has the word 'tissue' written on it in English and Chinese characters. Tissues are soft paper used for wiping noses or cleaning small spills.,qwen3-vl-plus,"A box of tissues with some tissues pulled out, used for wiping or cleaning.",False,False,,"{
    ""en"": ""Tissue"",
    ""zh"": ""纸巾"",
    ""yue"": ""紙巾"",
    ""ko"": ""티슈"",
    ""description"": ""This image shows a box of tissues with one tissue pulled out and another tissue lying flat. The box is blue and has the word 'tissue' written on it in English and Chinese characters. Tissues are soft paper used for wiping noses or cleaning small spills."",
    ""description_brief"": ""A box of tissues with some tissues pulled out, used for wiping or cleaning."",
    ""needs_inspection"": false,
    ""reason"": """"
}"
extra_cards/activities/13d-07運動會.jpg,activities,"{""en"":""Sports Day"",""zh"":""运动会"",""yue"":""運動會"",""ko"":""운동회""}",JPEG,756,1051,"This image shows two children running on a track. The boy in front is smiling and crossing the red finish line. A girl is behind him, and there is a clock showing the time above the track.",qwen3-vl-plus,Children are running in a race at a sports day event.,False,False,,"{
    ""en"": ""Sports Day"",
    ""zh"": ""运动会"",
    ""yue"": ""運動會"",
    ""ko"": ""운동회"",
    ""description"": ""This image shows two children running on a track. The boy in front is smiling and crossing the red finish line. A girl is behind him, and there is a clock showing the time above the track."",
    ""description_brief"": ""Children are running in a race at a sports day event."",
    ""needs_inspection"": false,
    ""reason"": """"
}"
extra_cards/stationery/Lever arch binder4.jpg,stationery,"{""en"":""Lever arch binder"",""zh"":""杠杆式活页夹"",""yue"":""槓桿式活頁夾"",""ko"":""레버 아치 바인더""}",JPEG,960,696,"This is a yellow lever arch binder. It has two metal rings on the side to hold papers inside. The front cover is smooth and bright yellow, and you can see some white papers peeking out from the bottom.",qwen3-vl-plus,A yellow folder with metal rings to hold papers.,False,False,,"{
    ""en"": ""Lever arch binder"",
    ""zh"": ""杠杆式活页夹"",
    ""yue"": ""槓桿式活頁夾"",
    ""ko"": ""레버 아치 바인더"",
    ""description"": ""This is a yellow lever arch binder. It has two metal rings on the side to hold papers inside. The front cover is smooth and bright yellow, and you can see some white papers peeking out from the bottom."",
    ""description_brief"": ""A yellow folder with metal rings to hold papers."",
    ""needs_inspection"": false,
    ""reason"": """"
}"
extra_cards/festivals/14-25拜年.jpg,festivals,"{""en"":""New Year Greeting"",""zh"":""拜年"",""yue"":""拜年"",""ko"":""새해 인사""}",JPEG,756,1051,"This image shows a family visiting someone during the New Year. A child holds a red gift box, and everyone is smiling. The door has red decorations with Chinese characters for good luck and safety.",qwen3-vl-plus,A family gives New Year greetings and a gift to someone at their door.,False,False,,"{
    ""en"": ""New Year Greeting"",
    ""zh"": ""拜年"",
    ""yue"": ""拜年"",
    ""ko"": ""새해 인사"",
    ""description"": ""This image shows a family visiting someone during the New Year. A child holds a red gift box, and everyone is smiling. The door has red decorations with Chinese characters for good luck and safety."",
    ""description_brief"": ""A family gives New Year greetings and a gift to someone at their door."",
    ""needs_inspection"": false,
    ""reason"": """"
}"
extra_cards/food/雪糕.jpg,food,"{""en"":""Ice cream"",""zh"":""雪糕"",""yue"":""雪糕"",""ko"":""아이스크림""}",JPEG,756,1051,"This image shows two types of ice cream. One is a brown soft-serve ice cream in a yellow cone with a grid pattern. The other is in a white cup with a pineapple picture, and there is a small wooden spoon next to it. The word '雪糕' is written at the bottom.",qwen3-vl-plus,Two kinds of ice cream: one in a cone and one in a cup with a pineapple design.,False,False,,"{
    ""en"": ""Ice cream"",
    ""zh"": ""雪糕"",
    ""yue"": ""雪糕"",
    ""ko"": ""아이스크림"",
    ""description"": ""This image shows two types of ice cream. One is a brown soft-serve ice cream in a yellow cone with a grid pattern. The other is in a white cup with a pineapple picture, and there is a small wooden spoon next to it. The word '雪糕' is written at the bottom."",
    ""description_brief"": ""Two kinds of ice cream: one in a cone and one in a cup with a pineapple design."",
    ""needs_inspection"": false,
    ""reason"": """"
}"
extra_cards/rituals/手要放好.jpg,rituals,"{""en"":""Hands Should Be Placed Properly"",""zh"":""手要放好"",""yue"":""手要放好"",""ko"":""손을 제자리에 놓아야 해요""}",JPEG,300,300,"The image shows a person standing with both hands placed in their pockets. This is a clear visual reminder to keep hands in a calm, appropriate position. It helps children understand where to place their hands during quiet or structured activities.",qwen3-vl-plus,Put your hands in your pockets to stay calm and ready.,False,False,,"{
    ""en"": ""Hands Should Be Placed Properly"",
    ""zh"": ""手要放好"",
    ""yue"": ""手要放好"",
    ""ko"": ""손을 제자리에 놓아야 해요"",
    ""description"": ""The image shows a person standing with both hands placed in their pockets. This is a clear visual reminder to keep hands in a calm, appropriate position. It helps children understand where to place their hands during quiet or structured activities."",
    ""description_brief"": ""Put your hands in your pockets to stay calm and ready."",
    ""needs_inspection"": false,
    ""reason"": """"
}"
extra_cards/stationery/Magnifying glass.jpg,stationery,"{""en"":""Magnifying glass"",""zh"":""放大镜"",""yue"":""放大鏡"",""ko"":""확대경""}",JPEG,576,354,"This is a magnifying glass with a black handle and a round clear lens. It helps you see small things bigger and clearer. You can use it to look closely at pictures, letters, or tiny objects.",qwen3-vl-plus,A tool that makes small things look bigger so you can see them better.,False,False,,"{
    ""en"": ""Magnifying glass"",
    ""zh"": ""放大镜"",
    ""yue"": ""放大鏡"",
    ""ko"": ""확대경"",
    ""description"": ""This is a magnifying glass with a black handle and a round clear lens. It helps you see small things bigger and clearer. You can use it to look closely at pictures, letters, or tiny objects."",
    ""description_brief"": ""A tool that makes small things look bigger so you can see them better."",
    ""needs_inspection"": false,
    ""reason"": """"
}"
extra_cards/appliances/10-12鐘.jpg,appliances,"{""en"":""Clock"",""zh"":""钟"",""yue"":""鐘"",""ko"":""시계""}",JPEG,756,1051,"This is a round clock with a yellow frame and black numbers from 1 to 12. The hour hand points to 10, and the minute hand points to 2, showing the time is 10:10. It has a simple design that makes it easy to read.",qwen3-vl-plus,A clock showing the time 10:10 with clear numbers and hands.,False,False,,"{
    ""en"": ""Clock"",
    ""zh"": ""钟"",
    ""yue"": ""鐘"",
    ""ko"": ""시계"",
    ""description"": ""This is a round clock with a yellow frame and black numbers from 1 to 12. The hour hand points to 10, and the minute hand points to 2, showing the time is 10:10. It has a simple design that makes it easy to read."",
    ""description_brief"": ""A clock showing the time 10:10 with clear numbers and hands."",
    ""needs_inspection"": false,
    ""reason"": """"
}"
extra_cards/supplies/2-15鏡.jpg,supplies,"{""en"":""Mirror"",""zh"":""镜子"",""yue"":""鏡"",""ko"":""거울""}",JPEG,756,1051,This is a round mirror with a red frame. It reflects light and shows what is in front of it. The mirror is mounted on a square base for stability.,qwen3-vl-plus,A round mirror with a red frame that shows your reflection.,False,False,,"{
    ""en"": ""Mirror"",
    ""zh"": ""镜子"",
    ""yue"": ""鏡"",
    ""ko"": ""거울"",
    ""description"": ""This is a round mirror with a red frame. It reflects light and shows what is in front of it. The mirror is mounted on a square base for stability."",
    ""description_brief"": ""A round mirror with a red frame that shows your reflection."",
    ""needs_inspection"": false,
    ""reason"": """"
}"
extra_cards/rituals/等.jpg,rituals,"{""en"":""Sit down"",""zh"":""坐下"",""yue"":""坐低"",""ko"":""앉아""}",JPEG,300,300,"This image shows a person sitting on a chair with their feet flat on the floor and hands resting on their lap. The person is facing sideways, and the chair has four legs and a backrest. This is a calm, clear action that can be used to signal it’s time to sit quietly.",qwen3-vl-plus,"A person is sitting on a chair, ready to wait or rest.",False,False,,"{
    ""en"": ""Sit down"",
    ""zh"": ""坐下"",
    ""yue"": ""坐低"",
    ""ko"": ""앉아"",
    ""description"": ""This image shows a person sitting on a chair with their feet flat on the floor and hands resting on their lap. The person is facing sideways, and the chair has four legs and a backrest. This is a calm, clear action that can be used to signal it’s time to sit quietly."",
    ""description_brief"": ""A person is sitting on a chair, ready to wait or rest."",
    ""needs_inspection"": false,
    ""reason"": """"
}"
extra_cards/appliances/10-11電水壼.jpg,appliances,"{""en"":""Electric kettle"",""zh"":""电水壶"",""yue"":""電水壺"",""ko"":""전기 주전자""}",JPEG,756,1051,This is a pink electric kettle with a yellow handle and a white top. It has buttons on the side and a clear water level indicator. The kettle is used to boil water quickly and safely.,qwen3-vl-plus,A pink electric kettle that heats water.,False,False,,"{
    ""en"": ""Electric kettle"",
    ""zh"": ""电水壶"",
    ""yue"": ""電水壺"",
    ""ko"": ""전기 주전자"",
    ""description"": ""This is a pink electric kettle with a yellow handle and a white top. It has buttons on the side and a clear water level indicator. The kettle is used to boil water quickly and safely."",
    ""description_brief"": ""A pink electric kettle that heats water."",
    ""needs_inspection"": false,
    ""reason"": """"
}"
extra_cards/appliances/10-13燈.jpg,appliances,"{""en"":""Light"",""zh"":""灯"",""yue"":""燈"",""ko"":""등""}",JPEG,756,1051,This is a ceiling light. It has a brown base attached to the ceiling and a white lampshade that glows yellow when turned on. The light helps us see in dark rooms.,qwen3-vl-plus,A ceiling light that turns on to help us see.,False,False,,"{
    ""en"": ""Light"",
    ""zh"": ""灯"",
    ""yue"": ""燈"",
    ""ko"": ""등"",
    ""description"": ""This is a ceiling light. It has a brown base attached to the ceiling and a white lampshade that glows yellow when turned on. The light helps us see in dark rooms."",
    ""description_brief"": ""A ceiling light that turns on to help us see."",
    ""needs_inspection"": false,
    ""reason"": """"
}"
extra_cards/festivals/14-26年宵市場.jpg,festivals,"{""en"":""Lunar New Year Flower Market"",""zh"":""年宵市场"",""yue"":""年宵市場"",""ko"":""설날 꽃 시장""}",JPEG,756,1051,This image shows many people walking through a colorful market with potted plants and flowers. There are bright lights overhead and signs with Chinese characters. People are wearing warm clothes and looking at the plants for sale.,qwen3-vl-plus,People are shopping for flowers and plants at a busy Lunar New Year market.,False,False,,"{
    ""en"": ""Lunar New Year Flower Market"",
    ""zh"": ""年宵市场"",
    ""yue"": ""年宵市場"",
    ""ko"": ""설날 꽃 시장"",
    ""description"": ""This image shows many people walking through a colorful market with potted plants and flowers. There are bright lights overhead and signs with Chinese characters. People are wearing warm clothes and looking at the plants for sale."",
    ""description_brief"": ""People are shopping for flowers and plants at a busy Lunar New Year market."",
    ""needs_inspection"": false,
    ""reason"": """"
}"
extra_cards/activities/13d-08水運會.jpg,activities,"{""en"":""Swimming Meet"",""zh"":""水运会"",""yue"":""水運會"",""ko"":""수영 대회""}",JPEG,756,1051,"This image shows children at a swimming event. Some children are swimming in the pool, while others are standing on the side cheering. Two girls with wings are watching near the pool edge.",qwen3-vl-plus,Children are having fun at a swimming meet with swimmers and cheerers.,False,False,,"{
    ""en"": ""Swimming Meet"",
    ""zh"": ""水运会"",
    ""yue"": ""水運會"",
    ""ko"": ""수영 대회"",
    ""description"": ""This image shows children at a swimming event. Some children are swimming in the pool, while others are standing on the side cheering. Two girls with wings are watching near the pool edge."",
    ""description_brief"": ""Children are having fun at a swimming meet with swimmers and cheerers."",
    ""needs_inspection"": false,
    ""reason"": """"
}"
extra_cards/activities/13a-23送禮物.jpg,activities,"{""en"":""Giving a gift"",""zh"":""送礼物"",""yue"":""送禮物"",""ko"":""선물 주기""}",JPEG,756,1051,"A boy in a yellow shirt is giving a red gift box with a blue ribbon to a girl in a pink dress. The girl is smiling and placing her hand on her chest, showing she is happy. Both children look friendly and are standing close together.",qwen3-vl-plus,A boy gives a gift to a girl who looks happy.,False,False,,"{
    ""en"": ""Giving a gift"",
    ""zh"": ""送礼物"",
    ""yue"": ""送禮物"",
    ""ko"": ""선물 주기"",
    ""description"": ""A boy in a yellow shirt is giving a red gift box with a blue ribbon to a girl in a pink dress. The girl is smiling and placing her hand on her chest, showing she is happy. Both children look friendly and are standing close together."",
    ""description_brief"": ""A boy gives a gift to a girl who looks happy."",
    ""needs_inspection"": false,
    ""reason"": """"
}"
extra_cards/activities/cooking (2).jpg,activities,"{""en"":""cooking (2)"",""zh"":""烹饪课"",""yue"":""烹飪課"",""ko"":""요리 수업""}",JPEG,596,596,"This image shows a bowl with yellow food being stirred by a wooden spoon. Next to it is a container labeled 'Sunny margarine' with sunflower pictures. The Chinese text below says '烹飪課', which means cooking class.",qwen3-vl-plus,A cooking class with stirring and margarine.,False,False,,"{
    ""en"": ""cooking (2)"",
    ""zh"": ""烹饪课"",
    ""yue"": ""烹飪課"",
    ""ko"": ""요리 수업"",
    ""description"": ""This image shows a bowl with yellow food being stirred by a wooden spoon. Next to it is a container labeled 'Sunny margarine' with sunflower pictures. The Chinese text below says '烹飪課', which means cooking class."",
    ""description_brief"": ""A cooking class with stirring and margarine."",
    ""needs_inspection"": false,
    ""reason"": """"
}"
extra_cards/activities/cooking-1.jpg,activities,"{""en"":""cooking-1"",""zh"":""烹饪-1"",""yue"":""煮食-1"",""ko"":""요리-1""}",JPEG,531,171,This image shows a yellow spoon and a white chef’s hat inside a pink circle. There are also small pink dots around the circle. This picture is used to help children understand cooking activities.,qwen3-vl-plus,A spoon and chef’s hat mean it’s time to cook.,False,False,,"{
    ""en"": ""cooking-1"",
    ""zh"": ""烹饪-1"",
    ""yue"": ""煮食-1"",
    ""ko"": ""요리-1"",
    ""description"": ""This image shows a yellow spoon and a white chef’s hat inside a pink circle. There are also small pink dots around the circle. This picture is used to help children understand cooking activities."",
    ""description_brief"": ""A spoon and chef’s hat mean it’s time to cook."",
    ""needs_inspection"": false,
    ""reason"": """"
}"
extra_cards/food/食送.jpg,food,"{""en"":""Ramen with egg and vegetables"",""zh"":""带鸡蛋和蔬菜的拉面"",""yue"":""有蛋同菜嘅拉麵"",""ko"":""계란과 채소가 들어간 라멘""}",JPEG,756,1051,"This image shows a red bowl filled with ramen noodles, a sunny-side-up egg, slices of meat, and green leafy vegetables. The food is colorful and neatly arranged to make it easy to see each ingredient. It is designed to help children identify and request this specific meal.",qwen3-vl-plus,"A bowl of ramen with egg, meat, and greens.",False,False,,"{
    ""en"": ""Ramen with egg and vegetables"",
    ""zh"": ""带鸡蛋和蔬菜的拉面"",
    ""yue"": ""有蛋同菜嘅拉麵"",
    ""ko"": ""계란과 채소가 들어간 라멘"",
    ""description"": ""This image shows a red bowl filled with ramen noodles, a sunny-side-up egg, slices of meat, and green leafy vegetables. The food is colorful and neatly arranged to make it easy to see each ingredient. It is designed to help children identify and request this specific meal."",
    ""description_brief"": ""A bowl of ramen with egg, meat, and greens."",
    ""needs_inspection"": false,
    ""reason"": """"
}"
extra_cards/supplies/2-16眼鏡.jpg,supplies,"{""en"":""Glasses"",""zh"":""眼镜"",""yue"":""眼鏡"",""ko"":""안경""}",JPEG,756,1051,"This image shows a pair of blue-framed glasses with light blue lenses. The glasses are drawn in a simple, clear style to help children recognize them easily. They are shown lying flat on a white background with a red stripe at the top.",qwen3-vl-plus,Blue glasses for seeing better.,False,False,,"{
    ""en"": ""Glasses"",
    ""zh"": ""眼镜"",
    ""yue"": ""眼鏡"",
    ""ko"": ""안경"",
    ""description"": ""This image shows a pair of blue-framed glasses with light blue lenses. The glasses are drawn in a simple, clear style to help children recognize them easily. They are shown lying flat on a white background with a red stripe at the top."",
    ""description_brief"": ""Blue glasses for seeing better."",
    ""needs_inspection"": false,
    ""reason"": """"
}"
extra_cards/festivals/14-27中秋節.jpg,festivals,"{""en"":""Mid-Autumn Festival"",""zh"":""中秋节"",""yue"":""中秋節"",""ko"":""추석""}",JPEG,756,1051,"This image shows a table with mooncakes, fruits like grapes and starfruit, and a red lantern under a bright yellow full moon. The scene is calm and colorful, with simple shapes and clear objects that are easy to recognize. It represents the Mid-Autumn Festival, a time when families gather to enjoy food and look at the moon.",qwen3-vl-plus,"A table with mooncakes, fruit, and a lantern under a big yellow moon for the Mid-Autumn Festival.",False,False,,"{
    ""en"": ""Mid-Autumn Festival"",
    ""zh"": ""中秋节"",
    ""yue"": ""中秋節"",
    ""ko"": ""추석"",
    ""description"": ""This image shows a table with mooncakes, fruits like grapes and starfruit, and a red lantern under a bright yellow full moon. The scene is calm and colorful, with simple shapes and clear objects that are easy to recognize. It represents the Mid-Autumn Festival, a time when families gather to enjoy food and look at the moon."",
    ""description_brief"": ""A table with mooncakes, fruit, and a lantern under a big yellow moon for the Mid-Autumn Festival."",
    ""needs_inspection"": false,
    ""reason"": """"
}"
extra_cards/food/飯.jpg,food,"{""en"":""Rice"",""zh"":""米饭"",""yue"":""飯"",""ko"":""밥""}",JPEG,756,1051,This image shows a red bowl filled with white cooked rice. There are wavy lines above the rice to show that it is hot and steaming. The word '飯' is written below the bowl to help identify what is shown.,qwen3-vl-plus,"A red bowl of hot, steaming rice.",False,False,,"{
    ""en"": ""Rice"",
    ""zh"": ""米饭"",
    ""yue"": ""飯"",
    ""ko"": ""밥"",
    ""description"": ""This image shows a red bowl filled with white cooked rice. There are wavy lines above the rice to show that it is hot and steaming. The word '飯' is written below the bowl to help identify what is shown."",
    ""description_brief"": ""A red bowl of hot, steaming rice."",
    ""needs_inspection"": false,
    ""reason"": """"
}"
extra_cards/activities/cooking.jpg,activities,"{""en"":""cooking"",""zh"":""煮菜"",""yue"":""煮菜"",""ko"":""요리하기""}",JPEG,596,596,This image shows a pan with yellow food being stirred by a wooden spoon. Next to the pan is a container labeled 'Sunny margarine' with sunflower pictures. The Chinese characters at the bottom mean 'cooking'.,qwen3-vl-plus,Cooking with a pan and margarine.,False,False,,"{
    ""en"": ""cooking"",
    ""zh"": ""煮菜"",
    ""yue"": ""煮菜"",
    ""ko"": ""요리하기"",
    ""description"": ""This image shows a pan with yellow food being stirred by a wooden spoon. Next to the pan is a container labeled 'Sunny margarine' with sunflower pictures. The Chinese characters at the bottom mean 'cooking'."",
    ""description_brief"": ""Cooking with a pan and margarine."",
    ""needs_inspection"": false,
    ""reason"": """"
}"
extra_cards/appliances/10-14檯燈.jpg,appliances,"{""en"":""Desk lamp"",""zh"":""台灯"",""yue"":""檯燈"",""ko"":""책상등""}",JPEG,756,1051,This is a red desk lamp sitting on a brown surface. It has a long neck and a light that shines down. The lamp is turned on and gives off yellow light.,qwen3-vl-plus,A red lamp that sits on a table and lights up when turned on.,False,False,,"{
    ""en"": ""Desk lamp"",
    ""zh"": ""台灯"",
    ""yue"": ""檯燈"",
    ""ko"": ""책상등"",
    ""description"": ""This is a red desk lamp sitting on a brown surface. It has a long neck and a light that shines down. The lamp is turned on and gives off yellow light."",
    ""description_brief"": ""A red lamp that sits on a table and lights up when turned on."",
    ""needs_inspection"": false,
    ""reason"": """"
}"
extra_cards/stationery/Magnifying glass2.jpg,stationery,"{""en"":""Magnifying glass"",""zh"":""放大镜"",""yue"":""放大鏡"",""ko"":""확대경""}",JPEG,1041,807,"This is a red magnifying glass with a handle. The handle has a plaid pattern with red, black, and white colors. The glass part is round and clear, used to make small things look bigger.",qwen3-vl-plus,A red magnifying glass with a plaid handle to see small things up close.,False,False,,"{
    ""en"": ""Magnifying glass"",
    ""zh"": ""放大镜"",
    ""yue"": ""放大鏡"",
    ""ko"": ""확대경"",
    ""description"": ""This is a red magnifying glass with a handle. The handle has a plaid pattern with red, black, and white colors. The glass part is round and clear, used to make small things look bigger."",
    ""description_brief"": ""A red magnifying glass with a plaid handle to see small things up close."",
    ""needs_inspection"": false,
    ""reason"": """"
}"
extra_cards/rituals/等一下.jpg,rituals,"{""en"":""Wait a moment"",""zh"":""等一下"",""yue"":""等一等"",""ko"":""잠시만 기다려 주세요""}",JPEG,300,300,"This image shows two hands and a timer. One hand is open, and the other is pointing up with one finger. The timer has numbers and says 'Tic Tic' to show time passing. This means you need to wait for a short time before doing something.",qwen3-vl-plus,You need to wait a little while before continuing.,False,False,,"{
    ""en"": ""Wait a moment"",
    ""zh"": ""等一下"",
    ""yue"": ""等一等"",
    ""ko"": ""잠시만 기다려 주세요"",
    ""description"": ""This image shows two hands and a timer. One hand is open, and the other is pointing up with one finger. The timer has numbers and says 'Tic Tic' to show time passing. This means you need to wait for a short time before doing something."",
    ""description_brief"": ""You need to wait a little while before continuing."",
    ""needs_inspection"": false,
    ""reason"": """"
}"
extra_cards/activities/13d-09開學日.jpg,activities,"{""en"":""First Day of School"",""zh"":""开学日"",""yue"":""開學日"",""ko"":""개학일""}",JPEG,756,1051,This image shows children walking into a school building on the first day. A teacher is waving and smiling at them near the entrance. The children are carrying backpacks and look happy to be going to school.,qwen3-vl-plus,Children go to school with backpacks while a teacher waves hello at the gate.,False,False,,"{
    ""en"": ""First Day of School"",
    ""zh"": ""开学日"",
    ""yue"": ""開學日"",
    ""ko"": ""개학일"",
    ""description"": ""This image shows children walking into a school building on the first day. A teacher is waving and smiling at them near the entrance. The children are carrying backpacks and look happy to be going to school."",
    ""description_brief"": ""Children go to school with backpacks while a teacher waves hello at the gate."",
    ""needs_inspection"": false,
    ""reason"": """"
}"
extra_cards/activities/13a-32收拾書包.jpg,activities,"{""en"":""Pack the backpack"",""zh"":""收拾书包"",""yue"":""收拾書包"",""ko"":""가방 정리하기""}",JPEG,756,1051,A child is putting a blue book into a red backpack. The child is sitting at a brown table and wearing a white shirt. This shows how to pack school items neatly.,qwen3-vl-plus,Put your book in the backpack.,False,False,,"{
    ""en"": ""Pack the backpack"",
    ""zh"": ""收拾书包"",
    ""yue"": ""收拾書包"",
    ""ko"": ""가방 정리하기"",
    ""description"": ""A child is putting a blue book into a red backpack. The child is sitting at a brown table and wearing a white shirt. This shows how to pack school items neatly."",
    ""description_brief"": ""Put your book in the backpack."",
    ""needs_inspection"": false,
    ""reason"": """"
}"
extra_cards/activities/13c-22在圖書館看書.jpg,activities,"{""en"":""Reading in the library"",""zh"":""在图书馆看书"",""yue"":""喺圖書館睇書"",""ko"":""도서관에서 책 읽기""}",JPEG,756,1051,A child is standing between two bookshelves in a library. The child is holding a colorful book with a pink bunny on the cover and is looking at it with a happy expression. The shelves are filled with books of different colors and sizes.,qwen3-vl-plus,Child reading a book in the library.,False,False,,"{
    ""en"": ""Reading in the library"",
    ""zh"": ""在图书馆看书"",
    ""yue"": ""喺圖書館睇書"",
    ""ko"": ""도서관에서 책 읽기"",
    ""description"": ""A child is standing between two bookshelves in a library. The child is holding a colorful book with a pink bunny on the cover and is looking at it with a happy expression. The shelves are filled with books of different colors and sizes."",
    ""description_brief"": ""Child reading a book in the library."",
    ""needs_inspection"": false,
    ""reason"": """"
}"
extra_cards/supplies/2-17手錶.jpg,supplies,"{""en"":""Watch"",""zh"":""手表"",""yue"":""手錶"",""ko"":""시계""}",JPEG,756,1051,This is a drawing of a watch with a red strap and a yellow face. The watch has black numbers and hands to show the time. It is shown at an angle on a white background.,qwen3-vl-plus,A red and yellow watch that tells time.,False,False,,"{
    ""en"": ""Watch"",
    ""zh"": ""手表"",
    ""yue"": ""手錶"",
    ""ko"": ""시계"",
    ""description"": ""This is a drawing of a watch with a red strap and a yellow face. The watch has black numbers and hands to show the time. It is shown at an angle on a white background."",
    ""description_brief"": ""A red and yellow watch that tells time."",
    ""needs_inspection"": false,
    ""reason"": """"
}"
extra_cards/appliances/10-15熨斗.jpg,appliances,"{""en"":""Iron"",""zh"":""熨斗"",""yue"":""熨斗"",""ko"":""다리미""}",JPEG,756,1051,This is a drawing of an electric iron. It has a flat bottom to smooth clothes and buttons on top to control heat. The cord connects it to electricity so it can get hot.,qwen3-vl-plus,This is an iron used to make clothes smooth and wrinkle-free.,False,False,,"{
    ""en"": ""Iron"",
    ""zh"": ""熨斗"",
    ""yue"": ""熨斗"",
    ""ko"": ""다리미"",
    ""description"": ""This is a drawing of an electric iron. It has a flat bottom to smooth clothes and buttons on top to control heat. The cord connects it to electricity so it can get hot."",
    ""description_brief"": ""This is an iron used to make clothes smooth and wrinkle-free."",
    ""needs_inspection"": false,
    ""reason"": """"
}"
extra_cards/stationery/Notebook2.jpg,stationery,"{""en"":""Notebook2"",""zh"":""笔记本2"",""yue"":""筆記簿2"",""ko"":""노트북2""}",JPEG,960,651,"This is a spiral-bound notebook with pink edges. The left page is blank and white, while the right page has light gray lines for writing. It is open flat and ready to use for drawing or writing.",qwen3-vl-plus,A pink-edged spiral notebook with lined and blank pages for writing or drawing.,False,False,,"{
    ""en"": ""Notebook2"",
    ""zh"": ""笔记本2"",
    ""yue"": ""筆記簿2"",
    ""ko"": ""노트북2"",
    ""description"": ""This is a spiral-bound notebook with pink edges. The left page is blank and white, while the right page has light gray lines for writing. It is open flat and ready to use for drawing or writing."",
    ""description_brief"": ""A pink-edged spiral notebook with lined and blank pages for writing or drawing."",
    ""needs_inspection"": false,
    ""reason"": """"
}"
extra_cards/festivals/14-28燈籠.jpg,festivals,"{""en"":""Lantern"",""zh"":""灯笼"",""yue"":""燈籠"",""ko"":""등불""}",JPEG,756,1051,This image shows a colorful lantern hanging from a stick. Below the lantern is a yellow teddy bear with a black bow tie. The lantern has orange and red stripes with flower patterns and a green tassel at the bottom.,qwen3-vl-plus,A bright lantern with a teddy bear hanging below it.,False,False,,"{
    ""en"": ""Lantern"",
    ""zh"": ""灯笼"",
    ""yue"": ""燈籠"",
    ""ko"": ""등불"",
    ""description"": ""This image shows a colorful lantern hanging from a stick. Below the lantern is a yellow teddy bear with a black bow tie. The lantern has orange and red stripes with flower patterns and a green tassel at the bottom."",
    ""description_brief"": ""A bright lantern with a teddy bear hanging below it."",
    ""needs_inspection"": false,
    ""reason"": """"
}"
extra_cards/rituals/请帮忙.jpg,rituals,"{""en"":""Please Help"",""zh"":""请帮忙"",""yue"":""請幫忙"",""ko"":""도와주세요""}",JPEG,300,300,A child is sitting at a table and holding up a sign that says 'I NEED HELP' with a picture of a person asking for help. The child looks calm and is using the sign to ask for assistance. This helps the child communicate clearly when they need support.,qwen3-vl-plus,Child holds up a 'I NEED HELP' sign to ask for assistance.,False,False,,"{
    ""en"": ""Please Help"",
    ""zh"": ""请帮忙"",
    ""yue"": ""請幫忙"",
    ""ko"": ""도와주세요"",
    ""description"": ""A child is sitting at a table and holding up a sign that says 'I NEED HELP' with a picture of a person asking for help. The child looks calm and is using the sign to ask for assistance. This helps the child communicate clearly when they need support."",
    ""description_brief"": ""Child holds up a 'I NEED HELP' sign to ask for assistance."",
    ""needs_inspection"": false,
    ""reason"": """"
}"
extra_cards/activities/cry-4601.jpg,activities,"{""en"":""cry"",""zh"":""哭"",""yue"":""喊"",""ko"":""울다""}",JPEG,402,502,"The image shows a person with their mouth open wide and eyes squeezed shut, showing they are crying. Blue teardrops are coming out from their eyes. Their hands are raised up in the air, which can mean they are upset or overwhelmed.",qwen3-vl-plus,A person is crying with tears and an open mouth.,False,False,,"{
    ""en"": ""cry"",
    ""zh"": ""哭"",
    ""yue"": ""喊"",
    ""ko"": ""울다"",
    ""description"": ""The image shows a person with their mouth open wide and eyes squeezed shut, showing they are crying. Blue teardrops are coming out from their eyes. Their hands are raised up in the air, which can mean they are upset or overwhelmed."",
    ""description_brief"": ""A person is crying with tears and an open mouth."",
    ""needs_inspection"": false,
    ""reason"": """"
}"
extra_cards/food/餅乾.jpg,food,"{""en"":""Cookies"",""zh"":""饼干"",""yue"":""餅乾"",""ko"":""과자""}",JPEG,756,1051,"This image shows three types of cookies. One is round with a cream filling, one is square with small dots, and one is rectangular with lines on top. They are drawn in simple colors to make them easy to recognize.",qwen3-vl-plus,Three different cookies shown for choosing a snack.,False,False,,"{
    ""en"": ""Cookies"",
    ""zh"": ""饼干"",
    ""yue"": ""餅乾"",
    ""ko"": ""과자"",
    ""description"": ""This image shows three types of cookies. One is round with a cream filling, one is square with small dots, and one is rectangular with lines on top. They are drawn in simple colors to make them easy to recognize."",
    ""description_brief"": ""Three different cookies shown for choosing a snack."",
    ""needs_inspection"": false,
    ""reason"": """"
}"
extra_cards/activities/13a-31收拾玩具.jpg,activities,"{""en"":""Putting away toys"",""zh"":""收拾玩具"",""yue"":""收玩具"",""ko"":""장난감 정리하기""}",JPEG,756,1051,A child is holding colorful blocks and standing next to a box filled with toys like a teddy bear and a ball. The child is smiling and appears ready to put the toys away. This activity helps keep play areas neat and organized.,qwen3-vl-plus,The child is putting toys into a box to clean up after playing.,False,False,,"{
    ""en"": ""Putting away toys"",
    ""zh"": ""收拾玩具"",
    ""yue"": ""收玩具"",
    ""ko"": ""장난감 정리하기"",
    ""description"": ""A child is holding colorful blocks and standing next to a box filled with toys like a teddy bear and a ball. The child is smiling and appears ready to put the toys away. This activity helps keep play areas neat and organized."",
    ""description_brief"": ""The child is putting toys into a box to clean up after playing."",
    ""needs_inspection"": false,
    ""reason"": """"
}"
extra_cards/festivals/14-29端午節.jpg,festivals,"{""en"":""Dragon Boat Festival"",""zh"":""端午节"",""yue"":""端午節"",""ko"":""단오절""}",JPEG,756,1051,This image shows a colorful dragon boat with many people rowing together. There is also a wrapped rice dumpling and a cut-open dumpling showing the filling inside. The festival is celebrated with boat races and eating special food.,qwen3-vl-plus,People race dragon boats and eat rice dumplings during this festival.,False,False,,"{
    ""en"": ""Dragon Boat Festival"",
    ""zh"": ""端午节"",
    ""yue"": ""端午節"",
    ""ko"": ""단오절"",
    ""description"": ""This image shows a colorful dragon boat with many people rowing together. There is also a wrapped rice dumpling and a cut-open dumpling showing the filling inside. The festival is celebrated with boat races and eating special food."",
    ""description_brief"": ""People race dragon boats and eat rice dumplings during this festival."",
    ""needs_inspection"": false,
    ""reason"": """"
}"
extra_cards/rituals/走开.jpg,rituals,"{""en"":""Leave"",""zh"":""走开"",""yue"":""走開"",""ko"":""가다""}",JPEG,300,300,This image shows a person walking away from a table where two other people are sitting. The word above means 'leave' or 'go away'. It is used to show someone is moving away from others.,qwen3-vl-plus,Someone is walking away from a table with people sitting at it.,False,False,,"{
    ""en"": ""Leave"",
    ""zh"": ""走开"",
    ""yue"": ""走開"",
    ""ko"": ""가다"",
    ""description"": ""This image shows a person walking away from a table where two other people are sitting. The word above means 'leave' or 'go away'. It is used to show someone is moving away from others."",
    ""description_brief"": ""Someone is walking away from a table with people sitting at it."",
    ""needs_inspection"": false,
    ""reason"": """"
}"
extra_cards/activities/13d-01上學.jpg,activities,"{""en"":""Going to school"",""zh"":""上学"",""yue"":""返學"",""ko"":""등교""}",JPEG,756,1051,"This image shows a child walking with a red backpack. The child is wearing a white shirt, blue shorts, white socks, and black shoes. The child looks happy and is going to school.",qwen3-vl-plus,A child is walking to school with a backpack.,False,False,,"{
    ""en"": ""Going to school"",
    ""zh"": ""上学"",
    ""yue"": ""返學"",
    ""ko"": ""등교"",
    ""description"": ""This image shows a child walking with a red backpack. The child is wearing a white shirt, blue shorts, white socks, and black shoes. The child looks happy and is going to school."",
    ""description_brief"": ""A child is walking to school with a backpack."",
    ""needs_inspection"": false,
    ""reason"": """"
}"
extra_cards/stationery/Notebook3.jpg,stationery,"{""en"":""Notebook3"",""zh"":""笔记本3"",""yue"":""筆記本3"",""ko"":""노트북3""}",JPEG,960,698,This is a spiral-bound notebook with blue lines. It has handwritten names and phone numbers on the left page. The right page is blank and ready for writing.,qwen3-vl-plus,A lined notebook with contact information written on one side and empty space on the other.,False,False,,"{
    ""en"": ""Notebook3"",
    ""zh"": ""笔记本3"",
    ""yue"": ""筆記本3"",
    ""ko"": ""노트북3"",
    ""description"": ""This is a spiral-bound notebook with blue lines. It has handwritten names and phone numbers on the left page. The right page is blank and ready for writing."",
    ""description_brief"": ""A lined notebook with contact information written on one side and empty space on the other."",
    ""needs_inspection"": false,
    ""reason"": """"
}"
extra_cards/supplies/2-18鎖匙.jpg,supplies,"{""en"":""Key"",""zh"":""钥匙"",""yue"":""鎖匙"",""ko"":""열쇠""}",JPEG,756,1051,This image shows two keys. One key is silver and has a round top with a hole. The other key is yellow and has a jagged edge. Both keys are used to open locks.,qwen3-vl-plus,"Two keys, one silver and one yellow, for opening locks.",False,False,,"{
    ""en"": ""Key"",
    ""zh"": ""钥匙"",
    ""yue"": ""鎖匙"",
    ""ko"": ""열쇠"",
    ""description"": ""This image shows two keys. One key is silver and has a round top with a hole. The other key is yellow and has a jagged edge. Both keys are used to open locks."",
    ""description_brief"": ""Two keys, one silver and one yellow, for opening locks."",
    ""needs_inspection"": false,
    ""reason"": """"
}"
extra_cards/appliances/10-16風筒.jpg,appliances,"{""en"":""Hair dryer"",""zh"":""吹风机"",""yue"":""風筒"",""ko"":""헤어드라이어""}",JPEG,756,1051,This is a yellow hair dryer with a black nozzle and a curly cord. It blows warm air to dry hair after washing. The button on top turns it on and off.,qwen3-vl-plus,A yellow hair dryer that blows air to dry hair.,False,False,,"{
    ""en"": ""Hair dryer"",
    ""zh"": ""吹风机"",
    ""yue"": ""風筒"",
    ""ko"": ""헤어드라이어"",
    ""description"": ""This is a yellow hair dryer with a black nozzle and a curly cord. It blows warm air to dry hair after washing. The button on top turns it on and off."",
    ""description_brief"": ""A yellow hair dryer that blows air to dry hair."",
    ""needs_inspection"": false,
    ""reason"": """"
}"
extra_cards/activities/cut-4812.jpg,activities,"{""en"":""cut-4812"",""zh"":""剪-4812"",""yue"":""剪-4812"",""ko"":""자르기-4812""}",JPEG,402,502,"A hand is holding black scissors and cutting a piece of blue paper. The scissors are open and moving through the paper. This shows the action of cutting, which is a common activity in crafts or schoolwork.",qwen3-vl-plus,Someone is cutting blue paper with scissors.,False,False,,"{
    ""en"": ""cut-4812"",
    ""zh"": ""剪-4812"",
    ""yue"": ""剪-4812"",
    ""ko"": ""자르기-4812"",
    ""description"": ""A hand is holding black scissors and cutting a piece of blue paper. The scissors are open and moving through the paper. This shows the action of cutting, which is a common activity in crafts or schoolwork."",
    ""description_brief"": ""Someone is cutting blue paper with scissors."",
    ""needs_inspection"": false,
    ""reason"": """"
}"
extra_cards/festivals/14-30清明節.jpg,festivals,"{""en"":""Qingming Festival"",""zh"":""清明节"",""yue"":""清明節"",""ko"":""청명절""}",JPEG,756,1051,"This image shows a grown-up and a child standing near a grave. They are placing flowers, food, and burning incense as part of a tradition to remember people who have passed away. The sky is clear and the grass is green, showing it happens outdoors during spring.",qwen3-vl-plus,People visit graves to honor family members during Qingming Festival.,False,False,,"{
    ""en"": ""Qingming Festival"",
    ""zh"": ""清明节"",
    ""yue"": ""清明節"",
    ""ko"": ""청명절"",
    ""description"": ""This image shows a grown-up and a child standing near a grave. They are placing flowers, food, and burning incense as part of a tradition to remember people who have passed away. The sky is clear and the grass is green, showing it happens outdoors during spring."",
    ""description_brief"": ""People visit graves to honor family members during Qingming Festival."",
    ""needs_inspection"": false,
    ""reason"": """"
}"
extra_cards/food/香口膠.jpg,food,"{""en"":""Chewing Gum"",""zh"":""口香糖"",""yue"":""香口膠"",""ko"":""껌""}",JPEG,756,1051,"This is a piece of chewing gum in blue and white packaging. The wrapper has the word 'Exit' printed on it in white letters. The gum is partially unwrapped, showing the foil inside.",qwen3-vl-plus,A blue and white wrapped piece of chewing gum with 'Exit' written on it.,False,False,,"{
    ""en"": ""Chewing Gum"",
    ""zh"": ""口香糖"",
    ""yue"": ""香口膠"",
    ""ko"": ""껌"",
    ""description"": ""This is a piece of chewing gum in blue and white packaging. The wrapper has the word 'Exit' printed on it in white letters. The gum is partially unwrapped, showing the foil inside."",
    ""description_brief"": ""A blue and white wrapped piece of chewing gum with 'Exit' written on it."",
    ""needs_inspection"": false,
    ""reason"": """"
}"
extra_cards/supplies/2-19八達通咭.jpg,supplies,"{""en"":""Octopus Card"",""zh"":""八达通卡"",""yue"":""八達通咭"",""ko"":""옥토퍼스 카드""}",JPEG,756,1051,"This image shows two Octopus Cards. One card has a colorful square pattern with blue, yellow, green, and pink sections. The other card is pink with a white ribbon design. Both cards have the Octopus logo and name in the top left corner.",qwen3-vl-plus,"Two Octopus Cards — one colorful and one pink — used for paying on buses, trains, and stores.",False,False,,"{
    ""en"": ""Octopus Card"",
    ""zh"": ""八达通卡"",
    ""yue"": ""八達通咭"",
    ""ko"": ""옥토퍼스 카드"",
    ""description"": ""This image shows two Octopus Cards. One card has a colorful square pattern with blue, yellow, green, and pink sections. The other card is pink with a white ribbon design. Both cards have the Octopus logo and name in the top left corner."",
    ""description_brief"": ""Two Octopus Cards — one colorful and one pink — used for paying on buses, trains, and stores."",
    ""needs_inspection"": false,
    ""reason"": """"
}"
extra_cards/rituals/过来这边.jpg,rituals,"{""en"":""Come Here"",""zh"":""过来这边"",""yue"":""過來呢邊"",""ko"":""여기로 와""}",JPEG,300,300,"A woman is pointing to her side and asking a child to come over. Two other children are standing nearby, watching. The child on the left is running toward the woman as she calls them.",qwen3-vl-plus,A teacher or adult is calling a child to come to their side while others watch.,False,False,,"{
    ""en"": ""Come Here"",
    ""zh"": ""过来这边"",
    ""yue"": ""過來呢邊"",
    ""ko"": ""여기로 와"",
    ""description"": ""A woman is pointing to her side and asking a child to come over. Two other children are standing nearby, watching. The child on the left is running toward the woman as she calls them."",
    ""description_brief"": ""A teacher or adult is calling a child to come to their side while others watch."",
    ""needs_inspection"": false,
    ""reason"": """"
}"
extra_cards/activities/13d-02上課.jpg,activities,"{""en"":""Classroom Lesson"",""zh"":""上课"",""yue"":""上課"",""ko"":""수업""}",JPEG,756,1051,"A teacher is standing in front of a green chalkboard with the letters ABC written on it. Two students are sitting at desks, looking up at the teacher and the board. The teacher is pointing to the letters while smiling.",qwen3-vl-plus,Teacher teaching ABC to students in a classroom.,False,False,,"{
    ""en"": ""Classroom Lesson"",
    ""zh"": ""上课"",
    ""yue"": ""上課"",
    ""ko"": ""수업"",
    ""description"": ""A teacher is standing in front of a green chalkboard with the letters ABC written on it. Two students are sitting at desks, looking up at the teacher and the board. The teacher is pointing to the letters while smiling."",
    ""description_brief"": ""Teacher teaching ABC to students in a classroom."",
    ""needs_inspection"": false,
    ""reason"": """"
}"
extra_cards/activities/D&T.jpg,activities,"{""en"":""Home Economics"",""zh"":""家事课"",""yue"":""家政課"",""ko"":""가정과""}",JPEG,596,596,"This image shows tools used in home economics class: red-handled scissors, a glue stick, and a needle with red thread. These items are often used for simple sewing or crafting activities. The text at the bottom says 'Home Economics' in Chinese characters.",qwen3-vl-plus,"Tools for home economics class: scissors, glue stick, and needle with thread.",False,False,,"{
    ""en"": ""Home Economics"",
    ""zh"": ""家事课"",
    ""yue"": ""家政課"",
    ""ko"": ""가정과"",
    ""description"": ""This image shows tools used in home economics class: red-handled scissors, a glue stick, and a needle with red thread. These items are often used for simple sewing or crafting activities. The text at the bottom says 'Home Economics' in Chinese characters."",
    ""description_brief"": ""Tools for home economics class: scissors, glue stick, and needle with thread."",
    ""needs_inspection"": false,
    ""reason"": """"
}"
extra_cards/shengxiao/year of dog.jpg,shengxiao,"{""en"":""Year of the Dog"",""zh"":""狗年"",""yue"":""狗年"",""ko"":""개의 해""}",JPEG,475,357,"This image shows a happy yellow dog sitting next to a red Chinese lantern. The lantern has the Chinese character for 'dog' and the word 'Dog' written on it. Red flowers are around the lantern, making it look festive.",qwen3-vl-plus,A friendly dog sits beside a red lantern with the word 'Dog' and Chinese characters for the Year of the Dog.,False,False,,"{
    ""en"": ""Year of the Dog"",
    ""zh"": ""狗年"",
    ""yue"": ""狗年"",
    ""ko"": ""개의 해"",
    ""description"": ""This image shows a happy yellow dog sitting next to a red Chinese lantern. The lantern has the Chinese character for 'dog' and the word 'Dog' written on it. Red flowers are around the lantern, making it look festive."",
    ""description_brief"": ""A friendly dog sits beside a red lantern with the word 'Dog' and Chinese characters for the Year of the Dog."",
    ""needs_inspection"": false,
    ""reason"": """"
}"
extra_cards/food/香腸.jpg,food,"{""en"":""Sausage"",""zh"":""香肠"",""yue"":""香腸"",""ko"":""소시지""}",JPEG,756,1051,"This is a red sausage with three small lines on top. It is curved and smooth, drawn in a simple style. The background is white with an orange stripe at the top.",qwen3-vl-plus,"A red sausage with lines on top, shown on a white card.",False,False,,"{
    ""en"": ""Sausage"",
    ""zh"": ""香肠"",
    ""yue"": ""香腸"",
    ""ko"": ""소시지"",
    ""description"": ""This is a red sausage with three small lines on top. It is curved and smooth, drawn in a simple style. The background is white with an orange stripe at the top."",
    ""description_brief"": ""A red sausage with lines on top, shown on a white card."",
    ""needs_inspection"": false,
    ""reason"": """"
}"
extra_cards/stationery/Packing tape applicator.jpg,stationery,"{""en"":""Packing tape applicator"",""zh"":""封箱胶带切割器"",""yue"":""封箱膠帶切割器"",""ko"":""포장 테이프 적용기""}",JPEG,960,604,This is a tool that holds a roll of clear packing tape. It has a red metal part to cut the tape and a gray handle with ridges for easy gripping. You pull the tape across the cutter to get a clean piece.,qwen3-vl-plus,A tool that cuts packing tape with a handle and a red cutter.,False,False,,"{
    ""en"": ""Packing tape applicator"",
    ""zh"": ""封箱胶带切割器"",
    ""yue"": ""封箱膠帶切割器"",
    ""ko"": ""포장 테이프 적용기"",
    ""description"": ""This is a tool that holds a roll of clear packing tape. It has a red metal part to cut the tape and a gray handle with ridges for easy gripping. You pull the tape across the cutter to get a clean piece."",
    ""description_brief"": ""A tool that cuts packing tape with a handle and a red cutter."",
    ""needs_inspection"": false,
    ""reason"": """"
}"
extra_cards/appliances/10-17吸塵機.jpg,appliances,"{""en"":""Vacuum cleaner"",""zh"":""吸尘器"",""yue"":""吸塵機"",""ko"":""진공 청소기""}",JPEG,756,1051,This is a red vacuum cleaner with wheels and a long gray hose. It has a flat black nozzle at the end for cleaning floors. The machine helps pick up dust and dirt from carpets and hard surfaces.,qwen3-vl-plus,A red vacuum cleaner that sucks up dirt from floors.,False,False,,"{
    ""en"": ""Vacuum cleaner"",
    ""zh"": ""吸尘器"",
    ""yue"": ""吸塵機"",
    ""ko"": ""진공 청소기"",
    ""description"": ""This is a red vacuum cleaner with wheels and a long gray hose. It has a flat black nozzle at the end for cleaning floors. The machine helps pick up dust and dirt from carpets and hard surfaces."",
    ""description_brief"": ""A red vacuum cleaner that sucks up dirt from floors."",
    ""needs_inspection"": false,
    ""reason"": """"
}"
extra_cards/festivals/14-31復活節.jpg,festivals,"{""en"":""Easter"",""zh"":""复活节"",""yue"":""復活節"",""ko"":""부활절""}",JPEG,756,1051,"This image shows a yellow bunny next to a basket full of colorful decorated eggs. Some eggs are inside the basket, and others are on the ground. The bunny is holding a small purple egg and has a blue bow around its neck.",qwen3-vl-plus,A bunny with a basket of colorful Easter eggs.,False,False,,"{
    ""en"": ""Easter"",
    ""zh"": ""复活节"",
    ""yue"": ""復活節"",
    ""ko"": ""부활절"",
    ""description"": ""This image shows a yellow bunny next to a basket full of colorful decorated eggs. Some eggs are inside the basket, and others are on the ground. The bunny is holding a small purple egg and has a blue bow around its neck."",
    ""description_brief"": ""A bunny with a basket of colorful Easter eggs."",
    ""needs_inspection"": false,
    ""reason"": """"
}"
extra_cards/activities/13c-04打鞦韆.jpg,activities,"{""en"":""Swinging on a swing"",""zh"":""荡秋千"",""yue"":""打鞦韆"",""ko"":""그네 타기""}",JPEG,756,1051,A child is sitting on a yellow swing with green frame and gold chains. The child is smiling and holding the chains while swinging back and forth. This activity is fun and helps children feel happy and calm.,qwen3-vl-plus,I want to swing on the swing.,False,False,,"{
    ""en"": ""Swinging on a swing"",
    ""zh"": ""荡秋千"",
    ""yue"": ""打鞦韆"",
    ""ko"": ""그네 타기"",
    ""description"": ""A child is sitting on a yellow swing with green frame and gold chains. The child is smiling and holding the chains while swinging back and forth. This activity is fun and helps children feel happy and calm."",
    ""description_brief"": ""I want to swing on the swing."",
    ""needs_inspection"": false,
    ""reason"": """"
}"
extra_cards/activities/13a-34上班.jpg,activities,"{""en"":""Going to work"",""zh"":""上班"",""yue"":""返工"",""ko"":""출근하기""}",JPEG,756,1051,"The image shows a person walking while holding a brown briefcase. They are wearing a white shirt, black pants, and black shoes. The person is smiling and appears ready for their job.",qwen3-vl-plus,A person is going to work with a briefcase.,False,False,,"{
    ""en"": ""Going to work"",
    ""zh"": ""上班"",
    ""yue"": ""返工"",
    ""ko"": ""출근하기"",
    ""description"": ""The image shows a person walking while holding a brown briefcase. They are wearing a white shirt, black pants, and black shoes. The person is smiling and appears ready for their job."",
    ""description_brief"": ""A person is going to work with a briefcase."",
    ""needs_inspection"": false,
    ""reason"": """"
}"
extra_cards/stationery/Packing tape.jpg,stationery,"{""en"":""Packing tape"",""zh"":""包装胶带"",""yue"":""包裝膠帶"",""ko"":""포장 테이프""}",JPEG,960,699,This is a roll of brown packing tape. It has a sticky side and is used to seal boxes or hold things together. The inside of the roll shows blue writing that says '3M Highland'.,qwen3-vl-plus,Brown tape for sealing boxes.,False,False,,"{
    ""en"": ""Packing tape"",
    ""zh"": ""包装胶带"",
    ""yue"": ""包裝膠帶"",
    ""ko"": ""포장 테이프"",
    ""description"": ""This is a roll of brown packing tape. It has a sticky side and is used to seal boxes or hold things together. The inside of the roll shows blue writing that says '3M Highland'."",
    ""description_brief"": ""Brown tape for sealing boxes."",
    ""needs_inspection"": false,
    ""reason"": """"
}"
extra_cards/appliances/10-18相機.jpg,appliances,"{""en"":""Camera"",""zh"":""相机"",""yue"":""相機"",""ko"":""카메라""}",JPEG,756,1051,"This is a drawing of a digital camera. It has a lens in the front, buttons on top, and small colored parts like green, orange, and yellow. The camera is mostly gray with black outlines to show its shape clearly.",qwen3-vl-plus,A camera that takes pictures.,False,False,,"{
    ""en"": ""Camera"",
    ""zh"": ""相机"",
    ""yue"": ""相機"",
    ""ko"": ""카메라"",
    ""description"": ""This is a drawing of a digital camera. It has a lens in the front, buttons on top, and small colored parts like green, orange, and yellow. The camera is mostly gray with black outlines to show its shape clearly."",
    ""description_brief"": ""A camera that takes pictures."",
    ""needs_inspection"": false,
    ""reason"": """"
}"
extra_cards/activities/dance-4509.jpg,activities,"{""en"":""dance-4509"",""zh"":""跳舞"",""yue"":""跳舞"",""ko"":""춤추기""}",JPEG,402,502,"The image shows two people dancing together. The woman is wearing a blue dress and blue shoes, and the man is wearing a blue shirt and brown pants. They are holding hands and moving in a dance pose.",qwen3-vl-plus,Two people are dancing together in colorful clothes.,False,False,,"{
    ""en"": ""dance-4509"",
    ""zh"": ""跳舞"",
    ""yue"": ""跳舞"",
    ""ko"": ""춤추기"",
    ""description"": ""The image shows two people dancing together. The woman is wearing a blue dress and blue shoes, and the man is wearing a blue shirt and brown pants. They are holding hands and moving in a dance pose."",
    ""description_brief"": ""Two people are dancing together in colorful clothes."",
    ""needs_inspection"": false,
    ""reason"": """"
}"
extra_cards/supplies/2-20錢.jpg,supplies,"{""en"":""Money"",""zh"":""钱"",""yue"":""錢"",""ko"":""돈""}",JPEG,756,1051,"This image shows Hong Kong dollar banknotes and coins. There is a 50-dollar note, a 20-dollar note, a 10-dollar coin, and a 5-dollar coin. These are used to buy things in Hong Kong.",qwen3-vl-plus,This is money used to buy things.,False,False,,"{
    ""en"": ""Money"",
    ""zh"": ""钱"",
    ""yue"": ""錢"",
    ""ko"": ""돈"",
    ""description"": ""This image shows Hong Kong dollar banknotes and coins. There is a 50-dollar note, a 20-dollar note, a 10-dollar coin, and a 5-dollar coin. These are used to buy things in Hong Kong."",
    ""description_brief"": ""This is money used to buy things."",
    ""needs_inspection"": false,
    ""reason"": """"
}"
extra_cards/festivals/14-32重陽節.jpg,festivals,"{""en"":""Double Ninth Festival"",""zh"":""重阳节"",""yue"":""重陽節"",""ko"":""중양절""}",JPEG,756,1051,"This image shows a family walking on a mountain path during the Double Ninth Festival. The mother holds her child’s hand while the child points ahead happily. Another person walks nearby, also carrying a backpack and wearing a hat.",qwen3-vl-plus,A family hikes together on a mountain path for the Double Ninth Festival.,False,False,,"{
    ""en"": ""Double Ninth Festival"",
    ""zh"": ""重阳节"",
    ""yue"": ""重陽節"",
    ""ko"": ""중양절"",
    ""description"": ""This image shows a family walking on a mountain path during the Double Ninth Festival. The mother holds her child’s hand while the child points ahead happily. Another person walks nearby, also carrying a backpack and wearing a hat."",
    ""description_brief"": ""A family hikes together on a mountain path for the Double Ninth Festival."",
    ""needs_inspection"": false,
    ""reason"": """"
}"
extra_cards/supplies/2-21雨傘.jpg,supplies,"{""en"":""Umbrella"",""zh"":""雨伞"",""yue"":""雨傘"",""ko"":""우산""}",JPEG,756,1051,This is a purple umbrella with a curved handle. It has a round top and black lines showing the sections. The umbrella is open and ready to use.,qwen3-vl-plus,A purple umbrella to keep you dry in the rain.,False,False,,"{
    ""en"": ""Umbrella"",
    ""zh"": ""雨伞"",
    ""yue"": ""雨傘"",
    ""ko"": ""우산"",
    ""description"": ""This is a purple umbrella with a curved handle. It has a round top and black lines showing the sections. The umbrella is open and ready to use."",
    ""description_brief"": ""A purple umbrella to keep you dry in the rain."",
    ""needs_inspection"": false,
    ""reason"": """"
}"
extra_cards/activities/13a-33洗衣服.jpg,activities,"{""en"":""Washing clothes"",""zh"":""洗衣服"",""yue"":""洗衫"",""ko"":""빨래하기""}",JPEG,756,1051,"A woman with black curly hair is putting blue clothes into a washing machine. She is wearing a pink dress and standing next to a red laundry basket. The washing machine door is open, and she is placing the clothes inside.",qwen3-vl-plus,A person is putting clothes into a washing machine.,False,False,,"{
    ""en"": ""Washing clothes"",
    ""zh"": ""洗衣服"",
    ""yue"": ""洗衫"",
    ""ko"": ""빨래하기"",
    ""description"": ""A woman with black curly hair is putting blue clothes into a washing machine. She is wearing a pink dress and standing next to a red laundry basket. The washing machine door is open, and she is placing the clothes inside."",
    ""description_brief"": ""A person is putting clothes into a washing machine."",
    ""needs_inspection"": false,
    ""reason"": """"
}"
extra_cards/shengxiao/year of dragon.jpg,shengxiao,"{""en"":""Year of the Dragon"",""zh"":""龙年"",""yue"":""龍年"",""ko"":""용의 해""}",JPEG,475,357,This image shows a green dragon holding a yellow flower. Next to it is a red lantern with the Chinese character for 'dragon' and the word 'Dragon' written below. The background is light yellow with small red flowers.,qwen3-vl-plus,A green dragon with a yellow flower next to a red dragon lantern.,False,False,,"{
    ""en"": ""Year of the Dragon"",
    ""zh"": ""龙年"",
    ""yue"": ""龍年"",
    ""ko"": ""용의 해"",
    ""description"": ""This image shows a green dragon holding a yellow flower. Next to it is a red lantern with the Chinese character for 'dragon' and the word 'Dragon' written below. The background is light yellow with small red flowers."",
    ""description_brief"": ""A green dragon with a yellow flower next to a red dragon lantern."",
    ""needs_inspection"": false,
    ""reason"": """"
}"
extra_cards/food/香蕉.jpg,food,"{""en"":""Banana"",""zh"":""香蕉"",""yue"":""香蕉"",""ko"":""바나나""}",JPEG,756,1051,This image shows two yellow bananas connected at the top. The bananas are curved and have black outlines to make them easy to see. The word '香蕉' is written below in black text to help identify the fruit.,qwen3-vl-plus,Two yellow bananas shown with their name in Chinese below.,False,False,,"{
    ""en"": ""Banana"",
    ""zh"": ""香蕉"",
    ""yue"": ""香蕉"",
    ""ko"": ""바나나"",
    ""description"": ""This image shows two yellow bananas connected at the top. The bananas are curved and have black outlines to make them easy to see. The word '香蕉' is written below in black text to help identify the fruit."",
    ""description_brief"": ""Two yellow bananas shown with their name in Chinese below."",
    ""needs_inspection"": false,
    ""reason"": """"
}"
extra_cards/stationery/Paintbrush.jpg,stationery,"{""en"":""Paintbrush"",""zh"":""画笔"",""yue"":""畫筆"",""ko"":""물감 붓""}",JPEG,960,786,"This is a blue paintbrush with a long handle and soft bristles. It is used for painting on paper or canvas. The brush is smooth and easy to hold, making it good for drawing and creating art.",qwen3-vl-plus,A blue paintbrush for making colorful pictures.,False,False,,"{
    ""en"": ""Paintbrush"",
    ""zh"": ""画笔"",
    ""yue"": ""畫筆"",
    ""ko"": ""물감 붓"",
    ""description"": ""This is a blue paintbrush with a long handle and soft bristles. It is used for painting on paper or canvas. The brush is smooth and easy to hold, making it good for drawing and creating art."",
    ""description_brief"": ""A blue paintbrush for making colorful pictures."",
    ""needs_inspection"": false,
    ""reason"": """"
}"
extra_cards/activities/13c-05玩__轉.jpg,activities,"{""en"":""Playing on the merry-go-round"",""zh"":""玩旋转木马"",""yue"":""玩旋轉木馬"",""ko"":""회전목마 타기""}",JPEG,756,1051,"Two children are standing on a yellow merry-go-round with blue handles. The girl is wearing pink and smiling, while the boy in green and brown is also smiling and holding a handle. The merry-go-round is spinning, as shown by curved lines around it.",qwen3-vl-plus,Children are playing on a spinning merry-go-round.,False,False,,"{
    ""en"": ""Playing on the merry-go-round"",
    ""zh"": ""玩旋转木马"",
    ""yue"": ""玩旋轉木馬"",
    ""ko"": ""회전목마 타기"",
    ""description"": ""Two children are standing on a yellow merry-go-round with blue handles. The girl is wearing pink and smiling, while the boy in green and brown is also smiling and holding a handle. The merry-go-round is spinning, as shown by curved lines around it."",
    ""description_brief"": ""Children are playing on a spinning merry-go-round."",
    ""needs_inspection"": false,
    ""reason"": """"
}"
extra_cards/activities/dance.jpg,activities,"{""en"":""Dance Class"",""zh"":""舞蹈课"",""yue"":""舞蹈課"",""ko"":""댄스 수업""}",JPEG,596,596,"This image shows six children standing in a circle, holding hands. They are wearing matching yellow shirts and red shorts. Musical notes float around them, showing that they are dancing to music.",qwen3-vl-plus,Children are dancing together in a circle with music.,False,False,,"{
    ""en"": ""Dance Class"",
    ""zh"": ""舞蹈课"",
    ""yue"": ""舞蹈課"",
    ""ko"": ""댄스 수업"",
    ""description"": ""This image shows six children standing in a circle, holding hands. They are wearing matching yellow shirts and red shorts. Musical notes float around them, showing that they are dancing to music."",
    ""description_brief"": ""Children are dancing together in a circle with music."",
    ""needs_inspection"": false,
    ""reason"": """"
}"
extra_cards/food/魚.jpg,food,"{""en"":""Fish"",""zh"":""鱼"",""yue"":""魚"",""ko"":""물고기""}",JPEG,756,1051,"This is a drawing of a fish. It has a round body, a tail fin, and side fins. The fish is gray with black outlines and a simple eye.",qwen3-vl-plus,A gray fish with fins and a tail.,False,False,,"{
    ""en"": ""Fish"",
    ""zh"": ""鱼"",
    ""yue"": ""魚"",
    ""ko"": ""물고기"",
    ""description"": ""This is a drawing of a fish. It has a round body, a tail fin, and side fins. The fish is gray with black outlines and a simple eye."",
    ""description_brief"": ""A gray fish with fins and a tail."",
    ""needs_inspection"": false,
    ""reason"": """"
}"
extra_cards/supplies/2-22雨衣.jpg,supplies,"{""en"":""Raincoat"",""zh"":""雨衣"",""yue"":""雨衣"",""ko"":""비옷""}",JPEG,756,1051,"This is a yellow raincoat with a hood and buttons down the front. It is designed to keep you dry when it rains. The sleeves are long, and the coat covers your body from shoulders to hips.",qwen3-vl-plus,A yellow raincoat to wear when it’s raining.,False,False,,"{
    ""en"": ""Raincoat"",
    ""zh"": ""雨衣"",
    ""yue"": ""雨衣"",
    ""ko"": ""비옷"",
    ""description"": ""This is a yellow raincoat with a hood and buttons down the front. It is designed to keep you dry when it rains. The sleeves are long, and the coat covers your body from shoulders to hips."",
    ""description_brief"": ""A yellow raincoat to wear when it’s raining."",
    ""needs_inspection"": false,
    ""reason"": """"
}"
extra_cards/shengxiao/year of goat.jpg,shengxiao,"{""en"":""Year of the Goat"",""zh"":""羊年"",""yue"":""羊年"",""ko"":""양의 해""}",JPEG,475,357,"This image shows a cartoon goat with gray legs and face, standing next to a red Chinese lantern. The lantern has the Chinese character for 'goat' and the word 'Goat' written on it. Small red flowers are around the lantern to make it look festive.",qwen3-vl-plus,A friendly goat stands beside a red lantern with the word 'Goat' and Chinese characters for the Year of the Goat.,False,False,,"{
    ""en"": ""Year of the Goat"",
    ""zh"": ""羊年"",
    ""yue"": ""羊年"",
    ""ko"": ""양의 해"",
    ""description"": ""This image shows a cartoon goat with gray legs and face, standing next to a red Chinese lantern. The lantern has the Chinese character for 'goat' and the word 'Goat' written on it. Small red flowers are around the lantern to make it look festive."",
    ""description_brief"": ""A friendly goat stands beside a red lantern with the word 'Goat' and Chinese characters for the Year of the Goat."",
    ""needs_inspection"": false,
    ""reason"": """"
}"
extra_cards/activities/dinner1.jpg,activities,"{""en"":""Eating dinner"",""zh"":""吃晚餐"",""yue"":""食晚飯"",""ko"":""저녁 식사하기""}",JPEG,596,596,"A child with yellow hair is sitting at a table wearing a red shirt. They are holding a fork and knife and eating food from a plate. The image shows a calm, simple scene of having dinner.",qwen3-vl-plus,Child eating dinner with a fork and knife at a table.,False,False,,"{
    ""en"": ""Eating dinner"",
    ""zh"": ""吃晚餐"",
    ""yue"": ""食晚飯"",
    ""ko"": ""저녁 식사하기"",
    ""description"": ""A child with yellow hair is sitting at a table wearing a red shirt. They are holding a fork and knife and eating food from a plate. The image shows a calm, simple scene of having dinner."",
    ""description_brief"": ""Child eating dinner with a fork and knife at a table."",
    ""needs_inspection"": false,
    ""reason"": """"
}"
extra_cards/appliances/10-19收音機.jpg,appliances,"{""en"":""Radio"",""zh"":""收音机"",""yue"":""收音機"",""ko"":""라디오""}",JPEG,756,1051,"This is a portable radio with a yellow handle and an antenna on top. It has buttons and a display screen in the front, and speakers on both sides. You can use it to listen to music or news by turning the knobs and pressing buttons.",qwen3-vl-plus,A radio you can carry and use to listen to sounds.,False,False,,"{
    ""en"": ""Radio"",
    ""zh"": ""收音机"",
    ""yue"": ""收音機"",
    ""ko"": ""라디오"",
    ""description"": ""This is a portable radio with a yellow handle and an antenna on top. It has buttons and a display screen in the front, and speakers on both sides. You can use it to listen to music or news by turning the knobs and pressing buttons."",
    ""description_brief"": ""A radio you can carry and use to listen to sounds."",
    ""needs_inspection"": false,
    ""reason"": """"
}"
extra_cards/festivals/14-33國慶日.jpg,festivals,"{""en"":""National Day"",""zh"":""国庆日"",""yue"":""國慶日"",""ko"":""국경일""}",JPEG,756,1051,"This image shows a red flag with one big yellow star and four small yellow stars. Above the flag, it says 'October 1' in a box. Below the flag, it says 'National Day' in Chinese characters. This is a simple picture to help children understand the holiday.",qwen3-vl-plus,"This is National Day on October 1, shown with a red flag and stars.",False,False,,"{
    ""en"": ""National Day"",
    ""zh"": ""国庆日"",
    ""yue"": ""國慶日"",
    ""ko"": ""국경일"",
    ""description"": ""This image shows a red flag with one big yellow star and four small yellow stars. Above the flag, it says 'October 1' in a box. Below the flag, it says 'National Day' in Chinese characters. This is a simple picture to help children understand the holiday."",
    ""description_brief"": ""This is National Day on October 1, shown with a red flag and stars."",
    ""needs_inspection"": false,
    ""reason"": """"
}"
extra_cards/festivals/14-34回歸紀念日.jpg,festivals,"{""en"":""Hong Kong Reunification Day"",""zh"":""香港回归纪念日"",""yue"":""回歸紀念日"",""ko"":""홍콩 반환 기념일""}",JPEG,756,1051,"This image shows the Hong Kong flag with a red background and a white flower. Above the flag, it says 'July 1' in a box. Below the flag, it says 'Reunification Day' in Chinese characters. This day celebrates when Hong Kong became part of China again on July 1, 1997.",qwen3-vl-plus,"Today is Hong Kong Reunification Day, celebrated on July 1 with the Hong Kong flag.",False,False,,"{
    ""en"": ""Hong Kong Reunification Day"",
    ""zh"": ""香港回归纪念日"",
    ""yue"": ""回歸紀念日"",
    ""ko"": ""홍콩 반환 기념일"",
    ""description"": ""This image shows the Hong Kong flag with a red background and a white flower. Above the flag, it says 'July 1' in a box. Below the flag, it says 'Reunification Day' in Chinese characters. This day celebrates when Hong Kong became part of China again on July 1, 1997."",
    ""description_brief"": ""Today is Hong Kong Reunification Day, celebrated on July 1 with the Hong Kong flag."",
    ""needs_inspection"": false,
    ""reason"": """"
}"
extra_cards/stationery/Paintbrush2.jpg,stationery,"{""en"":""Paintbrush2"",""zh"":""画笔2"",""yue"":""畫筆2"",""ko"":""물감 붓2""}",JPEG,1200,820,This is a paintbrush with a long dark brown handle and silver metal part holding the bristles. The bristles are flat and have blue paint on them. It is used for painting on paper or canvas.,qwen3-vl-plus,"A paintbrush with blue paint on its bristles, ready to paint.",False,False,,"{
    ""en"": ""Paintbrush2"",
    ""zh"": ""画笔2"",
    ""yue"": ""畫筆2"",
    ""ko"": ""물감 붓2"",
    ""description"": ""This is a paintbrush with a long dark brown handle and silver metal part holding the bristles. The bristles are flat and have blue paint on them. It is used for painting on paper or canvas."",
    ""description_brief"": ""A paintbrush with blue paint on its bristles, ready to paint."",
    ""needs_inspection"": false,
    ""reason"": """"
}"
extra_cards/activities/13c-06玩搖搖馬.jpg,activities,"{""en"":""Riding a rocking horse"",""zh"":""玩摇摇马"",""yue"":""玩搖搖馬"",""ko"":""흔들목마 타기""}",JPEG,756,1051,"A child is sitting on a toy rocking horse. The horse has a red saddle and yellow tail, and it moves up and down on a spring base. The child is smiling and holding the handlebars while playing.",qwen3-vl-plus,Child riding a colorful rocking horse with a spring base.,False,False,,"{
    ""en"": ""Riding a rocking horse"",
    ""zh"": ""玩摇摇马"",
    ""yue"": ""玩搖搖馬"",
    ""ko"": ""흔들목마 타기"",
    ""description"": ""A child is sitting on a toy rocking horse. The horse has a red saddle and yellow tail, and it moves up and down on a spring base. The child is smiling and holding the handlebars while playing."",
    ""description_brief"": ""Child riding a colorful rocking horse with a spring base."",
    ""needs_inspection"": false,
    ""reason"": """"
}"
extra_cards/shengxiao/year of horse.jpg,shengxiao,"{""en"":""Year of the Horse"",""zh"":""马年"",""yue"":""馬年"",""ko"":""말의 해""}",JPEG,475,357,"This image shows a brown horse standing next to a red lantern. The lantern has the Chinese character for 'horse' and the word 'Horse' written on it. This is part of the Chinese zodiac, which uses animals to represent years.",qwen3-vl-plus,A horse and a red lantern with the word 'Horse' for the Year of the Horse.,False,False,,"{
    ""en"": ""Year of the Horse"",
    ""zh"": ""马年"",
    ""yue"": ""馬年"",
    ""ko"": ""말의 해"",
    ""description"": ""This image shows a brown horse standing next to a red lantern. The lantern has the Chinese character for 'horse' and the word 'Horse' written on it. This is part of the Chinese zodiac, which uses animals to represent years."",
    ""description_brief"": ""A horse and a red lantern with the word 'Horse' for the Year of the Horse."",
    ""needs_inspection"": false,
    ""reason"": """"
}"
extra_cards/stationery/Paintbrush3.jpg,stationery,"{""en"":""Paintbrush3"",""zh"":""画笔3"",""yue"":""畫筆3"",""ko"":""물감 붓3""}",JPEG,1572,1072,This is a paintbrush with a long wooden handle and soft yellow bristles. The metal part holds the bristles to the handle. It is used for painting on paper or canvas.,qwen3-vl-plus,A paintbrush with a wooden handle for painting.,False,False,,"{
    ""en"": ""Paintbrush3"",
    ""zh"": ""画笔3"",
    ""yue"": ""畫筆3"",
    ""ko"": ""물감 붓3"",
    ""description"": ""This is a paintbrush with a long wooden handle and soft yellow bristles. The metal part holds the bristles to the handle. It is used for painting on paper or canvas."",
    ""description_brief"": ""A paintbrush with a wooden handle for painting."",
    ""needs_inspection"": false,
    ""reason"": """"
}"
extra_cards/food/魚蛋.jpg,food,"{""en"":""Fish balls on a stick"",""zh"":""鱼蛋"",""yue"":""魚蛋"",""ko"":""어묵 공""}",JPEG,756,1051,"This image shows four round yellow fish balls on a wooden stick. They are steaming, which means they are hot and freshly cooked. The fish balls have a slightly browned top, showing they may be grilled or toasted.",qwen3-vl-plus,"Hot fish balls on a stick, ready to eat.",False,False,,"{
    ""en"": ""Fish balls on a stick"",
    ""zh"": ""鱼蛋"",
    ""yue"": ""魚蛋"",
    ""ko"": ""어묵 공"",
    ""description"": ""This image shows four round yellow fish balls on a wooden stick. They are steaming, which means they are hot and freshly cooked. The fish balls have a slightly browned top, showing they may be grilled or toasted."",
    ""description_brief"": ""Hot fish balls on a stick, ready to eat."",
    ""needs_inspection"": false,
    ""reason"": """"
}"
extra_cards/activities/dinner2.jpg,activities,"{""en"":""Eating dinner"",""zh"":""吃晚餐"",""yue"":""食晚飯"",""ko"":""저녁 식사하기""}",JPEG,596,596,"A child with orange hair is sitting at a table wearing a red shirt. They are holding a fork and knife and eating food from a plate. The image shows a calm, simple scene of having dinner.",qwen3-vl-plus,Child eating dinner with a fork and knife at a table.,False,False,,"{
    ""en"": ""Eating dinner"",
    ""zh"": ""吃晚餐"",
    ""yue"": ""食晚飯"",
    ""ko"": ""저녁 식사하기"",
    ""description"": ""A child with orange hair is sitting at a table wearing a red shirt. They are holding a fork and knife and eating food from a plate. The image shows a calm, simple scene of having dinner."",
    ""description_brief"": ""Child eating dinner with a fork and knife at a table."",
    ""needs_inspection"": false,
    ""reason"": """"
}"
extra_cards/food/魷魚絲.jpg,food,"{""en"":""Squid Strips"",""zh"":""鱿鱼丝"",""yue"":""魷魚絲"",""ko"":""오징어 스트립""}",JPEG,756,1051,"This image shows a package of dried squid strips. The package is yellow and has a cartoon squid on it. Next to the package, there are some loose yellow squid strips.",qwen3-vl-plus,A snack of dried squid strips in a yellow package.,False,False,,"{
    ""en"": ""Squid Strips"",
    ""zh"": ""鱿鱼丝"",
    ""yue"": ""魷魚絲"",
    ""ko"": ""오징어 스트립"",
    ""description"": ""This image shows a package of dried squid strips. The package is yellow and has a cartoon squid on it. Next to the package, there are some loose yellow squid strips."",
    ""description_brief"": ""A snack of dried squid strips in a yellow package."",
    ""needs_inspection"": false,
    ""reason"": """"
}"
extra_cards/supplies/2-24潤唇膏.jpg,supplies,"{""en"":""Lip balm"",""zh"":""润唇膏"",""yue"":""潤唇膏"",""ko"":""립밤""}",JPEG,756,1051,This is a tube of lip balm. It has a blue body and a dark blue cap that is off to the side. The words '潤唇膏' are written on the tube in light purple letters.,qwen3-vl-plus,A blue tube of lip balm with its cap off.,False,False,,"{
    ""en"": ""Lip balm"",
    ""zh"": ""润唇膏"",
    ""yue"": ""潤唇膏"",
    ""ko"": ""립밤"",
    ""description"": ""This is a tube of lip balm. It has a blue body and a dark blue cap that is off to the side. The words '潤唇膏' are written on the tube in light purple letters."",
    ""description_brief"": ""A blue tube of lip balm with its cap off."",
    ""needs_inspection"": false,
    ""reason"": """"
}"
extra_cards/appliances/10-21錄影機.jpg,appliances,"{""en"":""VCR"",""zh"":""录像机"",""yue"":""錄影機"",""ko"":""비디오 녹화기""}",JPEG,756,1051,"This is a VCR, which plays and records videos on tapes. It has buttons to control it and a slot where you insert the tape. People used it to watch movies or record TV shows before digital devices.",qwen3-vl-plus,A machine that plays and records videos using tapes.,False,False,,"{
    ""en"": ""VCR"",
    ""zh"": ""录像机"",
    ""yue"": ""錄影機"",
    ""ko"": ""비디오 녹화기"",
    ""description"": ""This is a VCR, which plays and records videos on tapes. It has buttons to control it and a slot where you insert the tape. People used it to watch movies or record TV shows before digital devices."",
    ""description_brief"": ""A machine that plays and records videos using tapes."",
    ""needs_inspection"": false,
    ""reason"": """"
}"
extra_cards/festivals/14-35勞動節.jpg,festivals,"{""en"":""Labor Day"",""zh"":""劳动节"",""yue"":""勞動節"",""ko"":""노동절""}",JPEG,756,1051,"This image shows three happy workers holding tools. One person holds a wrench, another holds a hammer, and the third holds a tool with a yellow cord. The text at the bottom says 'Labor Day' to celebrate workers.",qwen3-vl-plus,People celebrating Labor Day with tools in their hands.,False,False,,"{
    ""en"": ""Labor Day"",
    ""zh"": ""劳动节"",
    ""yue"": ""勞動節"",
    ""ko"": ""노동절"",
    ""description"": ""This image shows three happy workers holding tools. One person holds a wrench, another holds a hammer, and the third holds a tool with a yellow cord. The text at the bottom says 'Labor Day' to celebrate workers."",
    ""description_brief"": ""People celebrating Labor Day with tools in their hands."",
    ""needs_inspection"": false,
    ""reason"": """"
}"
extra_cards/activities/13a-35上街.jpg,activities,"{""en"":""Going to the street"",""zh"":""上街"",""yue"":""上街"",""ko"":""거리를 걷기""}",JPEG,756,1051,"A family of three is walking on the sidewalk in front of two stores. One store sells porridge and dumplings, and the other is a McDonald's with pictures of fries and a burger. The child is holding the mother’s hand and pointing at the food.",qwen3-vl-plus,A family walks down the street past a porridge shop and McDonald’s.,False,False,,"{
    ""en"": ""Going to the street"",
    ""zh"": ""上街"",
    ""yue"": ""上街"",
    ""ko"": ""거리를 걷기"",
    ""description"": ""A family of three is walking on the sidewalk in front of two stores. One store sells porridge and dumplings, and the other is a McDonald's with pictures of fries and a burger. The child is holding the mother’s hand and pointing at the food."",
    ""description_brief"": ""A family walks down the street past a porridge shop and McDonald’s."",
    ""needs_inspection"": false,
    ""reason"": """"
}"
extra_cards/appliances/10-20音響組合.jpg,appliances,"{""en"":""Stereo System"",""zh"":""音响组合"",""yue"":""音響組合"",""ko"":""스테레오 시스템""}",JPEG,756,1051,This is a stereo system with two big speakers on the sides and a control panel in the middle. It can play music from CDs or tapes. The buttons and screen help you choose what to play.,qwen3-vl-plus,A stereo system that plays music with big speakers and controls in the middle.,False,False,,"{
    ""en"": ""Stereo System"",
    ""zh"": ""音响组合"",
    ""yue"": ""音響組合"",
    ""ko"": ""스테레오 시스템"",
    ""description"": ""This is a stereo system with two big speakers on the sides and a control panel in the middle. It can play music from CDs or tapes. The buttons and screen help you choose what to play."",
    ""description_brief"": ""A stereo system that plays music with big speakers and controls in the middle."",
    ""needs_inspection"": false,
    ""reason"": """"
}"
extra_cards/shengxiao/year of monkey.jpg,shengxiao,"{""en"":""Year of the Monkey"",""zh"":""猴年"",""yue"":""猴年"",""ko"":""원숭이 해""}",JPEG,475,357,This image shows a happy cartoon monkey standing next to a red lantern. The lantern has the Chinese character for 'monkey' and the word 'Monkey' written in English. The background is light yellow with small red flowers around the lantern.,qwen3-vl-plus,A smiling monkey next to a red lantern for the Year of the Monkey.,False,False,,"{
    ""en"": ""Year of the Monkey"",
    ""zh"": ""猴年"",
    ""yue"": ""猴年"",
    ""ko"": ""원숭이 해"",
    ""description"": ""This image shows a happy cartoon monkey standing next to a red lantern. The lantern has the Chinese character for 'monkey' and the word 'Monkey' written in English. The background is light yellow with small red flowers around the lantern."",
    ""description_brief"": ""A smiling monkey next to a red lantern for the Year of the Monkey."",
    ""needs_inspection"": false,
    ""reason"": """"
}"
extra_cards/stationery/Paintbrushes2.jpg,stationery,"{""en"":""Paintbrushes2"",""zh"":""画笔2"",""yue"":""畫筆2"",""ko"":""물감 붓2""}",JPEG,1200,940,This image shows two paintbrushes. One has a blue handle and the other has a yellow handle. Both brushes have brown bristles at the end for painting.,qwen3-vl-plus,Two paintbrushes with blue and yellow handles.,False,False,,"{
    ""en"": ""Paintbrushes2"",
    ""zh"": ""画笔2"",
    ""yue"": ""畫筆2"",
    ""ko"": ""물감 붓2"",
    ""description"": ""This image shows two paintbrushes. One has a blue handle and the other has a yellow handle. Both brushes have brown bristles at the end for painting."",
    ""description_brief"": ""Two paintbrushes with blue and yellow handles."",
    ""needs_inspection"": false,
    ""reason"": """"
}"
extra_cards/activities/doingdishes.png,activities,"{""en"":""doing dishes"",""zh"":""洗碗"",""yue"":""洗碗碟"",""ko"":""그릇 씻기""}",PNG,1875,1875,A person is washing a red dish in a sink with soap bubbles. There are clean plates drying on a rack to the left and more dishes in the sink. The person is wearing a purple shirt and smiling while doing the task.,qwen3-vl-plus,Someone is washing dishes in the kitchen sink.,False,False,,"{
    ""en"": ""doing dishes"",
    ""zh"": ""洗碗"",
    ""yue"": ""洗碗碟"",
    ""ko"": ""그릇 씻기"",
    ""description"": ""A person is washing a red dish in a sink with soap bubbles. There are clean plates drying on a rack to the left and more dishes in the sink. The person is wearing a purple shirt and smiling while doing the task."",
    ""description_brief"": ""Someone is washing dishes in the kitchen sink."",
    ""needs_inspection"": false,
    ""reason"": """"
}"
extra_cards/appliances/10-22DVD機.jpg,appliances,"{""en"":""DVD player"",""zh"":""DVD机"",""yue"":""DVD機"",""ko"":""DVD 플레이어""}",JPEG,756,1051,This is a DVD player. It is a yellow electronic device with buttons and a slot to insert DVDs. You can use it to watch movies or play music from discs.,qwen3-vl-plus,A yellow DVD player for watching movies from discs.,False,False,,"{
    ""en"": ""DVD player"",
    ""zh"": ""DVD机"",
    ""yue"": ""DVD機"",
    ""ko"": ""DVD 플레이어"",
    ""description"": ""This is a DVD player. It is a yellow electronic device with buttons and a slot to insert DVDs. You can use it to watch movies or play music from discs."",
    ""description_brief"": ""A yellow DVD player for watching movies from discs."",
    ""needs_inspection"": false,
    ""reason"": """"
}"
extra_cards/festivals/14-36佛誕.jpg,festivals,"{""en"":""Buddha's Birthday"",""zh"":""佛诞"",""yue"":""佛誕"",""ko"":""부처님 오신 날""}",JPEG,756,1051,This image shows a drawing of Buddha sitting on a lotus flower. He is wearing yellow robes and has his right hand raised with the palm facing forward. Behind him is a bright yellow circle that looks like the sun.,qwen3-vl-plus,A picture of Buddha sitting on a lotus for Buddha’s Birthday.,False,False,,"{
    ""en"": ""Buddha's Birthday"",
    ""zh"": ""佛诞"",
    ""yue"": ""佛誕"",
    ""ko"": ""부처님 오신 날"",
    ""description"": ""This image shows a drawing of Buddha sitting on a lotus flower. He is wearing yellow robes and has his right hand raised with the palm facing forward. Behind him is a bright yellow circle that looks like the sun."",
    ""description_brief"": ""A picture of Buddha sitting on a lotus for Buddha’s Birthday."",
    ""needs_inspection"": false,
    ""reason"": """"
}"
extra_cards/activities/13d-03小息.jpg,activities,"{""en"":""Break Time"",""zh"":""小息"",""yue"":""小息"",""ko"":""휴식 시간""}",JPEG,756,1051,"Children are outside during break time. Some are walking and talking, one is reading a book on a red bench, and others are playing basketball near the court. The scene is calm and shows different ways children relax during break.",qwen3-vl-plus,"Kids are enjoying break time outdoors—walking, reading, or playing basketball.",False,False,,"{
    ""en"": ""Break Time"",
    ""zh"": ""小息"",
    ""yue"": ""小息"",
    ""ko"": ""휴식 시간"",
    ""description"": ""Children are outside during break time. Some are walking and talking, one is reading a book on a red bench, and others are playing basketball near the court. The scene is calm and shows different ways children relax during break."",
    ""description_brief"": ""Kids are enjoying break time outdoors—walking, reading, or playing basketball."",
    ""needs_inspection"": false,
    ""reason"": """"
}"
extra_cards/food/麥精.jpg,food,"{""en"":""Malt Extract"",""zh"":""麦精"",""yue"":""麥精"",""ko"":""맥아추출물""}",JPEG,756,1051,"This is a carton of malt extract drink. It has a straw on top and pictures of wheat on the side. The label says '維他奶' and '麥精', which means it is a milk-like drink made with malt.",qwen3-vl-plus,A carton of malt extract drink with a straw and wheat design.,False,False,,"{
    ""en"": ""Malt Extract"",
    ""zh"": ""麦精"",
    ""yue"": ""麥精"",
    ""ko"": ""맥아추출물"",
    ""description"": ""This is a carton of malt extract drink. It has a straw on top and pictures of wheat on the side. The label says '維他奶' and '麥精', which means it is a milk-like drink made with malt."",
    ""description_brief"": ""A carton of malt extract drink with a straw and wheat design."",
    ""needs_inspection"": false,
    ""reason"": """"
}"
extra_cards/activities/13c-21燒烤.jpg,activities,"{""en"":""Barbecue"",""zh"":""烧烤"",""yue"":""燒烤"",""ko"":""바베큐""}",JPEG,756,1051,Two children are sitting by a stone grill with fire inside. They are holding skewers with food and smiling. One child is also holding a drink can.,qwen3-vl-plus,Children are cooking food on a grill outdoors.,False,False,,"{
    ""en"": ""Barbecue"",
    ""zh"": ""烧烤"",
    ""yue"": ""燒烤"",
    ""ko"": ""바베큐"",
    ""description"": ""Two children are sitting by a stone grill with fire inside. They are holding skewers with food and smiling. One child is also holding a drink can."",
    ""description_brief"": ""Children are cooking food on a grill outdoors."",
    ""needs_inspection"": false,
    ""reason"": """"
}"
extra_cards/supplies/2-23木見液.jpg,supplies,"{""en"":""Wood liquid"",""zh"":""枧液"",""yue"":""枧液"",""ko"":""비누액""}",JPEG,756,1051,This is a bottle with a pump top that contains a blue liquid. The label has flowers and the Chinese characters '枧液'. It is used for washing hands or cleaning things.,qwen3-vl-plus,A bottle of blue liquid with a pump for washing.,False,False,,"{
    ""en"": ""Wood liquid"",
    ""zh"": ""枧液"",
    ""yue"": ""枧液"",
    ""ko"": ""비누액"",
    ""description"": ""This is a bottle with a pump top that contains a blue liquid. The label has flowers and the Chinese characters '枧液'. It is used for washing hands or cleaning things."",
    ""description_brief"": ""A bottle of blue liquid with a pump for washing."",
    ""needs_inspection"": false,
    ""reason"": """"
}"
extra_cards/stationery/Paintbrushes3.jpg,stationery,"{""en"":""Paintbrushes3"",""zh"":""画笔3"",""yue"":""畫筆3"",""ko"":""물감 붓3""}",JPEG,864,445,"This image shows five paintbrushes with wooden handles and metal parts holding the bristles. The brushes are different sizes and have different colored handles, including brown, blue, and natural wood. They are arranged on a white background and look ready to use for painting.",qwen3-vl-plus,Five paintbrushes with wooden handles and different bristle shapes for painting.,False,False,,"{
    ""en"": ""Paintbrushes3"",
    ""zh"": ""画笔3"",
    ""yue"": ""畫筆3"",
    ""ko"": ""물감 붓3"",
    ""description"": ""This image shows five paintbrushes with wooden handles and metal parts holding the bristles. The brushes are different sizes and have different colored handles, including brown, blue, and natural wood. They are arranged on a white background and look ready to use for painting."",
    ""description_brief"": ""Five paintbrushes with wooden handles and different bristle shapes for painting."",
    ""needs_inspection"": false,
    ""reason"": """"
}"
extra_cards/shengxiao/year of ox.jpg,shengxiao,"{""en"":""Year of the Ox"",""zh"":""牛年"",""yue"":""牛年"",""ko"":""소의 해""}",JPEG,475,357,"This image shows a brown ox with light blue horns standing next to a red lantern. The lantern has the Chinese character for 'ox' and the word 'OX' written on it, along with small red flowers. This represents the Year of the Ox in the Chinese zodiac calendar.",qwen3-vl-plus,A brown ox stands beside a red lantern with the word 'OX' and Chinese characters for ox.,False,False,,"{
    ""en"": ""Year of the Ox"",
    ""zh"": ""牛年"",
    ""yue"": ""牛年"",
    ""ko"": ""소의 해"",
    ""description"": ""This image shows a brown ox with light blue horns standing next to a red lantern. The lantern has the Chinese character for 'ox' and the word 'OX' written on it, along with small red flowers. This represents the Year of the Ox in the Chinese zodiac calendar."",
    ""description_brief"": ""A brown ox stands beside a red lantern with the word 'OX' and Chinese characters for ox."",
    ""needs_inspection"": false,
    ""reason"": """"
}"
extra_cards/supplies/2-25膠布.jpg,supplies,"{""en"":""Bandage"",""zh"":""胶布"",""yue"":""膠布"",""ko"":""반창고""}",JPEG,756,1051,This is a bandage. It is used to cover small cuts or scrapes on the skin. The yellow part in the middle helps protect the wound and keeps it clean.,qwen3-vl-plus,A bandage to cover small cuts and help them heal.,False,False,,"{
    ""en"": ""Bandage"",
    ""zh"": ""胶布"",
    ""yue"": ""膠布"",
    ""ko"": ""반창고"",
    ""description"": ""This is a bandage. It is used to cover small cuts or scrapes on the skin. The yellow part in the middle helps protect the wound and keeps it clean."",
    ""description_brief"": ""A bandage to cover small cuts and help them heal."",
    ""needs_inspection"": false,
    ""reason"": """"
}"
extra_cards/food/麵.jpg,food,"{""en"":""Noodles"",""zh"":""面条"",""yue"":""麵"",""ko"":""국수""}",JPEG,756,1051,"This image shows a red bowl filled with yellow noodles. Steam is rising from the bowl, which means the noodles are hot. A pair of chopsticks is lifting some noodles out of the bowl.",qwen3-vl-plus,A bowl of hot noodles being picked up with chopsticks.,False,False,,"{
    ""en"": ""Noodles"",
    ""zh"": ""面条"",
    ""yue"": ""麵"",
    ""ko"": ""국수"",
    ""description"": ""This image shows a red bowl filled with yellow noodles. Steam is rising from the bowl, which means the noodles are hot. A pair of chopsticks is lifting some noodles out of the bowl."",
    ""description_brief"": ""A bowl of hot noodles being picked up with chopsticks."",
    ""needs_inspection"": false,
    ""reason"": """"
}"
extra_cards/beings/7-01狗.jpg,beings,"{""en"":""Dog"",""zh"":""狗"",""yue"":""狗"",""ko"":""개""}",JPEG,756,1051,"This is a yellow dog sitting down. It has pointy ears, a black nose, and its tongue is sticking out. The dog looks calm and friendly.",qwen3-vl-plus,A yellow dog sitting with its tongue out.,False,False,,"{
    ""en"": ""Dog"",
    ""zh"": ""狗"",
    ""yue"": ""狗"",
    ""ko"": ""개"",
    ""description"": ""This is a yellow dog sitting down. It has pointy ears, a black nose, and its tongue is sticking out. The dog looks calm and friendly."",
    ""description_brief"": ""A yellow dog sitting with its tongue out."",
    ""needs_inspection"": false,
    ""reason"": """"
}"
extra_cards/activities/13c-13打乒乓球.jpg,activities,"{""en"":""Playing table tennis"",""zh"":""打乒乓球"",""yue"":""打乒乓球"",""ko"":""탁구 치기""}",JPEG,756,1051,Two children are playing table tennis. One child is wearing a red shirt and holding a red paddle. The other child is wearing a purple shirt and holding a blue paddle. They are standing on opposite sides of a green table with a net in the middle.,qwen3-vl-plus,Two kids are playing table tennis with paddles and a ball.,False,False,,"{
    ""en"": ""Playing table tennis"",
    ""zh"": ""打乒乓球"",
    ""yue"": ""打乒乓球"",
    ""ko"": ""탁구 치기"",
    ""description"": ""Two children are playing table tennis. One child is wearing a red shirt and holding a red paddle. The other child is wearing a purple shirt and holding a blue paddle. They are standing on opposite sides of a green table with a net in the middle."",
    ""description_brief"": ""Two kids are playing table tennis with paddles and a ball."",
    ""needs_inspection"": false,
    ""reason"": """"
}"
extra_cards/festivals/14-37兒童節.jpg,festivals,"{""en"":""Children's Day"",""zh"":""儿童节"",""yue"":""兒童節"",""ko"":""어린이날""}",JPEG,756,1051,This image shows two happy children holding wrapped gifts. The girl has black hair in a ponytail and wears a red shirt. The boy has short black hair and wears an orange shirt. They are smiling and standing close together.,qwen3-vl-plus,Two children are smiling and holding presents for Children’s Day.,False,False,,"{
    ""en"": ""Children's Day"",
    ""zh"": ""儿童节"",
    ""yue"": ""兒童節"",
    ""ko"": ""어린이날"",
    ""description"": ""This image shows two happy children holding wrapped gifts. The girl has black hair in a ponytail and wears a red shirt. The boy has short black hair and wears an orange shirt. They are smiling and standing close together."",
    ""description_brief"": ""Two children are smiling and holding presents for Children’s Day."",
    ""needs_inspection"": false,
    ""reason"": """"
}"
extra_cards/activities/doinghomework (1).png,activities,"{""en"":""doinghomework"",""zh"":""做作业"",""yue"":""做功課"",""ko"":""숙제하기""}",PNG,1772,1329,A boy with glasses is sitting at a desk. He is writing on paper with a pencil and has a calculator and books nearby. He looks calm and focused while working.,qwen3-vl-plus,"A boy is doing homework at his desk with a pencil, calculator, and books.",False,False,,"{
    ""en"": ""doinghomework"",
    ""zh"": ""做作业"",
    ""yue"": ""做功課"",
    ""ko"": ""숙제하기"",
    ""description"": ""A boy with glasses is sitting at a desk. He is writing on paper with a pencil and has a calculator and books nearby. He looks calm and focused while working."",
    ""description_brief"": ""A boy is doing homework at his desk with a pencil, calculator, and books."",
    ""needs_inspection"": false,
    ""reason"": """"
}"
extra_cards/beings/7-02貓.jpg,beings,"{""en"":""Cat"",""zh"":""猫"",""yue"":""貓"",""ko"":""고양이""}",JPEG,756,1051,"This is a drawing of a sitting orange cat. It has pointy ears, big round eyes, and a curved tail. The cat is looking straight ahead with a calm expression.",qwen3-vl-plus,A sitting orange cat with pointy ears and a curved tail.,False,False,,"{
    ""en"": ""Cat"",
    ""zh"": ""猫"",
    ""yue"": ""貓"",
    ""ko"": ""고양이"",
    ""description"": ""This is a drawing of a sitting orange cat. It has pointy ears, big round eyes, and a curved tail. The cat is looking straight ahead with a calm expression."",
    ""description_brief"": ""A sitting orange cat with pointy ears and a curved tail."",
    ""needs_inspection"": false,
    ""reason"": """"
}"
extra_cards/stationery/Paints1.jpg,stationery,"{""en"":""Paints1"",""zh"":""颜料1"",""yue"":""顏料1"",""ko"":""물감1""}",JPEG,662,541,This is a watercolor paint set with many bright colors in small round pots. The lid is clear plastic and can be closed to keep the paints safe. A purple paintbrush is next to the set for painting.,qwen3-vl-plus,A colorful watercolor paint set with a brush for drawing.,False,False,,"{
    ""en"": ""Paints1"",
    ""zh"": ""颜料1"",
    ""yue"": ""顏料1"",
    ""ko"": ""물감1"",
    ""description"": ""This is a watercolor paint set with many bright colors in small round pots. The lid is clear plastic and can be closed to keep the paints safe. A purple paintbrush is next to the set for painting."",
    ""description_brief"": ""A colorful watercolor paint set with a brush for drawing."",
    ""needs_inspection"": false,
    ""reason"": """"
}"
extra_cards/supplies/2-26探熱針.jpg,supplies,"{""en"":""Thermometer"",""zh"":""温度计"",""yue"":""探熱針"",""ko"":""체온계""}",JPEG,756,1051,"This is a thermometer used to measure body temperature. It has a long, thin shape with a red tip and small lines along the side to show the temperature reading. It is safe and simple to use for checking if someone has a fever.",qwen3-vl-plus,A tool to check your body temperature when you feel sick.,False,False,,"{
    ""en"": ""Thermometer"",
    ""zh"": ""温度计"",
    ""yue"": ""探熱針"",
    ""ko"": ""체온계"",
    ""description"": ""This is a thermometer used to measure body temperature. It has a long, thin shape with a red tip and small lines along the side to show the temperature reading. It is safe and simple to use for checking if someone has a fever."",
    ""description_brief"": ""A tool to check your body temperature when you feel sick."",
    ""needs_inspection"": false,
    ""reason"": """"
}"
extra_cards/food/麵包.jpg,food,"{""en"":""Bread"",""zh"":""面包"",""yue"":""麵包"",""ko"":""빵""}",JPEG,756,1051,"This image shows different types of bread. There is a loaf with a slice cut, a round golden roll, and a croissant with a red filling. The bread looks soft and tasty.",qwen3-vl-plus,Different kinds of bread are shown in this picture.,False,False,,"{
    ""en"": ""Bread"",
    ""zh"": ""面包"",
    ""yue"": ""麵包"",
    ""ko"": ""빵"",
    ""description"": ""This image shows different types of bread. There is a loaf with a slice cut, a round golden roll, and a croissant with a red filling. The bread looks soft and tasty."",
    ""description_brief"": ""Different kinds of bread are shown in this picture."",
    ""needs_inspection"": false,
    ""reason"": """"
}"
extra_cards/festivals/14-38母親節.jpg,festivals,"{""en"":""Mother's Day"",""zh"":""母亲节"",""yue"":""母親節"",""ko"":""어머니의 날""}",JPEG,756,1051,This image shows a happy woman with dark curly hair holding a bouquet of pink flowers wrapped in purple paper with a yellow ribbon. She is wearing a blue dress and smiling. The text at the bottom says 'Mother's Day' in Chinese characters.,qwen3-vl-plus,A woman holds flowers for Mother’s Day.,False,False,,"{
    ""en"": ""Mother's Day"",
    ""zh"": ""母亲节"",
    ""yue"": ""母親節"",
    ""ko"": ""어머니의 날"",
    ""description"": ""This image shows a happy woman with dark curly hair holding a bouquet of pink flowers wrapped in purple paper with a yellow ribbon. She is wearing a blue dress and smiling. The text at the bottom says 'Mother's Day' in Chinese characters."",
    ""description_brief"": ""A woman holds flowers for Mother’s Day."",
    ""needs_inspection"": false,
    ""reason"": """"
}"
extra_cards/shengxiao/year of pig.jpg,shengxiao,"{""en"":""Year of the Pig"",""zh"":""猪年"",""yue"":""豬年"",""ko"":""돼지해""}",JPEG,475,357,"This image shows a pink cartoon pig next to a red Chinese lantern. The lantern has the Chinese character for 'pig' and the word 'Pig' written on it. There are small red flowers around the lantern, and the background is light yellow.",qwen3-vl-plus,A pink pig and a red lantern with the word 'Pig' for the Year of the Pig.,False,False,,"{
    ""en"": ""Year of the Pig"",
    ""zh"": ""猪年"",
    ""yue"": ""豬年"",
    ""ko"": ""돼지해"",
    ""description"": ""This image shows a pink cartoon pig next to a red Chinese lantern. The lantern has the Chinese character for 'pig' and the word 'Pig' written on it. There are small red flowers around the lantern, and the background is light yellow."",
    ""description_brief"": ""A pink pig and a red lantern with the word 'Pig' for the Year of the Pig."",
    ""needs_inspection"": false,
    ""reason"": """"
}"
extra_cards/shengxiao/year of rabbit.jpg,shengxiao,"{""en"":""Year of the Rabbit"",""zh"":""兔年"",""yue"":""兔年"",""ko"":""토끼해""}",JPEG,475,357,"This image shows a light blue rabbit sitting on the right side. On the left, there is a red lantern with the Chinese character for 'rabbit' and the word 'Rabbit' written in English. Small red flowers are scattered around the lantern.",qwen3-vl-plus,A blue rabbit next to a red lantern with the word 'Rabbit' and Chinese characters for rabbit year.,False,False,,"{
    ""en"": ""Year of the Rabbit"",
    ""zh"": ""兔年"",
    ""yue"": ""兔年"",
    ""ko"": ""토끼해"",
    ""description"": ""This image shows a light blue rabbit sitting on the right side. On the left, there is a red lantern with the Chinese character for 'rabbit' and the word 'Rabbit' written in English. Small red flowers are scattered around the lantern."",
    ""description_brief"": ""A blue rabbit next to a red lantern with the word 'Rabbit' and Chinese characters for rabbit year."",
    ""needs_inspection"": false,
    ""reason"": """"
}"
extra_cards/activities/doinghomework (2).png,activities,"{""en"":""doinghomework (2)"",""zh"":""做作业（2）"",""yue"":""做功課（2）"",""ko"":""숙제하기 (2)""}",PNG,1772,1329,A boy with glasses is sitting at a desk. He is writing on paper with a pencil and has a calculator and open book nearby. He looks calm and focused while working.,qwen3-vl-plus,"A boy is doing homework at his desk with a pencil, calculator, and book.",False,False,,"{
    ""en"": ""doinghomework (2)"",
    ""zh"": ""做作业（2）"",
    ""yue"": ""做功課（2）"",
    ""ko"": ""숙제하기 (2)"",
    ""description"": ""A boy with glasses is sitting at a desk. He is writing on paper with a pencil and has a calculator and open book nearby. He looks calm and focused while working."",
    ""description_brief"": ""A boy is doing homework at his desk with a pencil, calculator, and book."",
    ""needs_inspection"": false,
    ""reason"": """"
}"
extra_cards/activities/13c-14游泳.jpg,activities,"{""en"":""Swimming"",""zh"":""游泳"",""yue"":""游水"",""ko"":""수영""}",JPEG,756,1051,"The image shows a child in the water with one arm raised, moving through blue water. The child has dark hair and is smiling slightly while swimming. This activity helps build strength and is fun in the water.",qwen3-vl-plus,A child is swimming in the water with one arm up.,False,False,,"{
    ""en"": ""Swimming"",
    ""zh"": ""游泳"",
    ""yue"": ""游水"",
    ""ko"": ""수영"",
    ""description"": ""The image shows a child in the water with one arm raised, moving through blue water. The child has dark hair and is smiling slightly while swimming. This activity helps build strength and is fun in the water."",
    ""description_brief"": ""A child is swimming in the water with one arm up."",
    ""needs_inspection"": false,
    ""reason"": """"
}"
extra_cards/festivals/14-39父親節.jpg,festivals,"{""en"":""Father's Day"",""zh"":""父亲节"",""yue"":""父親節"",""ko"":""아버지의 날""}",JPEG,756,1051,"This image shows a person holding a gift box with a pink bow. The person is smiling and wearing a light yellow shirt. The text below says 'Father's Day', which means it is a day to celebrate and thank fathers.",qwen3-vl-plus,A person holds a gift for Father's Day.,False,False,,"{
    ""en"": ""Father's Day"",
    ""zh"": ""父亲节"",
    ""yue"": ""父親節"",
    ""ko"": ""아버지의 날"",
    ""description"": ""This image shows a person holding a gift box with a pink bow. The person is smiling and wearing a light yellow shirt. The text below says 'Father's Day', which means it is a day to celebrate and thank fathers."",
    ""description_brief"": ""A person holds a gift for Father's Day."",
    ""needs_inspection"": false,
    ""reason"": """"
}"
extra_cards/stationery/Paints2.jpg,stationery,"{""en"":""Paints2"",""zh"":""颜料2"",""yue"":""顏料2"",""ko"":""페인트2""}",JPEG,1200,929,"This image shows several small containers of paint in blue, yellow, red, and black. One blue container is open with a blue brush inside, and another brush with blue paint is lying nearby. The lids are black and some have paint smudges on them.",qwen3-vl-plus,"Blue, yellow, red, and black paints in small pots with brushes.",False,False,,"{
    ""en"": ""Paints2"",
    ""zh"": ""颜料2"",
    ""yue"": ""顏料2"",
    ""ko"": ""페인트2"",
    ""description"": ""This image shows several small containers of paint in blue, yellow, red, and black. One blue container is open with a blue brush inside, and another brush with blue paint is lying nearby. The lids are black and some have paint smudges on them."",
    ""description_brief"": ""Blue, yellow, red, and black paints in small pots with brushes."",
    ""needs_inspection"": false,
    ""reason"": """"
}"
extra_cards/activities/doinghomework.png,activities,"{""en"":""doinghomework"",""zh"":""做作业"",""yue"":""做功課"",""ko"":""숙제하기""}",PNG,1772,1329,A boy with glasses is sitting at a desk. He is writing on paper with a pencil and has a calculator and open book nearby. He looks calm and focused while working.,qwen3-vl-plus,"A boy is doing homework at his desk with a pencil, calculator, and book.",False,False,,"{
    ""en"": ""doinghomework"",
    ""zh"": ""做作业"",
    ""yue"": ""做功課"",
    ""ko"": ""숙제하기"",
    ""description"": ""A boy with glasses is sitting at a desk. He is writing on paper with a pencil and has a calculator and open book nearby. He looks calm and focused while working."",
    ""description_brief"": ""A boy is doing homework at his desk with a pencil, calculator, and book."",
    ""needs_inspection"": false,
    ""reason"": """"
}"
extra_cards/food/點心麵.jpg,food,"{""en"":""Snack Noodles"",""zh"":""点心面"",""yue"":""點心麵"",""ko"":""간식면""}",JPEG,756,1051,"This image shows a bag of snack noodles with a cartoon child peeking out from inside. The noodles are small, crunchy, and golden brown. The bag is red and white with yellow text that says '點心麵'.",qwen3-vl-plus,A bag of crunchy snack noodles with a happy child inside.,False,False,,"{
    ""en"": ""Snack Noodles"",
    ""zh"": ""点心面"",
    ""yue"": ""點心麵"",
    ""ko"": ""간식면"",
    ""description"": ""This image shows a bag of snack noodles with a cartoon child peeking out from inside. The noodles are small, crunchy, and golden brown. The bag is red and white with yellow text that says '點心麵'."",
    ""description_brief"": ""A bag of crunchy snack noodles with a happy child inside."",
    ""needs_inspection"": false,
    ""reason"": """"
}"
extra_cards/supplies/ax.jpg,supplies,"{""en"":""ax"",""zh"":""斧头"",""yue"":""斧頭"",""ko"":""도끼""}",JPEG,551,413,This is a drawing of an ax. It has a red head with a sharp white blade and a brown wooden handle. The ax is shown on a light green background.,qwen3-vl-plus,A red and brown ax with a sharp blade.,False,False,,"{
    ""en"": ""ax"",
    ""zh"": ""斧头"",
    ""yue"": ""斧頭"",
    ""ko"": ""도끼"",
    ""description"": ""This is a drawing of an ax. It has a red head with a sharp white blade and a brown wooden handle. The ax is shown on a light green background."",
    ""description_brief"": ""A red and brown ax with a sharp blade."",
    ""needs_inspection"": false,
    ""reason"": """"
}"
extra_cards/beings/7-04豬.jpg,beings,"{""en"":""Pig"",""zh"":""猪"",""yue"":""豬"",""ko"":""돼지""}",JPEG,756,1051,"This is a drawing of a pink pig. It has small ears, a curly tail, and black hooves. The pig is standing and looking forward.",qwen3-vl-plus,A pink pig with a curly tail and black feet.,False,False,,"{
    ""en"": ""Pig"",
    ""zh"": ""猪"",
    ""yue"": ""豬"",
    ""ko"": ""돼지"",
    ""description"": ""This is a drawing of a pink pig. It has small ears, a curly tail, and black hooves. The pig is standing and looking forward."",
    ""description_brief"": ""A pink pig with a curly tail and black feet."",
    ""needs_inspection"": false,
    ""reason"": """"
}"
extra_cards/supplies/2-27藥.jpg,supplies,"{""en"":""Medicine"",""zh"":""药"",""yue"":""藥"",""ko"":""약""}",JPEG,756,1051,"This image shows different types of medicine. There is a bottle with purple liquid, a bag with yellow pills inside, and some loose pills and capsules on the table. The word '藥' means medicine in Chinese.",qwen3-vl-plus,"This is medicine — pills, capsules, and liquid in a bottle.",False,False,,"{
    ""en"": ""Medicine"",
    ""zh"": ""药"",
    ""yue"": ""藥"",
    ""ko"": ""약"",
    ""description"": ""This image shows different types of medicine. There is a bottle with purple liquid, a bag with yellow pills inside, and some loose pills and capsules on the table. The word '藥' means medicine in Chinese."",
    ""description_brief"": ""This is medicine — pills, capsules, and liquid in a bottle."",
    ""needs_inspection"": false,
    ""reason"": """"
}"
extra_cards/beings/7-03雞.jpg,beings,"{""en"":""Chicken"",""zh"":""鸡"",""yue"":""雞"",""ko"":""닭""}",JPEG,756,1051,This is a drawing of a yellow chicken with an orange comb and wattle. It has brown feet and a white tail. The chicken is standing on a white background with a purple stripe at the top.,qwen3-vl-plus,A yellow chicken standing up with a red comb and brown feet.,False,False,,"{
    ""en"": ""Chicken"",
    ""zh"": ""鸡"",
    ""yue"": ""雞"",
    ""ko"": ""닭"",
    ""description"": ""This is a drawing of a yellow chicken with an orange comb and wattle. It has brown feet and a white tail. The chicken is standing on a white background with a purple stripe at the top."",
    ""description_brief"": ""A yellow chicken standing up with a red comb and brown feet."",
    ""needs_inspection"": false,
    ""reason"": """"
}"
extra_cards/activities/13c-15跳舞.jpg,activities,"{""en"":""Dancing"",""zh"":""跳舞"",""yue"":""跳舞"",""ko"":""춤추기""}",JPEG,756,1051,"The image shows a girl wearing a pink dress and ballet shoes. She is standing with one arm raised and her eyes closed, as if she is enjoying dancing. Purple musical notes float around her to show music is playing.",qwen3-vl-plus,A girl in a pink dress is dancing with music notes around her.,False,False,,"{
    ""en"": ""Dancing"",
    ""zh"": ""跳舞"",
    ""yue"": ""跳舞"",
    ""ko"": ""춤추기"",
    ""description"": ""The image shows a girl wearing a pink dress and ballet shoes. She is standing with one arm raised and her eyes closed, as if she is enjoying dancing. Purple musical notes float around her to show music is playing."",
    ""description_brief"": ""A girl in a pink dress is dancing with music notes around her."",
    ""needs_inspection"": false,
    ""reason"": """"
}"
extra_cards/stationery/Paints3.jpg,stationery,"{""en"":""Paints3"",""zh"":""颜料3"",""yue"":""顏料3"",""ko"":""물감3""}",JPEG,1200,766,"This image shows five small bottles of poster paint in different colors: black, red, yellow, green, and blue. One blue bottle is open with its lid beside it. A paintbrush with a black handle and brown bristles lies below the bottles.",qwen3-vl-plus,Five bottles of colorful paint and one paintbrush.,False,False,,"{
    ""en"": ""Paints3"",
    ""zh"": ""颜料3"",
    ""yue"": ""顏料3"",
    ""ko"": ""물감3"",
    ""description"": ""This image shows five small bottles of poster paint in different colors: black, red, yellow, green, and blue. One blue bottle is open with its lid beside it. A paintbrush with a black handle and brown bristles lies below the bottles."",
    ""description_brief"": ""Five bottles of colorful paint and one paintbrush."",
    ""needs_inspection"": false,
    ""reason"": """"
}"
extra_cards/shengxiao/year of rat.jpg,shengxiao,"{""en"":""Year of the Rat"",""zh"":""鼠年"",""yue"":""鼠年"",""ko"":""쥐의 해""}",JPEG,475,357,"This image shows a blue cartoon rat next to a red Chinese lantern. The lantern has the Chinese character for 'rat' and the English word 'Rat'. Red flowers are around the lantern, and the background is light yellow.",qwen3-vl-plus,A blue rat beside a red lantern with the word 'Rat' and Chinese characters for rat year.,False,False,,"{
    ""en"": ""Year of the Rat"",
    ""zh"": ""鼠年"",
    ""yue"": ""鼠年"",
    ""ko"": ""쥐의 해"",
    ""description"": ""This image shows a blue cartoon rat next to a red Chinese lantern. The lantern has the Chinese character for 'rat' and the English word 'Rat'. Red flowers are around the lantern, and the background is light yellow."",
    ""description_brief"": ""A blue rat beside a red lantern with the word 'Rat' and Chinese characters for rat year."",
    ""needs_inspection"": false,
    ""reason"": """"
}"
extra_cards/food/龍眼.jpg,food,"{""en"":""Longan"",""zh"":""龙眼"",""yue"":""龍眼"",""ko"":""용안""}",JPEG,756,1051,This image shows a bunch of longan fruits hanging on thin brown stems. The fruits are round and orange-yellow with small dark dots on their skin. Longan is a sweet fruit that grows in warm places.,qwen3-vl-plus,"A cluster of sweet, round longan fruits on stems.",False,False,,"{
    ""en"": ""Longan"",
    ""zh"": ""龙眼"",
    ""yue"": ""龍眼"",
    ""ko"": ""용안"",
    ""description"": ""This image shows a bunch of longan fruits hanging on thin brown stems. The fruits are round and orange-yellow with small dark dots on their skin. Longan is a sweet fruit that grows in warm places."",
    ""description_brief"": ""A cluster of sweet, round longan fruits on stems."",
    ""needs_inspection"": false,
    ""reason"": """"
}"
extra_cards/activities/dressingclothes.png,activities,"{""en"":""dressingclothes"",""zh"":""穿衣服"",""yue"":""穿衫"",""ko"":""옷 입기""}",PNG,1772,1772,This image shows a person pulling a green shirt over their head. The person has short brown hair and is wearing blue pants. One arm is raised while the other holds the bottom of the shirt.,qwen3-vl-plus,A person is putting on a green shirt.,False,False,,"{
    ""en"": ""dressingclothes"",
    ""zh"": ""穿衣服"",
    ""yue"": ""穿衫"",
    ""ko"": ""옷 입기"",
    ""description"": ""This image shows a person pulling a green shirt over their head. The person has short brown hair and is wearing blue pants. One arm is raised while the other holds the bottom of the shirt."",
    ""description_brief"": ""A person is putting on a green shirt."",
    ""needs_inspection"": false,
    ""reason"": """"
}"
extra_cards/festivals/14-40生日會.jpg,festivals,"{""en"":""Birthday Party"",""zh"":""生日会"",""yue"":""生日會"",""ko"":""생일 파티""}",JPEG,756,1051,"This image shows a group of people gathered around a table for a birthday celebration. There is a cake with one candle and the words '生日快乐' written on it. Everyone is smiling and looking happy, and there are other foods like chicken and sandwiches on the table.",qwen3-vl-plus,People are celebrating a birthday with cake and food at a table.,False,False,,"{
    ""en"": ""Birthday Party"",
    ""zh"": ""生日会"",
    ""yue"": ""生日會"",
    ""ko"": ""생일 파티"",
    ""description"": ""This image shows a group of people gathered around a table for a birthday celebration. There is a cake with one candle and the words '生日快乐' written on it. Everyone is smiling and looking happy, and there are other foods like chicken and sandwiches on the table."",
    ""description_brief"": ""People are celebrating a birthday with cake and food at a table."",
    ""needs_inspection"": false,
    ""reason"": """"
}"
extra_cards/supplies/hammer.jpg,supplies,"{""en"":""hammer"",""zh"":""锤子"",""yue"":""錘"",""ko"":""해머""}",JPEG,230,551,This is a hammer. It has a wooden handle and a metal head with a flat side for hitting nails and a claw side for pulling them out. It is used to build or fix things.,qwen3-vl-plus,A hammer is used to hit nails into wood or pull them out.,False,False,,"{
    ""en"": ""hammer"",
    ""zh"": ""锤子"",
    ""yue"": ""錘"",
    ""ko"": ""해머"",
    ""description"": ""This is a hammer. It has a wooden handle and a metal head with a flat side for hitting nails and a claw side for pulling them out. It is used to build or fix things."",
    ""description_brief"": ""A hammer is used to hit nails into wood or pull them out."",
    ""needs_inspection"": false,
    ""reason"": """"
}"
extra_cards/stationery/Paints4.jpg,stationery,"{""en"":""Paints4"",""zh"":""颜料4"",""yue"":""顏料4"",""ko"":""페인트4""}",JPEG,1200,868,"This image shows a set of small paint pots connected in a line. Each pot has a different color lid and contains paint inside. The pots are made of plastic and some lids are open, showing the paint.",qwen3-vl-plus,"A row of colorful paint pots with lids, some open.",False,False,,"{
    ""en"": ""Paints4"",
    ""zh"": ""颜料4"",
    ""yue"": ""顏料4"",
    ""ko"": ""페인트4"",
    ""description"": ""This image shows a set of small paint pots connected in a line. Each pot has a different color lid and contains paint inside. The pots are made of plastic and some lids are open, showing the paint."",
    ""description_brief"": ""A row of colorful paint pots with lids, some open."",
    ""needs_inspection"": false,
    ""reason"": """"
}"
extra_cards/shengxiao/year of rooster.jpg,shengxiao,"{""en"":""Year of the Rooster"",""zh"":""鸡年"",""yue"":""雞年"",""ko"":""닭의 해""}",JPEG,475,357,"This image shows a cartoon rooster with brown and white feathers, a red comb, and yellow beak and feet. Next to it is a red lantern with the Chinese character for 'rooster' and the word 'Rooster' written below. Small red flowers decorate the lantern string.",qwen3-vl-plus,A rooster and a red lantern with the word 'Rooster' for the Year of the Rooster.,False,False,,"{
    ""en"": ""Year of the Rooster"",
    ""zh"": ""鸡年"",
    ""yue"": ""雞年"",
    ""ko"": ""닭의 해"",
    ""description"": ""This image shows a cartoon rooster with brown and white feathers, a red comb, and yellow beak and feet. Next to it is a red lantern with the Chinese character for 'rooster' and the word 'Rooster' written below. Small red flowers decorate the lantern string."",
    ""description_brief"": ""A rooster and a red lantern with the word 'Rooster' for the Year of the Rooster."",
    ""needs_inspection"": false,
    ""reason"": """"
}"
extra_cards/furniture/11-01檯.jpg,furniture,"{""en"":""Table"",""zh"":""桌子"",""yue"":""檯"",""ko"":""테이블""}",JPEG,756,1051,"This is a small round table with four brown legs. The top is flat and smooth, good for placing things like books or cups. It stands on the floor and does not move unless pushed.",qwen3-vl-plus,A small round table with four legs for holding items.,False,False,,"{
    ""en"": ""Table"",
    ""zh"": ""桌子"",
    ""yue"": ""檯"",
    ""ko"": ""테이블"",
    ""description"": ""This is a small round table with four brown legs. The top is flat and smooth, good for placing things like books or cups. It stands on the floor and does not move unless pushed."",
    ""description_brief"": ""A small round table with four legs for holding items."",
    ""needs_inspection"": false,
    ""reason"": """"
}"
extra_cards/activities/13a-40看醫生.jpg,activities,"{""en"":""See the doctor"",""zh"":""看医生"",""yue"":""睇醫生"",""ko"":""의사 보기""}",JPEG,756,1051,"A doctor is sitting at a desk and using a stethoscope to listen to a child’s chest. The child is sitting on a chair, lifting their shirt, and looking a little worried. There are papers and a pen on the desk.",qwen3-vl-plus,A child is seeing a doctor who is checking their chest with a stethoscope.,False,False,,"{
    ""en"": ""See the doctor"",
    ""zh"": ""看医生"",
    ""yue"": ""睇醫生"",
    ""ko"": ""의사 보기"",
    ""description"": ""A doctor is sitting at a desk and using a stethoscope to listen to a child’s chest. The child is sitting on a chair, lifting their shirt, and looking a little worried. There are papers and a pen on the desk."",
    ""description_brief"": ""A child is seeing a doctor who is checking their chest with a stethoscope."",
    ""needs_inspection"": false,
    ""reason"": """"
}"
extra_cards/festivals/14-41敬師節.jpg,festivals,"{""en"":""Teachers' Day"",""zh"":""教师节"",""yue"":""敬師節"",""ko"":""스승의 날""}",JPEG,756,1051,This image shows a girl holding a purple card with Chinese characters and a pink flower. She is smiling and wearing a light blue shirt. The text at the bottom says 'Teachers' Day' in Chinese characters.,qwen3-vl-plus,A girl holds a card and flower to celebrate Teachers' Day.,False,False,,"{
    ""en"": ""Teachers' Day"",
    ""zh"": ""教师节"",
    ""yue"": ""敬師節"",
    ""ko"": ""스승의 날"",
    ""description"": ""This image shows a girl holding a purple card with Chinese characters and a pink flower. She is smiling and wearing a light blue shirt. The text at the bottom says 'Teachers' Day' in Chinese characters."",
    ""description_brief"": ""A girl holds a card and flower to celebrate Teachers' Day."",
    ""needs_inspection"": false,
    ""reason"": """"
}"
extra_cards/beings/7-05羊.jpg,beings,"{""en"":""Goat"",""zh"":""羊"",""yue"":""羊"",""ko"":""염소""}",JPEG,756,1051,This is a drawing of a white goat with curved brown horns. It has a pink collar with a yellow bell around its neck. The goat is standing and looking to the left.,qwen3-vl-plus,A white goat with horns and a bell on its neck.,False,False,,"{
    ""en"": ""Goat"",
    ""zh"": ""羊"",
    ""yue"": ""羊"",
    ""ko"": ""염소"",
    ""description"": ""This is a drawing of a white goat with curved brown horns. It has a pink collar with a yellow bell around its neck. The goat is standing and looking to the left."",
    ""description_brief"": ""A white goat with horns and a bell on its neck."",
    ""needs_inspection"": false,
    ""reason"": """"
}"
extra_cards/activities/drink-4701.jpg,activities,"{""en"":""drink-4701"",""zh"":""喝-4701"",""yue"":""飲-4701"",""ko"":""마시기-4701""}",JPEG,402,502,A boy with brown hair is wearing a green shirt and drinking from a clear cup. He is holding the cup with both hands and tilting it to his mouth. This image shows the action of drinking water or another liquid.,qwen3-vl-plus,A boy is drinking from a cup.,False,False,,"{
    ""en"": ""drink-4701"",
    ""zh"": ""喝-4701"",
    ""yue"": ""飲-4701"",
    ""ko"": ""마시기-4701"",
    ""description"": ""A boy with brown hair is wearing a green shirt and drinking from a clear cup. He is holding the cup with both hands and tilting it to his mouth. This image shows the action of drinking water or another liquid."",
    ""description_brief"": ""A boy is drinking from a cup."",
    ""needs_inspection"": false,
    ""reason"": """"
}"
extra_cards/activities/13a-36排隊等車.jpg,activities,"{""en"":""Waiting in line for the bus"",""zh"":""排队等车"",""yue"":""排隊等車"",""ko"":""버스를 기다리며 줄 서기""}",JPEG,756,1051,This image shows four people standing in a line at a bus stop. They are waiting for the bus to arrive. The bus stop has a shelter and signs that say 'KMB' and '巴士站'.,qwen3-vl-plus,People are standing in line at a bus stop waiting for the bus.,False,False,,"{
    ""en"": ""Waiting in line for the bus"",
    ""zh"": ""排队等车"",
    ""yue"": ""排隊等車"",
    ""ko"": ""버스를 기다리며 줄 서기"",
    ""description"": ""This image shows four people standing in a line at a bus stop. They are waiting for the bus to arrive. The bus stop has a shelter and signs that say 'KMB' and '巴士站'."",
    ""description_brief"": ""People are standing in line at a bus stop waiting for the bus."",
    ""needs_inspection"": false,
    ""reason"": """"
}"
extra_cards/activities/13c-08跑步.jpg,activities,"{""en"":""Running"",""zh"":""跑步"",""yue"":""跑步"",""ko"":""달리기""}",JPEG,756,1051,"The image shows a boy with black hair wearing a green shirt with a red stripe, blue shorts, white socks, and black shoes. He is moving his legs and arms as if running fast, with lines showing motion. His mouth is open, which may mean he is breathing hard or making noise while running.",qwen3-vl-plus,A boy is running quickly in his sports clothes.,False,False,,"{
    ""en"": ""Running"",
    ""zh"": ""跑步"",
    ""yue"": ""跑步"",
    ""ko"": ""달리기"",
    ""description"": ""The image shows a boy with black hair wearing a green shirt with a red stripe, blue shorts, white socks, and black shoes. He is moving his legs and arms as if running fast, with lines showing motion. His mouth is open, which may mean he is breathing hard or making noise while running."",
    ""description_brief"": ""A boy is running quickly in his sports clothes."",
    ""needs_inspection"": false,
    ""reason"": """"
}"
extra_cards/shengxiao/year of snake.jpg,shengxiao,"{""en"":""Year of the Snake"",""zh"":""蛇年"",""yue"":""蛇年"",""ko"":""뱀의 해""}",JPEG,475,357,This image shows a green cartoon snake with black eyes and a red tongue. Next to it is a red lantern with the Chinese character for 'snake' and the word 'Snake' written in English. The background is light yellow with small red flowers.,qwen3-vl-plus,A green snake and a red lantern with the word 'Snake' for the Year of the Snake.,False,False,,"{
    ""en"": ""Year of the Snake"",
    ""zh"": ""蛇年"",
    ""yue"": ""蛇年"",
    ""ko"": ""뱀의 해"",
    ""description"": ""This image shows a green cartoon snake with black eyes and a red tongue. Next to it is a red lantern with the Chinese character for 'snake' and the word 'Snake' written in English. The background is light yellow with small red flowers."",
    ""description_brief"": ""A green snake and a red lantern with the word 'Snake' for the Year of the Snake."",
    ""needs_inspection"": false,
    ""reason"": """"
}"
extra_cards/activities/13a-42戴口罩.jpg,activities,"{""en"":""Wearing a mask"",""zh"":""戴口罩"",""yue"":""戴口罩"",""ko"":""마스크 착용""}",JPEG,756,1051,The image shows a child putting on a light green face mask. The child is wearing a white shirt with a pocket and blue pants. Both hands are holding the mask over the nose and mouth area.,qwen3-vl-plus,A child is putting on a face mask to cover their nose and mouth.,False,False,,"{
    ""en"": ""Wearing a mask"",
    ""zh"": ""戴口罩"",
    ""yue"": ""戴口罩"",
    ""ko"": ""마스크 착용"",
    ""description"": ""The image shows a child putting on a light green face mask. The child is wearing a white shirt with a pocket and blue pants. Both hands are holding the mask over the nose and mouth area."",
    ""description_brief"": ""A child is putting on a face mask to cover their nose and mouth."",
    ""needs_inspection"": false,
    ""reason"": """"
}"
extra_cards/stationery/Paints5.jpg,stationery,"{""en"":""Paints5"",""zh"":""颜料5"",""yue"":""顏料5"",""ko"":""물감5""}",JPEG,960,788,"This is a small watercolor paint set with eight colors in a blue plastic case. It includes a clear lid and a blue paintbrush for mixing and painting. The colors are bright and easy to see, making it simple to choose which one to use.",qwen3-vl-plus,A blue case with eight watercolor paints and a brush inside.,False,False,,"{
    ""en"": ""Paints5"",
    ""zh"": ""颜料5"",
    ""yue"": ""顏料5"",
    ""ko"": ""물감5"",
    ""description"": ""This is a small watercolor paint set with eight colors in a blue plastic case. It includes a clear lid and a blue paintbrush for mixing and painting. The colors are bright and easy to see, making it simple to choose which one to use."",
    ""description_brief"": ""A blue case with eight watercolor paints and a brush inside."",
    ""needs_inspection"": false,
    ""reason"": """"
}"
extra_cards/activities/eat-4702.jpg,activities,"{""en"":""eat"",""zh"":""吃"",""yue"":""食"",""ko"":""먹다""}",JPEG,402,502,The image shows a girl with brown hair in two pigtails wearing a red shirt. She is holding a sandwich with both hands and taking a bite. The word '吃' is written below her to show the action of eating.,qwen3-vl-plus,A girl is eating a sandwich.,False,False,,"{
    ""en"": ""eat"",
    ""zh"": ""吃"",
    ""yue"": ""食"",
    ""ko"": ""먹다"",
    ""description"": ""The image shows a girl with brown hair in two pigtails wearing a red shirt. She is holding a sandwich with both hands and taking a bite. The word '吃' is written below her to show the action of eating."",
    ""description_brief"": ""A girl is eating a sandwich."",
    ""needs_inspection"": false,
    ""reason"": """"
}"
extra_cards/supplies/hoe.jpg,supplies,"{""en"":""hoe"",""zh"":""锄头"",""yue"":""鋤頭"",""ko"":""호미""}",JPEG,551,414,This is a hoe. It has a long wooden handle and a metal blade at the end. People use it to dig in the soil or remove weeds in gardens.,qwen3-vl-plus,A tool with a long handle and metal blade used for gardening.,False,False,,"{
    ""en"": ""hoe"",
    ""zh"": ""锄头"",
    ""yue"": ""鋤頭"",
    ""ko"": ""호미"",
    ""description"": ""This is a hoe. It has a long wooden handle and a metal blade at the end. People use it to dig in the soil or remove weeds in gardens."",
    ""description_brief"": ""A tool with a long handle and metal blade used for gardening."",
    ""needs_inspection"": false,
    ""reason"": """"
}"
extra_cards/activities/13c-09跳繩.jpg,activities,"{""en"":""Jumping rope"",""zh"":""跳绳"",""yue"":""跳繩"",""ko"":""줄넘기""}",JPEG,756,1051,"A child is holding a jump rope with both hands and jumping over it. The child is wearing a purple striped shirt, blue shorts, white socks, and purple shoes. The background is plain white with a green bar at the top.",qwen3-vl-plus,A child is jumping rope.,False,False,,"{
    ""en"": ""Jumping rope"",
    ""zh"": ""跳绳"",
    ""yue"": ""跳繩"",
    ""ko"": ""줄넘기"",
    ""description"": ""A child is holding a jump rope with both hands and jumping over it. The child is wearing a purple striped shirt, blue shorts, white socks, and purple shoes. The background is plain white with a green bar at the top."",
    ""description_brief"": ""A child is jumping rope."",
    ""needs_inspection"": false,
    ""reason"": """"
}"
extra_cards/stationery/Paints6.jpg,stationery,"{""en"":""Paints6"",""zh"":""颜料6"",""yue"":""顏料6"",""ko"":""물감6""}",JPEG,1200,796,"This image shows a hand holding a blue paintbrush over a small watercolor paint set. The paint set has six colors: black, red, blue, green, yellow, and orange. The paint tray is open and has a clear plastic lid.",qwen3-vl-plus,A hand holds a brush over a small set of six colorful paints.,False,False,,"{
    ""en"": ""Paints6"",
    ""zh"": ""颜料6"",
    ""yue"": ""顏料6"",
    ""ko"": ""물감6"",
    ""description"": ""This image shows a hand holding a blue paintbrush over a small watercolor paint set. The paint set has six colors: black, red, blue, green, yellow, and orange. The paint tray is open and has a clear plastic lid."",
    ""description_brief"": ""A hand holds a brush over a small set of six colorful paints."",
    ""needs_inspection"": false,
    ""reason"": """"
}"
extra_cards/beings/7-06牛.jpg,beings,"{""en"":""Cow"",""zh"":""牛"",""yue"":""牛"",""ko"":""소""}",JPEG,756,1051,This is a brown cow with small horns and gray hooves. It has a yellow tail tip and is standing still. The cow looks calm and friendly.,qwen3-vl-plus,A brown cow standing with a yellow tail tip.,False,False,,"{
    ""en"": ""Cow"",
    ""zh"": ""牛"",
    ""yue"": ""牛"",
    ""ko"": ""소"",
    ""description"": ""This is a brown cow with small horns and gray hooves. It has a yellow tail tip and is standing still. The cow looks calm and friendly."",
    ""description_brief"": ""A brown cow standing with a yellow tail tip."",
    ""needs_inspection"": false,
    ""reason"": """"
}"
extra_cards/furniture/11-02椅子.jpg,furniture,"{""en"":""Chair"",""zh"":""椅子"",""yue"":""椅子"",""ko"":""의자""}",JPEG,756,1051,"This is a yellow chair with four thin legs and a backrest. It has a simple design with no cushions or decorations. The chair is drawn in a clear, flat style to help children easily recognize it.",qwen3-vl-plus,A yellow chair with four legs and a backrest.,False,False,,"{
    ""en"": ""Chair"",
    ""zh"": ""椅子"",
    ""yue"": ""椅子"",
    ""ko"": ""의자"",
    ""description"": ""This is a yellow chair with four thin legs and a backrest. It has a simple design with no cushions or decorations. The chair is drawn in a clear, flat style to help children easily recognize it."",
    ""description_brief"": ""A yellow chair with four legs and a backrest."",
    ""needs_inspection"": false,
    ""reason"": """"
}"
extra_cards/supplies/rake.jpg,supplies,"{""en"":""rake"",""zh"":""耙子"",""yue"":""耙"",""ko"":""갈퀴""}",JPEG,551,413,This is a rake. It has a long brown handle and black tines with a red connector. People use it to gather leaves or grass in the yard.,qwen3-vl-plus,A rake for cleaning up leaves and grass outside.,False,False,,"{
    ""en"": ""rake"",
    ""zh"": ""耙子"",
    ""yue"": ""耙"",
    ""ko"": ""갈퀴"",
    ""description"": ""This is a rake. It has a long brown handle and black tines with a red connector. People use it to gather leaves or grass in the yard."",
    ""description_brief"": ""A rake for cleaning up leaves and grass outside."",
    ""needs_inspection"": false,
    ""reason"": """"
}"
extra_cards/activities/13a-41食藥.jpg,activities,"{""en"":""Taking medicine"",""zh"":""吃药"",""yue"":""食藥"",""ko"":""약 먹기""}",JPEG,756,1051,A child is sitting in bed under a green blanket. A woman in a pink shirt is giving the child medicine with a spoon. The child looks tired but is opening their mouth to take the medicine.,qwen3-vl-plus,Someone is helping a child take medicine in bed.,False,False,,"{
    ""en"": ""Taking medicine"",
    ""zh"": ""吃药"",
    ""yue"": ""食藥"",
    ""ko"": ""약 먹기"",
    ""description"": ""A child is sitting in bed under a green blanket. A woman in a pink shirt is giving the child medicine with a spoon. The child looks tired but is opening their mouth to take the medicine."",
    ""description_brief"": ""Someone is helping a child take medicine in bed."",
    ""needs_inspection"": false,
    ""reason"": """"
}"
extra_cards/festivals/14-42萬聖節.jpg,festivals,"{""en"":""Halloween"",""zh"":""万圣节"",""yue"":""萬聖節"",""ko"":""할로윈""}",JPEG,756,1051,"This image shows a witch flying on a broomstick in front of a yellow moon. Below her is a smiling jack-o'-lantern with carved eyes and mouth. The background is purple, and the words '萬聖節' are written at the bottom.",qwen3-vl-plus,A witch flies over a pumpkin under a full moon for Halloween.,False,False,,"{
    ""en"": ""Halloween"",
    ""zh"": ""万圣节"",
    ""yue"": ""萬聖節"",
    ""ko"": ""할로윈"",
    ""description"": ""This image shows a witch flying on a broomstick in front of a yellow moon. Below her is a smiling jack-o'-lantern with carved eyes and mouth. The background is purple, and the words '萬聖節' are written at the bottom."",
    ""description_brief"": ""A witch flies over a pumpkin under a full moon for Halloween."",
    ""needs_inspection"": false,
    ""reason"": """"
}"
extra_cards/activities/13c-10踢波.jpg,activities,"{""en"":""Playing soccer"",""zh"":""踢足球"",""yue"":""踢波"",""ko"":""축구하기""}",JPEG,756,1051,"Two children are playing with a black and white soccer ball. One child is wearing a yellow shirt and blue shorts, while the other is wearing a blue shirt and brown shorts. They are both smiling and appear happy while kicking the ball.",qwen3-vl-plus,Two kids are playing soccer together.,False,False,,"{
    ""en"": ""Playing soccer"",
    ""zh"": ""踢足球"",
    ""yue"": ""踢波"",
    ""ko"": ""축구하기"",
    ""description"": ""Two children are playing with a black and white soccer ball. One child is wearing a yellow shirt and blue shorts, while the other is wearing a blue shirt and brown shorts. They are both smiling and appear happy while kicking the ball."",
    ""description_brief"": ""Two kids are playing soccer together."",
    ""needs_inspection"": false,
    ""reason"": """"
}"
extra_cards/shengxiao/year of tiger.jpg,shengxiao,"{""en"":""Year of the Tiger"",""zh"":""虎年"",""yue"":""虎年"",""ko"":""호랑이해""}",JPEG,475,357,This image shows a cartoon tiger sitting next to a red lantern. The lantern has the Chinese character for 'tiger' and the word 'Tiger' written on it. There are small red flowers around the lantern.,qwen3-vl-plus,A friendly tiger sits beside a red lantern with the word 'Tiger' and Chinese characters.,False,False,,"{
    ""en"": ""Year of the Tiger"",
    ""zh"": ""虎年"",
    ""yue"": ""虎年"",
    ""ko"": ""호랑이해"",
    ""description"": ""This image shows a cartoon tiger sitting next to a red lantern. The lantern has the Chinese character for 'tiger' and the word 'Tiger' written on it. There are small red flowers around the lantern."",
    ""description_brief"": ""A friendly tiger sits beside a red lantern with the word 'Tiger' and Chinese characters."",
    ""needs_inspection"": false,
    ""reason"": """"
}"
extra_cards/festivals/candycane-1(1).jpg,festivals,"{""en"":""Candy cane"",""zh"":""拐杖糖"",""yue"":""糖果手杖"",""ko"":""캔디 케인""}",JPEG,226,450,This is a candy cane. It has red and white stripes and is shaped like a hook. People often eat it during the holiday season.,qwen3-vl-plus,A red and white striped candy cane for holidays.,False,False,,"{
    ""en"": ""Candy cane"",
    ""zh"": ""拐杖糖"",
    ""yue"": ""糖果手杖"",
    ""ko"": ""캔디 케인"",
    ""description"": ""This is a candy cane. It has red and white stripes and is shaped like a hook. People often eat it during the holiday season."",
    ""description_brief"": ""A red and white striped candy cane for holidays."",
    ""needs_inspection"": false,
    ""reason"": """"
}"
extra_cards/activities/eating.png,activities,"{""en"":""eating"",""zh"":""吃饭"",""yue"":""食飯"",""ko"":""먹기""}",PNG,1772,1772,A person is sitting at a table with a blue bowl of food and holding a blue cup. They are using a spoon to eat and smiling. The person is wearing a green shirt with a patterned collar.,qwen3-vl-plus,Someone is eating from a bowl and drinking from a cup.,False,False,,"{
    ""en"": ""eating"",
    ""zh"": ""吃饭"",
    ""yue"": ""食飯"",
    ""ko"": ""먹기"",
    ""description"": ""A person is sitting at a table with a blue bowl of food and holding a blue cup. They are using a spoon to eat and smiling. The person is wearing a green shirt with a patterned collar."",
    ""description_brief"": ""Someone is eating from a bowl and drinking from a cup."",
    ""needs_inspection"": false,
    ""reason"": """"
}"
extra_cards/furniture/11-03梳化.jpg,furniture,"{""en"":""Sofa"",""zh"":""沙发"",""yue"":""梳化"",""ko"":""소파""}",JPEG,756,1051,"This is a yellow sofa with two seats. It has armrests on both sides and a flat base. The sofa is drawn in a simple, clear style to help children recognize furniture easily.",qwen3-vl-plus,A yellow sofa for sitting.,False,False,,"{
    ""en"": ""Sofa"",
    ""zh"": ""沙发"",
    ""yue"": ""梳化"",
    ""ko"": ""소파"",
    ""description"": ""This is a yellow sofa with two seats. It has armrests on both sides and a flat base. The sofa is drawn in a simple, clear style to help children recognize furniture easily."",
    ""description_brief"": ""A yellow sofa for sitting."",
    ""needs_inspection"": false,
    ""reason"": """"
}"
extra_cards/activities/13b-08洗髮.jpg,activities,"{""en"":""Washing hair"",""zh"":""洗头发"",""yue"":""洗頭"",""ko"":""머리 감기""}",JPEG,756,1051,"A person is washing their hair with water from a pink showerhead. There are bubbles on their head, showing shampoo is being used. The person looks calm and happy while getting clean.",qwen3-vl-plus,Someone is washing their hair with water and shampoo.,False,False,,"{
    ""en"": ""Washing hair"",
    ""zh"": ""洗头发"",
    ""yue"": ""洗頭"",
    ""ko"": ""머리 감기"",
    ""description"": ""A person is washing their hair with water from a pink showerhead. There are bubbles on their head, showing shampoo is being used. The person looks calm and happy while getting clean."",
    ""description_brief"": ""Someone is washing their hair with water and shampoo."",
    ""needs_inspection"": false,
    ""reason"": """"
}"
extra_cards/space/asteroid-1.jpg,space,"{""en"":""Asteroid"",""zh"":""小行星"",""yue"":""小行星"",""ko"":""소행성""}",JPEG,457,457,This image shows three rocky space objects called asteroids. They are brown with dark spots and look bumpy. Asteroids float in space and are smaller than planets.,qwen3-vl-plus,These are asteroids — rocky space objects that float in space.,False,False,,"{
    ""en"": ""Asteroid"",
    ""zh"": ""小行星"",
    ""yue"": ""小行星"",
    ""ko"": ""소행성"",
    ""description"": ""This image shows three rocky space objects called asteroids. They are brown with dark spots and look bumpy. Asteroids float in space and are smaller than planets."",
    ""description_brief"": ""These are asteroids — rocky space objects that float in space."",
    ""needs_inspection"": false,
    ""reason"": """"
}"
extra_cards/supplies/saw.jpg,supplies,"{""en"":""saw"",""zh"":""锯子"",""yue"":""鋸"",""ko"":""톱""}",JPEG,551,414,This is a hand saw with a wooden handle and a metal blade with sharp teeth. It is used to cut wood or other materials. The saw is shown on a purple background.,qwen3-vl-plus,A saw for cutting wood with a wooden handle and toothed blade.,False,False,,"{
    ""en"": ""saw"",
    ""zh"": ""锯子"",
    ""yue"": ""鋸"",
    ""ko"": ""톱"",
    ""description"": ""This is a hand saw with a wooden handle and a metal blade with sharp teeth. It is used to cut wood or other materials. The saw is shown on a purple background."",
    ""description_brief"": ""A saw for cutting wood with a wooden handle and toothed blade."",
    ""needs_inspection"": false,
    ""reason"": """"
}"
extra_cards/stationery/Paints7.jpg,stationery,"{""en"":""Paints7"",""zh"":""颜料7"",""yue"":""顏料7"",""ko"":""물감7""}",JPEG,960,758,"This image shows six small pots of paint in bright colors: green, yellow, blue, orange, pink, and purple. A wooden paintbrush with a metal band is placed across the pots. The paints are open and ready to use for drawing or painting.",qwen3-vl-plus,Six colorful paint pots and one paintbrush for painting.,False,False,,"{
    ""en"": ""Paints7"",
    ""zh"": ""颜料7"",
    ""yue"": ""顏料7"",
    ""ko"": ""물감7"",
    ""description"": ""This image shows six small pots of paint in bright colors: green, yellow, blue, orange, pink, and purple. A wooden paintbrush with a metal band is placed across the pots. The paints are open and ready to use for drawing or painting."",
    ""description_brief"": ""Six colorful paint pots and one paintbrush for painting."",
    ""needs_inspection"": false,
    ""reason"": """"
}"
extra_cards/beings/7-07馬.jpg,beings,"{""en"":""Horse"",""zh"":""马"",""yue"":""馬"",""ko"":""말""}",JPEG,756,1051,"This is a drawing of a brown horse running. The horse has a light brown mane and tail, and gray hooves. It is shown in motion with one leg lifted off the ground.",qwen3-vl-plus,A brown horse running with its legs moving.,False,False,,"{
    ""en"": ""Horse"",
    ""zh"": ""马"",
    ""yue"": ""馬"",
    ""ko"": ""말"",
    ""description"": ""This is a drawing of a brown horse running. The horse has a light brown mane and tail, and gray hooves. It is shown in motion with one leg lifted off the ground."",
    ""description_brief"": ""A brown horse running with its legs moving."",
    ""needs_inspection"": false,
    ""reason"": """"
}"
extra_cards/furniture/11-04床.jpg,furniture,"{""en"":""Bed"",""zh"":""床"",""yue"":""床"",""ko"":""침대""}",JPEG,756,1051,"This is a bed with a brown frame and headboard. It has a pink sheet, a purple pillow, and a purple blanket with a light pattern. The bed is neatly made and ready for sleeping.",qwen3-vl-plus,A bed with purple bedding and a brown frame.,False,False,,"{
    ""en"": ""Bed"",
    ""zh"": ""床"",
    ""yue"": ""床"",
    ""ko"": ""침대"",
    ""description"": ""This is a bed with a brown frame and headboard. It has a pink sheet, a purple pillow, and a purple blanket with a light pattern. The bed is neatly made and ready for sleeping."",
    ""description_brief"": ""A bed with purple bedding and a brown frame."",
    ""needs_inspection"": false,
    ""reason"": """"
}"
extra_cards/space/comet-1.jpg,space,"{""en"":""Comet"",""zh"":""彗星"",""yue"":""彗星"",""ko"":""혜성""}",JPEG,457,457,"This image shows a comet in space. It has a bright head and a long, glowing tail that follows behind it. The background is dark with small white stars around it.",qwen3-vl-plus,A comet with a bright head and a long tail flying through space.,False,False,,"{
    ""en"": ""Comet"",
    ""zh"": ""彗星"",
    ""yue"": ""彗星"",
    ""ko"": ""혜성"",
    ""description"": ""This image shows a comet in space. It has a bright head and a long, glowing tail that follows behind it. The background is dark with small white stars around it."",
    ""description_brief"": ""A comet with a bright head and a long tail flying through space."",
    ""needs_inspection"": false,
    ""reason"": """"
}"
extra_cards/beings/7-08白兔.jpg,beings,"{""en"":""White Rabbit"",""zh"":""白兔"",""yue"":""白兔"",""ko"":""흰 토끼""}",JPEG,756,1051,"This is a drawing of a white rabbit with pink shading. It has long ears, red eyes, and a fluffy tail. The rabbit is shown in a side view, sitting calmly on the ground.",qwen3-vl-plus,A white rabbit with red eyes and long ears.,False,False,,"{
    ""en"": ""White Rabbit"",
    ""zh"": ""白兔"",
    ""yue"": ""白兔"",
    ""ko"": ""흰 토끼"",
    ""description"": ""This is a drawing of a white rabbit with pink shading. It has long ears, red eyes, and a fluffy tail. The rabbit is shown in a side view, sitting calmly on the ground."",
    ""description_brief"": ""A white rabbit with red eyes and long ears."",
    ""needs_inspection"": false,
    ""reason"": """"
}"
extra_cards/activities/13a-02行.jpg,activities,"{""en"":""Walk"",""zh"":""行"",""yue"":""行"",""ko"":""걷기""}",JPEG,756,1051,"The image shows a child walking forward with one foot in front of the other. The child is wearing a white shirt, blue shorts, white socks, and black shoes. The child has short black hair and is smiling while moving.",qwen3-vl-plus,A child is walking.,False,False,,"{
    ""en"": ""Walk"",
    ""zh"": ""行"",
    ""yue"": ""行"",
    ""ko"": ""걷기"",
    ""description"": ""The image shows a child walking forward with one foot in front of the other. The child is wearing a white shirt, blue shorts, white socks, and black shoes. The child has short black hair and is smiling while moving."",
    ""description_brief"": ""A child is walking."",
    ""needs_inspection"": false,
    ""reason"": """"
}"
extra_cards/activities/13b-23剪髮.jpg,activities,"{""en"":""Haircut"",""zh"":""剪发"",""yue"":""剪髮"",""ko"":""이발""}",JPEG,756,1051,A child is sitting in a chair wearing a blue cape. Two hands are cutting the child’s hair with scissors and holding a comb. The child looks calm and happy during the haircut.,qwen3-vl-plus,Getting a haircut with scissors and a comb while sitting in a chair.,False,False,,"{
    ""en"": ""Haircut"",
    ""zh"": ""剪发"",
    ""yue"": ""剪髮"",
    ""ko"": ""이발"",
    ""description"": ""A child is sitting in a chair wearing a blue cape. Two hands are cutting the child’s hair with scissors and holding a comb. The child looks calm and happy during the haircut."",
    ""description_brief"": ""Getting a haircut with scissors and a comb while sitting in a chair."",
    ""needs_inspection"": false,
    ""reason"": """"
}"
extra_cards/activities/english-1.jpg,activities,"{""en"":""English book with ABC letters"",""zh"":""带有ABC字母的英语书"",""yue"":""有ABC字母的英文書"",""ko"":""ABC 글자가 있는 영어 책""}",JPEG,530,170,"This is a blue book with the letters A, B, and C on the cover. The letters are colorful: A is red, B is green, and C is yellow. It is a simple picture of a children’s learning book.",qwen3-vl-plus,A blue book with ABC letters for learning English.,False,False,,"{
    ""en"": ""English book with ABC letters"",
    ""zh"": ""带有ABC字母的英语书"",
    ""yue"": ""有ABC字母的英文書"",
    ""ko"": ""ABC 글자가 있는 영어 책"",
    ""description"": ""This is a blue book with the letters A, B, and C on the cover. The letters are colorful: A is red, B is green, and C is yellow. It is a simple picture of a children’s learning book."",
    ""description_brief"": ""A blue book with ABC letters for learning English."",
    ""needs_inspection"": false,
    ""reason"": """"
}"
extra_cards/supplies/screwdriver.jpg,supplies,"{""en"":""screwdriver"",""zh"":""螺丝刀"",""yue"":""螺絲批"",""ko"":""스크루드라이버""}",JPEG,91,551,"This is a screwdriver. It has a black handle with lines for grip, a yellow metal part, and a silver shaft ending in a pointed tip. People use it to turn screws into or out of things.",qwen3-vl-plus,A tool with a handle and a metal tip used to turn screws.,False,False,,"{
    ""en"": ""screwdriver"",
    ""zh"": ""螺丝刀"",
    ""yue"": ""螺絲批"",
    ""ko"": ""스크루드라이버"",
    ""description"": ""This is a screwdriver. It has a black handle with lines for grip, a yellow metal part, and a silver shaft ending in a pointed tip. People use it to turn screws into or out of things."",
    ""description_brief"": ""A tool with a handle and a metal tip used to turn screws."",
    ""needs_inspection"": false,
    ""reason"": """"
}"
extra_cards/activities/exercise-1.jpg,activities,"{""en"":""Jumping rope"",""zh"":""跳绳"",""yue"":""跳繩"",""ko"":""줄넘기""}",JPEG,530,170,A girl with black pigtails is jumping over a pink jump rope. She is wearing a red shirt and dark pants. Her arms are spread out to hold the rope handles while she jumps.,qwen3-vl-plus,A girl is jumping rope.,False,False,,"{
    ""en"": ""Jumping rope"",
    ""zh"": ""跳绳"",
    ""yue"": ""跳繩"",
    ""ko"": ""줄넘기"",
    ""description"": ""A girl with black pigtails is jumping over a pink jump rope. She is wearing a red shirt and dark pants. Her arms are spread out to hold the rope handles while she jumps."",
    ""description_brief"": ""A girl is jumping rope."",
    ""needs_inspection"": false,
    ""reason"": """"
}"
extra_cards/stationery/Paints8.jpg,stationery,"{""en"":""Paints8"",""zh"":""颜料8"",""yue"":""顏料8"",""ko"":""페인트8""}",JPEG,1200,851,"There are four jars of paint: red, purple, yellow, and blue. A paintbrush with blue paint on its tip is next to a small puddle of blue paint. The jars are open and the paint looks smooth and shiny.",qwen3-vl-plus,Four colorful paint jars and a paintbrush with blue paint.,False,False,,"{
    ""en"": ""Paints8"",
    ""zh"": ""颜料8"",
    ""yue"": ""顏料8"",
    ""ko"": ""페인트8"",
    ""description"": ""There are four jars of paint: red, purple, yellow, and blue. A paintbrush with blue paint on its tip is next to a small puddle of blue paint. The jars are open and the paint looks smooth and shiny."",
    ""description_brief"": ""Four colorful paint jars and a paintbrush with blue paint."",
    ""needs_inspection"": false,
    ""reason"": """"
}"
extra_cards/space/earth-1.jpg,space,"{""en"":""Earth"",""zh"":""地球"",""yue"":""地球"",""ko"":""지구""}",JPEG,457,457,"This image shows the planet Earth from space. It has blue oceans, green land, and white clouds. The word below says '地球' which means Earth in Chinese.",qwen3-vl-plus,"This is a picture of Earth with oceans, land, and clouds.",False,False,,"{
    ""en"": ""Earth"",
    ""zh"": ""地球"",
    ""yue"": ""地球"",
    ""ko"": ""지구"",
    ""description"": ""This image shows the planet Earth from space. It has blue oceans, green land, and white clouds. The word below says '地球' which means Earth in Chinese."",
    ""description_brief"": ""This is a picture of Earth with oceans, land, and clouds."",
    ""needs_inspection"": false,
    ""reason"": """"
}"
extra_cards/activities/13b-09穿衣服.jpg,activities,"{""en"":""Putting on clothes"",""zh"":""穿衣服"",""yue"":""穿衫"",""ko"":""옷 입기""}",JPEG,756,1051,The image shows a child putting on a purple shirt. The child is holding the shirt above their head and pulling it down over their body. An arrow points downward to show the direction of movement.,qwen3-vl-plus,A child is putting on a shirt.,False,False,,"{
    ""en"": ""Putting on clothes"",
    ""zh"": ""穿衣服"",
    ""yue"": ""穿衫"",
    ""ko"": ""옷 입기"",
    ""description"": ""The image shows a child putting on a purple shirt. The child is holding the shirt above their head and pulling it down over their body. An arrow points downward to show the direction of movement."",
    ""description_brief"": ""A child is putting on a shirt."",
    ""needs_inspection"": false,
    ""reason"": """"
}"
extra_cards/festivals/candycane-2.jpg,festivals,"{""en"":""Candy Canes with Green Bow"",""zh"":""带绿色蝴蝶结的拐杖糖"",""yue"":""綠絲帶拐杖糖"",""ko"":""녹색 리본이 달린 캔디케인""}",JPEG,450,450,"This image shows two red and white striped candy canes crossed over each other. A green bow is tied around the middle where they cross. The candy canes are curved at the top, like a hook.",qwen3-vl-plus,Two candy canes with a green bow in the middle.,False,False,,"{
    ""en"": ""Candy Canes with Green Bow"",
    ""zh"": ""带绿色蝴蝶结的拐杖糖"",
    ""yue"": ""綠絲帶拐杖糖"",
    ""ko"": ""녹색 리본이 달린 캔디케인"",
    ""description"": ""This image shows two red and white striped candy canes crossed over each other. A green bow is tied around the middle where they cross. The candy canes are curved at the top, like a hook."",
    ""description_brief"": ""Two candy canes with a green bow in the middle."",
    ""needs_inspection"": false,
    ""reason"": """"
}"
extra_cards/beings/7-09魚.jpg,beings,"{""en"":""Fish"",""zh"":""鱼"",""yue"":""魚"",""ko"":""물고기""}",JPEG,756,1051,"This is a drawing of a blue fish with green fins on its back. It has a round body, black eyes, and a small orange mouth. The fish is shown swimming to the left.",qwen3-vl-plus,A blue fish with green fins swimming to the left.,False,False,,"{
    ""en"": ""Fish"",
    ""zh"": ""鱼"",
    ""yue"": ""魚"",
    ""ko"": ""물고기"",
    ""description"": ""This is a drawing of a blue fish with green fins on its back. It has a round body, black eyes, and a small orange mouth. The fish is shown swimming to the left."",
    ""description_brief"": ""A blue fish with green fins swimming to the left."",
    ""needs_inspection"": false,
    ""reason"": """"
}"
extra_cards/stationery/Paints9.jpg,stationery,"{""en"":""Paints9"",""zh"":""颜料9"",""yue"":""顏料9"",""ko"":""페인트9""}",JPEG,829,740,"This image shows a pink artist’s palette with five colors of paint: red, blue, yellow, green, and purple. Two paintbrushes are resting on the palette, one with yellow paint on its bristles. The palette has a thumb hole and three flat legs to stand on.",qwen3-vl-plus,A pink paint palette with colorful paints and two brushes.,False,False,,"{
    ""en"": ""Paints9"",
    ""zh"": ""颜料9"",
    ""yue"": ""顏料9"",
    ""ko"": ""페인트9"",
    ""description"": ""This image shows a pink artist’s palette with five colors of paint: red, blue, yellow, green, and purple. Two paintbrushes are resting on the palette, one with yellow paint on its bristles. The palette has a thumb hole and three flat legs to stand on."",
    ""description_brief"": ""A pink paint palette with colorful paints and two brushes."",
    ""needs_inspection"": false,
    ""reason"": """"
}"
extra_cards/activities/13b-10除掉衣服.jpg,activities,"{""en"":""Take off clothes"",""zh"":""除掉衣服"",""yue"":""除衫"",""ko"":""옷 벗기""}",JPEG,756,1051,The image shows a child pulling a purple shirt up over their head. The child is wearing yellow shorts and has black hair. An arrow points upward to show the direction of movement for removing the shirt.,qwen3-vl-plus,A child is taking off their shirt by pulling it up over their head.,False,False,,"{
    ""en"": ""Take off clothes"",
    ""zh"": ""除掉衣服"",
    ""yue"": ""除衫"",
    ""ko"": ""옷 벗기"",
    ""description"": ""The image shows a child pulling a purple shirt up over their head. The child is wearing yellow shorts and has black hair. An arrow points upward to show the direction of movement for removing the shirt."",
    ""description_brief"": ""A child is taking off their shirt by pulling it up over their head."",
    ""needs_inspection"": false,
    ""reason"": """"
}"
extra_cards/activities/13a-03坐.jpg,activities,"{""en"":""Sit"",""zh"":""坐"",""yue"":""坐"",""ko"":""앉다""}",JPEG,756,1051,"The image shows a child sitting on a brown chair. The child is wearing a white shirt, blue shorts, white socks, and black shoes. Their hands are resting on their lap, and they are looking forward with a calm expression.",qwen3-vl-plus,A child is sitting on a chair.,False,False,,"{
    ""en"": ""Sit"",
    ""zh"": ""坐"",
    ""yue"": ""坐"",
    ""ko"": ""앉다"",
    ""description"": ""The image shows a child sitting on a brown chair. The child is wearing a white shirt, blue shorts, white socks, and black shoes. Their hands are resting on their lap, and they are looking forward with a calm expression."",
    ""description_brief"": ""A child is sitting on a chair."",
    ""needs_inspection"": false,
    ""reason"": """"
}"
extra_cards/supplies/tapemeasure.jpg,supplies,"{""en"":""tape measure"",""zh"":""卷尺"",""yue"":""捲尺"",""ko"":""테이프 자""}",JPEG,551,299,This is a tape measure. It has a gray case with a yellow circle on the front and a yellow measuring strip that pulls out. People use it to measure how long or wide things are.,qwen3-vl-plus,"A tool used to measure length, with a yellow strip that comes out of a gray case.",False,False,,"{
    ""en"": ""tape measure"",
    ""zh"": ""卷尺"",
    ""yue"": ""捲尺"",
    ""ko"": ""테이프 자"",
    ""description"": ""This is a tape measure. It has a gray case with a yellow circle on the front and a yellow measuring strip that pulls out. People use it to measure how long or wide things are."",
    ""description_brief"": ""A tool used to measure length, with a yellow strip that comes out of a gray case."",
    ""needs_inspection"": false,
    ""reason"": """"
}"
extra_cards/activities/13c-03玩滑梯.jpg,activities,"{""en"":""Playing on the slide"",""zh"":""玩滑梯"",""yue"":""玩滑梯"",""ko"":""미끄럼틀 타기""}",JPEG,756,1051,"A child is sliding down a red slide with yellow handrails. The child is smiling and has arms open wide, showing they are having fun. The slide is on a white background with a green bar at the top.",qwen3-vl-plus,Child sliding down a red slide with a happy face.,False,False,,"{
    ""en"": ""Playing on the slide"",
    ""zh"": ""玩滑梯"",
    ""yue"": ""玩滑梯"",
    ""ko"": ""미끄럼틀 타기"",
    ""description"": ""A child is sliding down a red slide with yellow handrails. The child is smiling and has arms open wide, showing they are having fun. The slide is on a white background with a green bar at the top."",
    ""description_brief"": ""Child sliding down a red slide with a happy face."",
    ""needs_inspection"": false,
    ""reason"": """"
}"
extra_cards/activities/feedingcat.png,activities,"{""en"":""feedingcat"",""zh"":""喂猫"",""yue"":""餵貓"",""ko"":""고양이에게 먹이주기""}",PNG,1772,1772,"A person is bending down to pour cat food from a yellow bag into a bowl. A gray cat is standing nearby, watching the food go into the bowl. The person is wearing a blue shirt, blue pants, and red shoes.",qwen3-vl-plus,Someone is pouring cat food into a bowl for a cat to eat.,False,False,,"{
    ""en"": ""feedingcat"",
    ""zh"": ""喂猫"",
    ""yue"": ""餵貓"",
    ""ko"": ""고양이에게 먹이주기"",
    ""description"": ""A person is bending down to pour cat food from a yellow bag into a bowl. A gray cat is standing nearby, watching the food go into the bowl. The person is wearing a blue shirt, blue pants, and red shoes."",
    ""description_brief"": ""Someone is pouring cat food into a bowl for a cat to eat."",
    ""needs_inspection"": false,
    ""reason"": """"
}"
extra_cards/furniture/11-05書檯.jpg,furniture,"{""en"":""Desk"",""zh"":""书桌"",""yue"":""書檯"",""ko"":""책상""}",JPEG,756,1051,"This is a brown desk with three drawers on the right side. On top of the desk, there is an open book, a red pencil, a yellow lamp that is turned on, a red cup holding pens and pencils, and a small stack of colorful books. The desk is clean and organized for studying or writing.",qwen3-vl-plus,"A brown desk with books, a lamp, and pencils on it.",False,False,,"{
    ""en"": ""Desk"",
    ""zh"": ""书桌"",
    ""yue"": ""書檯"",
    ""ko"": ""책상"",
    ""description"": ""This is a brown desk with three drawers on the right side. On top of the desk, there is an open book, a red pencil, a yellow lamp that is turned on, a red cup holding pens and pencils, and a small stack of colorful books. The desk is clean and organized for studying or writing."",
    ""description_brief"": ""A brown desk with books, a lamp, and pencils on it."",
    ""needs_inspection"": false,
    ""reason"": """"
}"
extra_cards/festivals/gingerbread-1.jpg,festivals,"{""en"":""Gingerbread Man"",""zh"":""姜饼人"",""yue"":""薑餅人"",""ko"":""진저브레드맨""}",JPEG,450,450,"This is a gingerbread man cookie. It has brown body, white icing for outline and details, a red bow tie, and three round buttons in green and red. The face has two eyes and a smile.",qwen3-vl-plus,A smiling gingerbread man with a red bow tie and colorful buttons.,False,False,,"{
    ""en"": ""Gingerbread Man"",
    ""zh"": ""姜饼人"",
    ""yue"": ""薑餅人"",
    ""ko"": ""진저브레드맨"",
    ""description"": ""This is a gingerbread man cookie. It has brown body, white icing for outline and details, a red bow tie, and three round buttons in green and red. The face has two eyes and a smile."",
    ""description_brief"": ""A smiling gingerbread man with a red bow tie and colorful buttons."",
    ""needs_inspection"": false,
    ""reason"": """"
}"
extra_cards/festivals/fireplace-1.jpg,festivals,"{""en"":""Fireplace with stockings and candles"",""zh"":""壁炉、袜子和蜡烛"",""yue"":""壁爐、襪子同蠟燭"",""ko"":""부엌난로, 양말, 촛불""}",JPEG,450,450,"This image shows a brick fireplace with a fire burning inside. Four Christmas stockings hang on the mantle, two red and two green. Three red candles with yellow flames sit on top of the mantle, next to green holly leaves with red berries.",qwen3-vl-plus,A warm fireplace with stockings and candles for Christmas.,False,False,,"{
    ""en"": ""Fireplace with stockings and candles"",
    ""zh"": ""壁炉、袜子和蜡烛"",
    ""yue"": ""壁爐、襪子同蠟燭"",
    ""ko"": ""부엌난로, 양말, 촛불"",
    ""description"": ""This image shows a brick fireplace with a fire burning inside. Four Christmas stockings hang on the mantle, two red and two green. Three red candles with yellow flames sit on top of the mantle, next to green holly leaves with red berries."",
    ""description_brief"": ""A warm fireplace with stockings and candles for Christmas."",
    ""needs_inspection"": false,
    ""reason"": """"
}"
extra_cards/beings/7-10鳥.jpg,beings,"{""en"":""Bird"",""zh"":""鸟"",""yue"":""鳥"",""ko"":""새""}",JPEG,756,1051,"This is a drawing of a bird. It has a white head, an orange beak, and grayish-brown body feathers. The bird is standing on two feet with its tail feathers visible.",qwen3-vl-plus,A bird with a white head and orange beak is standing.,False,False,,"{
    ""en"": ""Bird"",
    ""zh"": ""鸟"",
    ""yue"": ""鳥"",
    ""ko"": ""새"",
    ""description"": ""This is a drawing of a bird. It has a white head, an orange beak, and grayish-brown body feathers. The bird is standing on two feet with its tail feathers visible."",
    ""description_brief"": ""A bird with a white head and orange beak is standing."",
    ""needs_inspection"": false,
    ""reason"": """"
}"
extra_cards/activities/bedtime1.jpg,activities,"{""en"":""bedtime1"",""zh"":""睡觉"",""yue"":""睡覺"",""ko"":""잠자리""}",JPEG,596,596,This image shows a child with yellow hair sleeping in a brown bed. The child is under a purple blanket and has a brown teddy bear beside them on the pillow. The words below say 'sleeping' in Chinese characters.,qwen3-vl-plus,A child is sleeping in bed with a teddy bear.,False,False,,"{
    ""en"": ""bedtime1"",
    ""zh"": ""睡觉"",
    ""yue"": ""睡覺"",
    ""ko"": ""잠자리"",
    ""description"": ""This image shows a child with yellow hair sleeping in a brown bed. The child is under a purple blanket and has a brown teddy bear beside them on the pillow. The words below say 'sleeping' in Chinese characters."",
    ""description_brief"": ""A child is sleeping in bed with a teddy bear."",
    ""needs_inspection"": false,
    ""reason"": """"
}"
extra_cards/stationery/Paper clips.jpg,stationery,"{""en"":""Paper clips"",""zh"":""回形针"",""yue"":""曲別針"",""ko"":""종이クリ프""}",JPEG,337,306,These are two metal paper clips. They are shiny and silver-colored. Paper clips hold papers together so they don’t get mixed up or lost.,qwen3-vl-plus,Metal clips that hold papers together.,False,False,,"{
    ""en"": ""Paper clips"",
    ""zh"": ""回形针"",
    ""yue"": ""曲別針"",
    ""ko"": ""종이クリ프"",
    ""description"": ""These are two metal paper clips. They are shiny and silver-colored. Paper clips hold papers together so they don’t get mixed up or lost."",
    ""description_brief"": ""Metal clips that hold papers together."",
    ""needs_inspection"": false,
    ""reason"": """"
}"
extra_cards/supplies/wrench.jpg,supplies,"{""en"":""wrench"",""zh"":""扳手"",""yue"":""扳手"",""ko"":""렌치""}",JPEG,153,551,This is a wrench. It has a handle and an adjustable head to grip nuts and bolts. It is made of metal and used for tightening or loosening things.,qwen3-vl-plus,A metal tool with an adjustable head to turn nuts and bolts.,False,False,,"{
    ""en"": ""wrench"",
    ""zh"": ""扳手"",
    ""yue"": ""扳手"",
    ""ko"": ""렌치"",
    ""description"": ""This is a wrench. It has a handle and an adjustable head to grip nuts and bolts. It is made of metal and used for tightening or loosening things."",
    ""description_brief"": ""A metal tool with an adjustable head to turn nuts and bolts."",
    ""needs_inspection"": false,
    ""reason"": """"
}"
extra_cards/activities/13c-01玩玩具.jpg,activities,"{""en"":""Playing with toys"",""zh"":""玩玩具"",""yue"":""玩玩具"",""ko"":""장난감 놀이""}",JPEG,756,1051,A child is sitting on the floor and pushing a yellow toy car. The child is wearing a green shirt and yellow shorts. The toy car has black wheels and is moving forward as shown by motion lines.,qwen3-vl-plus,Child playing with a yellow toy car on the floor.,False,False,,"{
    ""en"": ""Playing with toys"",
    ""zh"": ""玩玩具"",
    ""yue"": ""玩玩具"",
    ""ko"": ""장난감 놀이"",
    ""description"": ""A child is sitting on the floor and pushing a yellow toy car. The child is wearing a green shirt and yellow shorts. The toy car has black wheels and is moving forward as shown by motion lines."",
    ""description_brief"": ""Child playing with a yellow toy car on the floor."",
    ""needs_inspection"": false,
    ""reason"": """"
}"
extra_cards/activities/firstaid-1.jpg,activities,"{""en"":""First Aid Kit"",""zh"":""急救箱"",""yue"":""急救箱"",""ko"":""응급처치함""}",JPEG,530,170,This is a white first aid kit with a red cross on it. It has blue latches to keep it closed. The words 'FIRST AID' are written in black letters on the front.,qwen3-vl-plus,A white box with a red cross that holds medical supplies for small injuries.,False,False,,"{
    ""en"": ""First Aid Kit"",
    ""zh"": ""急救箱"",
    ""yue"": ""急救箱"",
    ""ko"": ""응급처치함"",
    ""description"": ""This is a white first aid kit with a red cross on it. It has blue latches to keep it closed. The words 'FIRST AID' are written in black letters on the front."",
    ""description_brief"": ""A white box with a red cross that holds medical supplies for small injuries."",
    ""needs_inspection"": false,
    ""reason"": """"
}"
extra_cards/furniture/11-06櫃.jpg,furniture,"{""en"":""Cabinet"",""zh"":""柜子"",""yue"":""櫃"",""ko"":""장""}",JPEG,756,1051,"This is a brown cabinet with two doors and one drawer at the bottom. The doors have round knobs, and the drawer has a small handle. It is used to store things like clothes or toys.",qwen3-vl-plus,A brown cabinet with doors and a drawer for storing items.,False,False,,"{
    ""en"": ""Cabinet"",
    ""zh"": ""柜子"",
    ""yue"": ""櫃"",
    ""ko"": ""장"",
    ""description"": ""This is a brown cabinet with two doors and one drawer at the bottom. The doors have round knobs, and the drawer has a small handle. It is used to store things like clothes or toys."",
    ""description_brief"": ""A brown cabinet with doors and a drawer for storing items."",
    ""needs_inspection"": false,
    ""reason"": """"
}"
extra_cards/festivals/jinglebell-1.jpg,festivals,"{""en"":""Jingle Bell with Green Bow"",""zh"":""带绿色蝴蝶结的铃铛"",""yue"":""綠色蝴蝶結鈴鐺"",""ko"":""초록 리본이 달린 종""}",JPEG,450,450,"This is a red jingle bell with a black star on top. It has two black curved lines inside that look like eyes. A green bow is tied around the top of the bell, with two loops and two tails.",qwen3-vl-plus,A red bell with a green bow and a star on top.,False,False,,"{
    ""en"": ""Jingle Bell with Green Bow"",
    ""zh"": ""带绿色蝴蝶结的铃铛"",
    ""yue"": ""綠色蝴蝶結鈴鐺"",
    ""ko"": ""초록 리본이 달린 종"",
    ""description"": ""This is a red jingle bell with a black star on top. It has two black curved lines inside that look like eyes. A green bow is tied around the top of the bell, with two loops and two tails."",
    ""description_brief"": ""A red bell with a green bow and a star on top."",
    ""needs_inspection"": false,
    ""reason"": """"
}"
extra_cards/space/jupiter-1.jpg,space,"{""en"":""Jupiter"",""zh"":""木星"",""yue"":""木星"",""ko"":""목성""}",JPEG,457,457,"This is Jupiter, the largest planet in our solar system. It has red and orange stripes and a big storm called the Great Red Spot. Jupiter is made mostly of gas and does not have a solid surface.",qwen3-vl-plus,"This is Jupiter, a big striped planet with storms.",False,False,,"{
    ""en"": ""Jupiter"",
    ""zh"": ""木星"",
    ""yue"": ""木星"",
    ""ko"": ""목성"",
    ""description"": ""This is Jupiter, the largest planet in our solar system. It has red and orange stripes and a big storm called the Great Red Spot. Jupiter is made mostly of gas and does not have a solid surface."",
    ""description_brief"": ""This is Jupiter, a big striped planet with storms."",
    ""needs_inspection"": false,
    ""reason"": """"
}"
extra_cards/beings/7-11象.jpg,beings,"{""en"":""Elephant"",""zh"":""象"",""yue"":""象"",""ko"":""코끼리""}",JPEG,756,1051,"This is a drawing of an elephant. It has big ears, long white tusks, and a trunk. The elephant is gray with pink toenails and a small tail.",qwen3-vl-plus,A gray elephant with big ears and a long trunk.,False,False,,"{
    ""en"": ""Elephant"",
    ""zh"": ""象"",
    ""yue"": ""象"",
    ""ko"": ""코끼리"",
    ""description"": ""This is a drawing of an elephant. It has big ears, long white tusks, and a trunk. The elephant is gray with pink toenails and a small tail."",
    ""description_brief"": ""A gray elephant with big ears and a long trunk."",
    ""needs_inspection"": false,
    ""reason"": """"
}"
extra_cards/furniture/11-07垃圾桶.jpg,furniture,"{""en"":""Trash can"",""zh"":""垃圾桶"",""yue"":""垃圾桶"",""ko"":""쓰레기통""}",JPEG,756,1051,"This is a green trash can with a yellow cloth draped over the top. Inside, you can see colorful items like red, blue, and yellow objects. The trash can is simple and clear to recognize.",qwen3-vl-plus,A green trash can with a yellow cover and colorful items inside.,False,False,,"{
    ""en"": ""Trash can"",
    ""zh"": ""垃圾桶"",
    ""yue"": ""垃圾桶"",
    ""ko"": ""쓰레기통"",
    ""description"": ""This is a green trash can with a yellow cloth draped over the top. Inside, you can see colorful items like red, blue, and yellow objects. The trash can is simple and clear to recognize."",
    ""description_brief"": ""A green trash can with a yellow cover and colorful items inside."",
    ""needs_inspection"": false,
    ""reason"": """"
}"
extra_cards/space/mars-1.jpg,space,"{""en"":""Mars"",""zh"":""火星"",""yue"":""火星"",""ko"":""화성""}",JPEG,457,457,"This is a picture of Mars, the red planet in our solar system. It has dark spots and a bright area at the top, which are parts of its surface. Mars is smaller than Earth and has a rocky, dry land with no oceans.",qwen3-vl-plus,"This is Mars, a red planet in space.",False,False,,"{
    ""en"": ""Mars"",
    ""zh"": ""火星"",
    ""yue"": ""火星"",
    ""ko"": ""화성"",
    ""description"": ""This is a picture of Mars, the red planet in our solar system. It has dark spots and a bright area at the top, which are parts of its surface. Mars is smaller than Earth and has a rocky, dry land with no oceans."",
    ""description_brief"": ""This is Mars, a red planet in space."",
    ""needs_inspection"": false,
    ""reason"": """"
}"
extra_cards/stationery/Paper roll.jpg,stationery,"{""en"":""Paper roll"",""zh"":""纸卷"",""yue"":""紙卷"",""ko"":""종이 롤""}",JPEG,720,490,This is a large white paper roll. It is unrolled slightly and lying on a dark surface. The paper is smooth and can be used for drawing or writing.,qwen3-vl-plus,A big roll of white paper for drawing or writing.,False,False,,"{
    ""en"": ""Paper roll"",
    ""zh"": ""纸卷"",
    ""yue"": ""紙卷"",
    ""ko"": ""종이 롤"",
    ""description"": ""This is a large white paper roll. It is unrolled slightly and lying on a dark surface. The paper is smooth and can be used for drawing or writing."",
    ""description_brief"": ""A big roll of white paper for drawing or writing."",
    ""needs_inspection"": false,
    ""reason"": """"
}"
extra_cards/activities/13c-02踏單車(1).jpg,activities,"{""en"":""Riding a bicycle"",""zh"":""骑自行车"",""yue"":""踩單車"",""ko"":""자전거 타기""}",JPEG,756,1051,"A child is sitting on a red tricycle with blue wheels. The child is wearing a blue shirt, yellow shorts, and black shoes. The child is holding the handlebars and smiling while pedaling.",qwen3-vl-plus,Child riding a red tricycle with blue wheels.,False,False,,"{
    ""en"": ""Riding a bicycle"",
    ""zh"": ""骑自行车"",
    ""yue"": ""踩單車"",
    ""ko"": ""자전거 타기"",
    ""description"": ""A child is sitting on a red tricycle with blue wheels. The child is wearing a blue shirt, yellow shorts, and black shoes. The child is holding the handlebars and smiling while pedaling."",
    ""description_brief"": ""Child riding a red tricycle with blue wheels."",
    ""needs_inspection"": false,
    ""reason"": """"
}"
extra_cards/activities/Geography.jpg,activities,"{""en"":""Geography"",""zh"":""地理"",""yue"":""地理"",""ko"":""지리""}",JPEG,596,596,"This image shows a simple map with roads, a river, a lake, and some buildings. The green area is land, the blue areas are water, and the yellow lines are roads. A pink dot marks a location on one of the roads.",qwen3-vl-plus,"A map showing roads, water, and land for learning geography.",False,False,,"{
    ""en"": ""Geography"",
    ""zh"": ""地理"",
    ""yue"": ""地理"",
    ""ko"": ""지리"",
    ""description"": ""This image shows a simple map with roads, a river, a lake, and some buildings. The green area is land, the blue areas are water, and the yellow lines are roads. A pink dot marks a location on one of the roads."",
    ""description_brief"": ""A map showing roads, water, and land for learning geography."",
    ""needs_inspection"": false,
    ""reason"": """"
}"
extra_cards/beings/7-12獅子.jpg,beings,"{""en"":""Lion"",""zh"":""狮子"",""yue"":""獅子"",""ko"":""사자""}",JPEG,756,1051,This is a drawing of a lion. The lion has brown fur and a big mane around its head. It is walking forward with its front paws stretched out.,qwen3-vl-plus,A lion with a mane is walking.,False,False,,"{
    ""en"": ""Lion"",
    ""zh"": ""狮子"",
    ""yue"": ""獅子"",
    ""ko"": ""사자"",
    ""description"": ""This is a drawing of a lion. The lion has brown fur and a big mane around its head. It is walking forward with its front paws stretched out."",
    ""description_brief"": ""A lion with a mane is walking."",
    ""needs_inspection"": false,
    ""reason"": """"
}"
extra_cards/technologies/battery-aa.jpg,technologies,"{""en"":""AA battery"",""zh"":""AA电池"",""yue"":""AA電池"",""ko"":""AA 배터리""}",JPEG,276,551,This is a drawing of an AA battery. It is red and yellow with a plus sign on top and a minus sign at the bottom. It says '1.5 volt' and has a yellow lightning bolt to show it gives power.,qwen3-vl-plus,This is an AA battery that gives power to devices.,False,False,,"{
    ""en"": ""AA battery"",
    ""zh"": ""AA电池"",
    ""yue"": ""AA電池"",
    ""ko"": ""AA 배터리"",
    ""description"": ""This is a drawing of an AA battery. It is red and yellow with a plus sign on top and a minus sign at the bottom. It says '1.5 volt' and has a yellow lightning bolt to show it gives power."",
    ""description_brief"": ""This is an AA battery that gives power to devices."",
    ""needs_inspection"": false,
    ""reason"": """"
}"
extra_cards/furniture/11-08門.jpg,furniture,"{""en"":""Door"",""zh"":""门"",""yue"":""門"",""ko"":""문""}",JPEG,756,1051,"This is a brown door with a silver handle. The door is open, showing a bright yellow room inside. The door frame is also brown and matches the door.",qwen3-vl-plus,An open brown door leading to a bright room.,False,False,,"{
    ""en"": ""Door"",
    ""zh"": ""门"",
    ""yue"": ""門"",
    ""ko"": ""문"",
    ""description"": ""This is a brown door with a silver handle. The door is open, showing a bright yellow room inside. The door frame is also brown and matches the door."",
    ""description_brief"": ""An open brown door leading to a bright room."",
    ""needs_inspection"": false,
    ""reason"": """"
}"
extra_cards/festivals/mrsclaus-1.jpg,festivals,"{""en"":""Mrs. Claus holding cookies"",""zh"":""圣诞夫人拿着饼干"",""yue"":""聖誕夫人拿住曲奇"",""ko"":""쿠키를 들고 있는 산타 부인""}",JPEG,450,450,"This image shows Mrs. Claus, who has white hair in a bun and is wearing a red dress with white trim. She is smiling and holding a blue plate with chocolate chip cookies on it. The background is green with a light blue circle behind her head.",qwen3-vl-plus,Mrs. Claus is holding a plate of cookies.,False,False,,"{
    ""en"": ""Mrs. Claus holding cookies"",
    ""zh"": ""圣诞夫人拿着饼干"",
    ""yue"": ""聖誕夫人拿住曲奇"",
    ""ko"": ""쿠키를 들고 있는 산타 부인"",
    ""description"": ""This image shows Mrs. Claus, who has white hair in a bun and is wearing a red dress with white trim. She is smiling and holding a blue plate with chocolate chip cookies on it. The background is green with a light blue circle behind her head."",
    ""description_brief"": ""Mrs. Claus is holding a plate of cookies."",
    ""needs_inspection"": false,
    ""reason"": """"
}"
extra_cards/space/mercury-1.jpg,space,"{""en"":""Mercury"",""zh"":""水星"",""yue"":""水星"",""ko"":""수성""}",JPEG,457,457,"This is Mercury, the smallest planet in our solar system. It is very close to the Sun and has a rocky surface with many craters. The surface looks brownish-yellow and has dark spots from impacts.",qwen3-vl-plus,"This is Mercury, a small rocky planet near the Sun.",False,False,,"{
    ""en"": ""Mercury"",
    ""zh"": ""水星"",
    ""yue"": ""水星"",
    ""ko"": ""수성"",
    ""description"": ""This is Mercury, the smallest planet in our solar system. It is very close to the Sun and has a rocky surface with many craters. The surface looks brownish-yellow and has dark spots from impacts."",
    ""description_brief"": ""This is Mercury, a small rocky planet near the Sun."",
    ""needs_inspection"": false,
    ""reason"": """"
}"
extra_cards/technologies/battery-aaa(1).jpg,technologies,"{""en"":""AAA battery"",""zh"":""AAA电池"",""yue"":""AAA電池"",""ko"":""AAA 배터리""}",JPEG,276,551,This is a AAA battery. It is red and yellow with a plus sign on top and says '1.5 volts'. It has a lightning bolt symbol to show it gives power.,qwen3-vl-plus,A red and yellow AAA battery that gives power.,False,False,,"{
    ""en"": ""AAA battery"",
    ""zh"": ""AAA电池"",
    ""yue"": ""AAA電池"",
    ""ko"": ""AAA 배터리"",
    ""description"": ""This is a AAA battery. It is red and yellow with a plus sign on top and says '1.5 volts'. It has a lightning bolt symbol to show it gives power."",
    ""description_brief"": ""A red and yellow AAA battery that gives power."",
    ""needs_inspection"": false,
    ""reason"": """"
}"
extra_cards/stationery/Pen Holder.jpg,stationery,"{""en"":""Pen Holder"",""zh"":""笔筒"",""yue"":""筆筒"",""ko"":""펜 홀더""}",JPEG,644,720,"These are clear brown plastic tubes of different sizes. They can hold pens, pencils, or other small items. The tubes are smooth and stand upright on a flat surface.",qwen3-vl-plus,Clear brown tubes to hold pens and pencils.,False,False,,"{
    ""en"": ""Pen Holder"",
    ""zh"": ""笔筒"",
    ""yue"": ""筆筒"",
    ""ko"": ""펜 홀더"",
    ""description"": ""These are clear brown plastic tubes of different sizes. They can hold pens, pencils, or other small items. The tubes are smooth and stand upright on a flat surface."",
    ""description_brief"": ""Clear brown tubes to hold pens and pencils."",
    ""needs_inspection"": false,
    ""reason"": """"
}"
extra_cards/activities/get up1.jpg,activities,"{""en"":""get up"",""zh"":""起床"",""yue"":""起身"",""ko"":""일어나기""}",JPEG,596,596,"The image shows a child sitting up in bed with one arm raised. The child is wearing red pajamas and has yellow hair. The blue blanket is pulled down, showing the child is ready to start the day.",qwen3-vl-plus,"A child is sitting up in bed, getting ready to start the day.",False,False,,"{
    ""en"": ""get up"",
    ""zh"": ""起床"",
    ""yue"": ""起身"",
    ""ko"": ""일어나기"",
    ""description"": ""The image shows a child sitting up in bed with one arm raised. The child is wearing red pajamas and has yellow hair. The blue blanket is pulled down, showing the child is ready to start the day."",
    ""description_brief"": ""A child is sitting up in bed, getting ready to start the day."",
    ""needs_inspection"": false,
    ""reason"": """"
}"
extra_cards/furniture/11-09窗.jpg,furniture,"{""en"":""Window"",""zh"":""窗"",""yue"":""窗"",""ko"":""창문""}",JPEG,756,1051,This is a window with one pane open and one closed. You can see blue sky and clouds through the glass. The window has a handle on the side and sits on a brown windowsill.,qwen3-vl-plus,"A window with one side open, showing sky outside.",False,False,,"{
    ""en"": ""Window"",
    ""zh"": ""窗"",
    ""yue"": ""窗"",
    ""ko"": ""창문"",
    ""description"": ""This is a window with one pane open and one closed. You can see blue sky and clouds through the glass. The window has a handle on the side and sits on a brown windowsill."",
    ""description_brief"": ""A window with one side open, showing sky outside."",
    ""needs_inspection"": false,
    ""reason"": """"
}"
extra_cards/activities/13b-26吹髮.jpg,activities,"{""en"":""Blow drying hair"",""zh"":""吹头发"",""yue"":""吹頭髮"",""ko"":""헤어드라이어로 말리기""}",JPEG,756,1051,"A child is sitting while someone uses a red hair dryer to dry their hair. The child has black hair and is wearing a light blue shirt. The hair dryer is blowing air, shown by curved lines near the hair.",qwen3-vl-plus,Someone is using a hair dryer to dry a child’s hair.,False,False,,"{
    ""en"": ""Blow drying hair"",
    ""zh"": ""吹头发"",
    ""yue"": ""吹頭髮"",
    ""ko"": ""헤어드라이어로 말리기"",
    ""description"": ""A child is sitting while someone uses a red hair dryer to dry their hair. The child has black hair and is wearing a light blue shirt. The hair dryer is blowing air, shown by curved lines near the hair."",
    ""description_brief"": ""Someone is using a hair dryer to dry a child’s hair."",
    ""needs_inspection"": false,
    ""reason"": """"
}"
extra_cards/festivals/poinsettia-1.jpg,festivals,"{""en"":""Poinsettia"",""zh"":""一品红"",""yue"":""聖誕紅"",""ko"":""포인세티아""}",JPEG,450,450,This is a poinsettia flower. It has bright red leaves and green leaves around the center. The center has small yellow parts that look like tiny flowers.,qwen3-vl-plus,A red and green poinsettia flower often seen during holidays.,False,False,,"{
    ""en"": ""Poinsettia"",
    ""zh"": ""一品红"",
    ""yue"": ""聖誕紅"",
    ""ko"": ""포인세티아"",
    ""description"": ""This is a poinsettia flower. It has bright red leaves and green leaves around the center. The center has small yellow parts that look like tiny flowers."",
    ""description_brief"": ""A red and green poinsettia flower often seen during holidays."",
    ""needs_inspection"": false,
    ""reason"": """"
}"
extra_cards/beings/7-13老虎.jpg,beings,"{""en"":""Tiger"",""zh"":""老虎"",""yue"":""老虎"",""ko"":""호랑이""}",JPEG,756,1051,"This image shows a cartoon tiger with orange fur and black stripes. The tiger is crouching low to the ground, with its front paws stretched forward and claws visible. Its mouth is open, showing red inside, and it has small ears and a short tail.",qwen3-vl-plus,A striped orange tiger is crouching and ready to move.,False,False,,"{
    ""en"": ""Tiger"",
    ""zh"": ""老虎"",
    ""yue"": ""老虎"",
    ""ko"": ""호랑이"",
    ""description"": ""This image shows a cartoon tiger with orange fur and black stripes. The tiger is crouching low to the ground, with its front paws stretched forward and claws visible. Its mouth is open, showing red inside, and it has small ears and a short tail."",
    ""description_brief"": ""A striped orange tiger is crouching and ready to move."",
    ""needs_inspection"": false,
    ""reason"": """"
}"
extra_cards/stationery/Pen01.jpg,stationery,"{""en"":""Pen01"",""zh"":""笔01"",""yue"":""筆01"",""ko"":""펜01""}",JPEG,561,422,This is a gray pen with a cap. The tip is fine and can write small letters. The cap has a clip to attach it to papers or pockets.,qwen3-vl-plus,A gray pen with a cap for writing.,False,False,,"{
    ""en"": ""Pen01"",
    ""zh"": ""笔01"",
    ""yue"": ""筆01"",
    ""ko"": ""펜01"",
    ""description"": ""This is a gray pen with a cap. The tip is fine and can write small letters. The cap has a clip to attach it to papers or pockets."",
    ""description_brief"": ""A gray pen with a cap for writing."",
    ""needs_inspection"": false,
    ""reason"": """"
}"
extra_cards/activities/13b-11穿外套.jpg,activities,"{""en"":""Putting on a jacket"",""zh"":""穿外套"",""yue"":""穿外套"",""ko"":""자켓 입기""}",JPEG,756,1051,"The image shows a child putting on a blue jacket over a yellow shirt. The child is smiling and has one arm in the sleeve while pulling the jacket up with the other hand. This is a simple, everyday activity that helps children learn to dress themselves.",qwen3-vl-plus,A child is putting on a blue jacket.,False,False,,"{
    ""en"": ""Putting on a jacket"",
    ""zh"": ""穿外套"",
    ""yue"": ""穿外套"",
    ""ko"": ""자켓 입기"",
    ""description"": ""The image shows a child putting on a blue jacket over a yellow shirt. The child is smiling and has one arm in the sleeve while pulling the jacket up with the other hand. This is a simple, everyday activity that helps children learn to dress themselves."",
    ""description_brief"": ""A child is putting on a blue jacket."",
    ""needs_inspection"": false,
    ""reason"": """"
}"
extra_cards/space/moon-1.jpg,space,"{""en"":""moon"",""zh"":""月亮"",""yue"":""月亮"",""ko"":""달""}",JPEG,457,457,This is a picture of the moon. It is round and yellow with gray spots on it. The moon is in space and we can see it at night.,qwen3-vl-plus,"A yellow round moon with gray spots, seen in the night sky.",False,False,,"{
    ""en"": ""moon"",
    ""zh"": ""月亮"",
    ""yue"": ""月亮"",
    ""ko"": ""달"",
    ""description"": ""This is a picture of the moon. It is round and yellow with gray spots on it. The moon is in space and we can see it at night."",
    ""description_brief"": ""A yellow round moon with gray spots, seen in the night sky."",
    ""needs_inspection"": false,
    ""reason"": """"
}"
extra_cards/activities/13c-19畫畫.jpg,activities,"{""en"":""Drawing"",""zh"":""画画"",""yue"":""畫畫"",""ko"":""그리기""}",JPEG,756,1051,"A child is sitting at a table and drawing with a red crayon on white paper. There are other crayons nearby, including blue and yellow ones. The child is smiling and looks happy while drawing.",qwen3-vl-plus,Child drawing with crayons on paper.,False,False,,"{
    ""en"": ""Drawing"",
    ""zh"": ""画画"",
    ""yue"": ""畫畫"",
    ""ko"": ""그리기"",
    ""description"": ""A child is sitting at a table and drawing with a red crayon on white paper. There are other crayons nearby, including blue and yellow ones. The child is smiling and looks happy while drawing."",
    ""description_brief"": ""Child drawing with crayons on paper."",
    ""needs_inspection"": false,
    ""reason"": """"
}"
extra_cards/technologies/calculator.jpg,technologies,"{""en"":""calculator"",""zh"":""计算器"",""yue"":""計算機"",""ko"":""계산기""}",JPEG,551,551,"This is a gray calculator with a green screen showing the number 1234. It has white buttons with black numbers and symbols for adding, subtracting, multiplying, and dividing. The calculator is tilted slightly to the right on a light brown background.",qwen3-vl-plus,A gray calculator with numbers and math symbols on its buttons.,False,False,,"{
    ""en"": ""calculator"",
    ""zh"": ""计算器"",
    ""yue"": ""計算機"",
    ""ko"": ""계산기"",
    ""description"": ""This is a gray calculator with a green screen showing the number 1234. It has white buttons with black numbers and symbols for adding, subtracting, multiplying, and dividing. The calculator is tilted slightly to the right on a light brown background."",
    ""description_brief"": ""A gray calculator with numbers and math symbols on its buttons."",
    ""needs_inspection"": false,
    ""reason"": """"
}"
extra_cards/activities/13a-04跳.jpg,activities,"{""en"":""Jump"",""zh"":""跳"",""yue"":""跳"",""ko"":""뛰기""}",JPEG,756,1051,"The image shows a happy child with black hair jumping in the air. The child is wearing a red shirt, blue shorts, white socks, and black shoes. Both arms are raised high, and the legs are bent as if mid-jump.",qwen3-vl-plus,A child is jumping with arms up and legs bent.,False,False,,"{
    ""en"": ""Jump"",
    ""zh"": ""跳"",
    ""yue"": ""跳"",
    ""ko"": ""뛰기"",
    ""description"": ""The image shows a happy child with black hair jumping in the air. The child is wearing a red shirt, blue shorts, white socks, and black shoes. Both arms are raised high, and the legs are bent as if mid-jump."",
    ""description_brief"": ""A child is jumping with arms up and legs bent."",
    ""needs_inspection"": false,
    ""reason"": """"
}"
extra_cards/beings/7-14猴子.jpg,beings,"{""en"":""Monkey"",""zh"":""猴子"",""yue"":""猴子"",""ko"":""원숭이""}",JPEG,756,1051,"This is a cartoon monkey with brown fur and a long tail. It is sitting down and smiling, with one hand raised near its head. The image has a simple white background and clear black text below it.",qwen3-vl-plus,A friendly cartoon monkey sitting and smiling.,False,False,,"{
    ""en"": ""Monkey"",
    ""zh"": ""猴子"",
    ""yue"": ""猴子"",
    ""ko"": ""원숭이"",
    ""description"": ""This is a cartoon monkey with brown fur and a long tail. It is sitting down and smiling, with one hand raised near its head. The image has a simple white background and clear black text below it."",
    ""description_brief"": ""A friendly cartoon monkey sitting and smiling."",
    ""needs_inspection"": false,
    ""reason"": """"
}"
extra_cards/space/neptune-1.jpg,space,"{""en"":""Neptune"",""zh"":""海王星"",""yue"":""海王星"",""ko"":""해왕성""}",JPEG,457,457,"This is a picture of Neptune, the eighth planet from the Sun. It is blue because it has methane gas in its atmosphere. Neptune is very far away and takes a long time to go around the Sun.",qwen3-vl-plus,"This is Neptune, a big blue planet far from the Sun.",False,False,,"{
    ""en"": ""Neptune"",
    ""zh"": ""海王星"",
    ""yue"": ""海王星"",
    ""ko"": ""해왕성"",
    ""description"": ""This is a picture of Neptune, the eighth planet from the Sun. It is blue because it has methane gas in its atmosphere. Neptune is very far away and takes a long time to go around the Sun."",
    ""description_brief"": ""This is Neptune, a big blue planet far from the Sun."",
    ""needs_inspection"": false,
    ""reason"": """"
}"
extra_cards/activities/get up2.jpg,activities,"{""en"":""get up"",""zh"":""起床"",""yue"":""起身"",""ko"":""일어나기""}",JPEG,596,596,"This image shows a person sitting up in bed with one arm raised. They are wearing pink pajamas and smiling. The yellow blanket is pulled down to their lap, showing they are waking up.",qwen3-vl-plus,"A person is sitting up in bed, ready to start the day.",False,False,,"{
    ""en"": ""get up"",
    ""zh"": ""起床"",
    ""yue"": ""起身"",
    ""ko"": ""일어나기"",
    ""description"": ""This image shows a person sitting up in bed with one arm raised. They are wearing pink pajamas and smiling. The yellow blanket is pulled down to their lap, showing they are waking up."",
    ""description_brief"": ""A person is sitting up in bed, ready to start the day."",
    ""needs_inspection"": false,
    ""reason"": """"
}"
extra_cards/activities/13a-05我要.jpg,activities,"{""en"":""I want"",""zh"":""我要"",""yue"":""我要"",""ko"":""내가 원해""}",JPEG,756,1051,"This image shows a child with short black hair wearing a yellow shirt. The child is making a hand gesture with one hand open and the other near the chest, which means 'I want' in sign language. The text below the image says '我要' to help children understand the meaning.",qwen3-vl-plus,A child signing 'I want' with hands and text to support communication.,False,False,,"{
    ""en"": ""I want"",
    ""zh"": ""我要"",
    ""yue"": ""我要"",
    ""ko"": ""내가 원해"",
    ""description"": ""This image shows a child with short black hair wearing a yellow shirt. The child is making a hand gesture with one hand open and the other near the chest, which means 'I want' in sign language. The text below the image says '我要' to help children understand the meaning."",
    ""description_brief"": ""A child signing 'I want' with hands and text to support communication."",
    ""needs_inspection"": false,
    ""reason"": """"
}"
extra_cards/furniture/11-10便盆.jpg,furniture,"{""en"":""Potty"",""zh"":""便盆"",""yue"":""便盆"",""ko"":""변기""}",JPEG,756,1051,"This is a potty, which is a small container used for going to the bathroom. It is light blue and has a handle on one side to make it easier to carry. It is designed for young children or people who need help using the toilet.",qwen3-vl-plus,A small blue potty for using the bathroom.,False,False,,"{
    ""en"": ""Potty"",
    ""zh"": ""便盆"",
    ""yue"": ""便盆"",
    ""ko"": ""변기"",
    ""description"": ""This is a potty, which is a small container used for going to the bathroom. It is light blue and has a handle on one side to make it easier to carry. It is designed for young children or people who need help using the toilet."",
    ""description_brief"": ""A small blue potty for using the bathroom."",
    ""needs_inspection"": false,
    ""reason"": """"
}"
extra_cards/stationery/Pen02.jpg,stationery,"{""en"":""Pen02"",""zh"":""笔02"",""yue"":""筆02"",""ko"":""펜02""}",JPEG,784,464,This is a gray pen with a clear section showing the ink level. The cap is off and placed beside it. It has words that say 'WATERPROOF / FADE PROOF' on the body.,qwen3-vl-plus,A gray waterproof pen with its cap off.,False,False,,"{
    ""en"": ""Pen02"",
    ""zh"": ""笔02"",
    ""yue"": ""筆02"",
    ""ko"": ""펜02"",
    ""description"": ""This is a gray pen with a clear section showing the ink level. The cap is off and placed beside it. It has words that say 'WATERPROOF / FADE PROOF' on the body."",
    ""description_brief"": ""A gray waterproof pen with its cap off."",
    ""needs_inspection"": false,
    ""reason"": """"
}"
extra_cards/festivals/santa-1.jpg,festivals,"{""en"":""Santa Claus holding a list and pen"",""zh"":""圣诞老人拿着清单和笔"",""yue"":""聖誕老人拿住清單同筆"",""ko"":""리스트와 펜을 든 산타클로스""}",JPEG,450,450,"This image shows Santa Claus wearing his red suit and hat. He is holding a paper list with names and a pen in his hand. The background is blue, and he is inside a white circle.",qwen3-vl-plus,Santa Claus is writing names on his list.,False,False,,"{
    ""en"": ""Santa Claus holding a list and pen"",
    ""zh"": ""圣诞老人拿着清单和笔"",
    ""yue"": ""聖誕老人拿住清單同筆"",
    ""ko"": ""리스트와 펜을 든 산타클로스"",
    ""description"": ""This image shows Santa Claus wearing his red suit and hat. He is holding a paper list with names and a pen in his hand. The background is blue, and he is inside a white circle."",
    ""description_brief"": ""Santa Claus is writing names on his list."",
    ""needs_inspection"": false,
    ""reason"": """"
}"
extra_cards/activities/give-4805.jpg,activities,"{""en"":""give-4805"",""zh"":""给-4805"",""yue"":""給-4805"",""ko"":""주기-4805""}",JPEG,402,502,"A man with yellow hair is giving a wrapped gift to a woman with red hair. The gift has a red ribbon on it. The word '給' is written below them, which means 'to give'.",qwen3-vl-plus,A person gives a gift to another person.,False,False,,"{
    ""en"": ""give-4805"",
    ""zh"": ""给-4805"",
    ""yue"": ""給-4805"",
    ""ko"": ""주기-4805"",
    ""description"": ""A man with yellow hair is giving a wrapped gift to a woman with red hair. The gift has a red ribbon on it. The word '給' is written below them, which means 'to give'."",
    ""description_brief"": ""A person gives a gift to another person."",
    ""needs_inspection"": false,
    ""reason"": """"
}"
extra_cards/activities/13b-25剪腳甲.jpg,activities,"{""en"":""Trimming toenails"",""zh"":""剪脚甲"",""yue"":""剪腳甲"",""ko"":""발톱 깎기""}",JPEG,756,1051,"This image shows a hand using nail clippers to trim a toenail. The foot is held gently, and the clippers are placed at the edge of the nail. This is a common personal care activity that helps keep feet clean and comfortable.",qwen3-vl-plus,Someone is trimming their toenails with clippers.,False,False,,"{
    ""en"": ""Trimming toenails"",
    ""zh"": ""剪脚甲"",
    ""yue"": ""剪腳甲"",
    ""ko"": ""발톱 깎기"",
    ""description"": ""This image shows a hand using nail clippers to trim a toenail. The foot is held gently, and the clippers are placed at the edge of the nail. This is a common personal care activity that helps keep feet clean and comfortable."",
    ""description_brief"": ""Someone is trimming their toenails with clippers."",
    ""needs_inspection"": false,
    ""reason"": """"
}"
extra_cards/beings/7-15長頸鹿.jpg,beings,"{""en"":""Giraffe"",""zh"":""长颈鹿"",""yue"":""長頸鹿"",""ko"":""기린""}",JPEG,756,1051,"This is a giraffe. It has a very long neck and legs, with brown spots on its yellow body. Giraffes are tall animals that eat leaves from high trees.",qwen3-vl-plus,A tall animal with a long neck and brown spots.,False,False,,"{
    ""en"": ""Giraffe"",
    ""zh"": ""长颈鹿"",
    ""yue"": ""長頸鹿"",
    ""ko"": ""기린"",
    ""description"": ""This is a giraffe. It has a very long neck and legs, with brown spots on its yellow body. Giraffes are tall animals that eat leaves from high trees."",
    ""description_brief"": ""A tall animal with a long neck and brown spots."",
    ""needs_inspection"": false,
    ""reason"": """"
}"
extra_cards/activities/13a-06食.jpg,activities,"{""en"":""Eating"",""zh"":""吃"",""yue"":""食"",""ko"":""먹기""}",JPEG,756,1051,"This image shows a child with black hair and an orange shirt putting food into their mouth. The child is holding a small piece of food, like a cookie or snack, and appears to be enjoying it. This picture helps show the action of eating in a simple, clear way.",qwen3-vl-plus,A child is eating a snack.,False,False,,"{
    ""en"": ""Eating"",
    ""zh"": ""吃"",
    ""yue"": ""食"",
    ""ko"": ""먹기"",
    ""description"": ""This image shows a child with black hair and an orange shirt putting food into their mouth. The child is holding a small piece of food, like a cookie or snack, and appears to be enjoying it. This picture helps show the action of eating in a simple, clear way."",
    ""description_brief"": ""A child is eating a snack."",
    ""needs_inspection"": false,
    ""reason"": """"
}"
extra_cards/activities/13b-19扣鈕.jpg,activities,"{""en"":""Buttoning"",""zh"":""扣钮"",""yue"":""扣鈕"",""ko"":""단추 채우기""}",JPEG,756,1051,A child is putting on a blue shirt and fastening yellow buttons. The child is looking down at their hands while doing the task. This activity helps practice fine motor skills and independence in dressing.,qwen3-vl-plus,The child is buttoning their shirt.,False,False,,"{
    ""en"": ""Buttoning"",
    ""zh"": ""扣钮"",
    ""yue"": ""扣鈕"",
    ""ko"": ""단추 채우기"",
    ""description"": ""A child is putting on a blue shirt and fastening yellow buttons. The child is looking down at their hands while doing the task. This activity helps practice fine motor skills and independence in dressing."",
    ""description_brief"": ""The child is buttoning their shirt."",
    ""needs_inspection"": false,
    ""reason"": """"
}"
extra_cards/technologies/cellphone.jpg,technologies,"{""en"":""cellphone"",""zh"":""手机"",""yue"":""手機"",""ko"":""휴대폰""}",JPEG,551,551,"This is a drawing of a gray cellphone with a green screen. It has blue number buttons, three colored function buttons (green, yellow, red), and a purple button at the bottom. The phone is simple and easy to recognize.",qwen3-vl-plus,A gray cellphone with colorful buttons and a green screen.,False,False,,"{
    ""en"": ""cellphone"",
    ""zh"": ""手机"",
    ""yue"": ""手機"",
    ""ko"": ""휴대폰"",
    ""description"": ""This is a drawing of a gray cellphone with a green screen. It has blue number buttons, three colored function buttons (green, yellow, red), and a purple button at the bottom. The phone is simple and easy to recognize."",
    ""description_brief"": ""A gray cellphone with colorful buttons and a green screen."",
    ""needs_inspection"": false,
    ""reason"": """"
}"
extra_cards/festivals/xmasbells-1.jpg,festivals,"{""en"":""Christmas Bells"",""zh"":""圣诞铃铛"",""yue"":""聖誕鈴鐺"",""ko"":""크리스마스 종""}",JPEG,450,450,This image shows two yellow bells tied together with a red ribbon. Green holly leaves are behind the ribbon. The bells are shiny and look like they are used for Christmas decorations.,qwen3-vl-plus,Two yellow Christmas bells with a red ribbon and green holly leaves.,False,False,,"{
    ""en"": ""Christmas Bells"",
    ""zh"": ""圣诞铃铛"",
    ""yue"": ""聖誕鈴鐺"",
    ""ko"": ""크리스마스 종"",
    ""description"": ""This image shows two yellow bells tied together with a red ribbon. Green holly leaves are behind the ribbon. The bells are shiny and look like they are used for Christmas decorations."",
    ""description_brief"": ""Two yellow Christmas bells with a red ribbon and green holly leaves."",
    ""needs_inspection"": false,
    ""reason"": """"
}"
extra_cards/space/pluto-1.jpg,space,"{""en"":""Pluto"",""zh"":""冥王星"",""yue"":""冥王星"",""ko"":""명왕성""}",JPEG,457,457,"This image shows Pluto, a small round object in space. It has dark and light areas on its surface. Pluto is very far away from Earth and is colder than most places we know.",qwen3-vl-plus,"This is Pluto, a small icy world far out in space.",False,False,,"{
    ""en"": ""Pluto"",
    ""zh"": ""冥王星"",
    ""yue"": ""冥王星"",
    ""ko"": ""명왕성"",
    ""description"": ""This image shows Pluto, a small round object in space. It has dark and light areas on its surface. Pluto is very far away from Earth and is colder than most places we know."",
    ""description_brief"": ""This is Pluto, a small icy world far out in space."",
    ""needs_inspection"": false,
    ""reason"": """"
}"
extra_cards/furniture/11-11廁所.jpg,furniture,"{""en"":""Toilet"",""zh"":""厕所"",""yue"":""廁所"",""ko"":""화장실""}",JPEG,756,1051,"This is a drawing of a toilet. It has a seat, a lid that can open and close, and a tank with a handle to flush. The toilet sits on the floor and is used for going to the bathroom.",qwen3-vl-plus,This is a toilet for using the bathroom.,False,False,,"{
    ""en"": ""Toilet"",
    ""zh"": ""厕所"",
    ""yue"": ""廁所"",
    ""ko"": ""화장실"",
    ""description"": ""This is a drawing of a toilet. It has a seat, a lid that can open and close, and a tank with a handle to flush. The toilet sits on the floor and is used for going to the bathroom."",
    ""description_brief"": ""This is a toilet for using the bathroom."",
    ""needs_inspection"": false,
    ""reason"": """"
}"
extra_cards/activities/gym-1.jpg,activities,"{""en"":""gym-1"",""zh"":""体操-1"",""yue"":""體操-1"",""ko"":""체조-1""}",JPEG,530,170,"A child is doing a forward roll on the floor. Another child is sitting nearby with a purple bag and watching. The scene shows simple physical activity in a safe, open space.",qwen3-vl-plus,Child rolling on the floor while another watches.,False,False,,"{
    ""en"": ""gym-1"",
    ""zh"": ""体操-1"",
    ""yue"": ""體操-1"",
    ""ko"": ""체조-1"",
    ""description"": ""A child is doing a forward roll on the floor. Another child is sitting nearby with a purple bag and watching. The scene shows simple physical activity in a safe, open space."",
    ""description_brief"": ""Child rolling on the floor while another watches."",
    ""needs_inspection"": false,
    ""reason"": """"
}"
extra_cards/stationery/Pen03.jpg,stationery,"{""en"":""Pen03"",""zh"":""笔03"",""yue"":""筆03"",""ko"":""펜03""}",JPEG,960,667,This is a black pen with a gray grip that has small squares for better holding. It has a clip on the side to attach to pockets or notebooks. The tip is metal and can write smoothly on paper.,qwen3-vl-plus,A black pen with a gray grip and a clip for attaching to notebooks.,False,False,,"{
    ""en"": ""Pen03"",
    ""zh"": ""笔03"",
    ""yue"": ""筆03"",
    ""ko"": ""펜03"",
    ""description"": ""This is a black pen with a gray grip that has small squares for better holding. It has a clip on the side to attach to pockets or notebooks. The tip is metal and can write smoothly on paper."",
    ""description_brief"": ""A black pen with a gray grip and a clip for attaching to notebooks."",
    ""needs_inspection"": false,
    ""reason"": """"
}"
extra_cards/activities/13a-07飲.jpg,activities,"{""en"":""Drink"",""zh"":""喝"",""yue"":""飲"",""ko"":""마시기""}",JPEG,756,1051,"The image shows a child with black hair wearing a green shirt. The child is holding a glass of orange-colored drink and drinking it through a yellow straw. The child’s hands are holding the glass, and they are sitting at a table.",qwen3-vl-plus,A child is drinking juice from a cup with a straw.,False,False,,"{
    ""en"": ""Drink"",
    ""zh"": ""喝"",
    ""yue"": ""飲"",
    ""ko"": ""마시기"",
    ""description"": ""The image shows a child with black hair wearing a green shirt. The child is holding a glass of orange-colored drink and drinking it through a yellow straw. The child’s hands are holding the glass, and they are sitting at a table."",
    ""description_brief"": ""A child is drinking juice from a cup with a straw."",
    ""needs_inspection"": false,
    ""reason"": """"
}"
extra_cards/activities/13b-20拉拉鍊.jpg,activities,"{""en"":""Zipper"",""zh"":""拉拉链"",""yue"":""拉拉鍊"",""ko"":""지퍼""}",JPEG,756,1051,The image shows a child wearing a yellow jacket and using both hands to pull up the red zipper. The child is standing still and looking forward. This action helps the child learn how to dress independently.,qwen3-vl-plus,A child is zipping up their yellow jacket.,False,False,,"{
    ""en"": ""Zipper"",
    ""zh"": ""拉拉链"",
    ""yue"": ""拉拉鍊"",
    ""ko"": ""지퍼"",
    ""description"": ""The image shows a child wearing a yellow jacket and using both hands to pull up the red zipper. The child is standing still and looking forward. This action helps the child learn how to dress independently."",
    ""description_brief"": ""A child is zipping up their yellow jacket."",
    ""needs_inspection"": false,
    ""reason"": """"
}"
extra_cards/beings/7-16老鼠.jpg,beings,"{""en"":""Mouse"",""zh"":""老鼠"",""yue"":""老鼠"",""ko"":""쥐""}",JPEG,756,1051,"This is a drawing of a mouse. It has a gray body, pink ears and nose, and a long thin tail. The mouse is shown in a simple, clear style to help children recognize it easily.",qwen3-vl-plus,A gray mouse with pink ears and a long tail.,False,False,,"{
    ""en"": ""Mouse"",
    ""zh"": ""老鼠"",
    ""yue"": ""老鼠"",
    ""ko"": ""쥐"",
    ""description"": ""This is a drawing of a mouse. It has a gray body, pink ears and nose, and a long thin tail. The mouse is shown in a simple, clear style to help children recognize it easily."",
    ""description_brief"": ""A gray mouse with pink ears and a long tail."",
    ""needs_inspection"": false,
    ""reason"": """"
}"
extra_cards/technologies/computer-1.jpg,technologies,"{""en"":""computer-1"",""zh"":""电脑-1"",""yue"":""電腦-1"",""ko"":""컴퓨터-1""}",JPEG,551,551,This is a blue laptop computer with a dark screen and a keyboard. It has a touchpad below the keyboard for moving the cursor. The laptop is open and ready to use.,qwen3-vl-plus,A blue laptop computer that is open and ready to use.,False,False,,"{
    ""en"": ""computer-1"",
    ""zh"": ""电脑-1"",
    ""yue"": ""電腦-1"",
    ""ko"": ""컴퓨터-1"",
    ""description"": ""This is a blue laptop computer with a dark screen and a keyboard. It has a touchpad below the keyboard for moving the cursor. The laptop is open and ready to use."",
    ""description_brief"": ""A blue laptop computer that is open and ready to use."",
    ""needs_inspection"": false,
    ""reason"": """"
}"
extra_cards/activities/13b-24剪指甲.jpg,activities,"{""en"":""Cutting nails"",""zh"":""剪指甲"",""yue"":""剪指甲"",""ko"":""손톱 깎기""}",JPEG,756,1051,"This image shows a hand holding a nail clipper and cutting the fingernails of another hand. The nails are painted pink, and the action is shown clearly without any extra details. This is a common daily activity that helps keep hands clean and neat.",qwen3-vl-plus,Someone is using a nail clipper to cut fingernails.,False,False,,"{
    ""en"": ""Cutting nails"",
    ""zh"": ""剪指甲"",
    ""yue"": ""剪指甲"",
    ""ko"": ""손톱 깎기"",
    ""description"": ""This image shows a hand holding a nail clipper and cutting the fingernails of another hand. The nails are painted pink, and the action is shown clearly without any extra details. This is a common daily activity that helps keep hands clean and neat."",
    ""description_brief"": ""Someone is using a nail clipper to cut fingernails."",
    ""needs_inspection"": false,
    ""reason"": """"
}"
extra_cards/festivals/xmaslight-1.jpg,festivals,"{""en"":""Christmas lights"",""zh"":""圣诞灯"",""yue"":""聖誕燈"",""ko"":""크리스마스 전구""}",JPEG,450,450,"This image shows three colorful Christmas light bulbs. One is red, one is blue, and one is yellow. They are attached to a green wire that twists around them.",qwen3-vl-plus,Three colored Christmas lights on a green wire.,False,False,,"{
    ""en"": ""Christmas lights"",
    ""zh"": ""圣诞灯"",
    ""yue"": ""聖誕燈"",
    ""ko"": ""크리스마스 전구"",
    ""description"": ""This image shows three colorful Christmas light bulbs. One is red, one is blue, and one is yellow. They are attached to a green wire that twists around them."",
    ""description_brief"": ""Three colored Christmas lights on a green wire."",
    ""needs_inspection"": false,
    ""reason"": """"
}"
extra_cards/stationery/Pen04.jpg,stationery,"{""en"":""Blue pen"",""zh"":""蓝色笔"",""yue"":""藍色筆"",""ko"":""파란색 펜""}",JPEG,1089,783,This is a blue pen with a clear plastic body and a soft grip. The tip is metal and can write on paper. It has a click button on top to open and close the tip.,qwen3-vl-plus,A blue pen you can use to write.,False,False,,"{
    ""en"": ""Blue pen"",
    ""zh"": ""蓝色笔"",
    ""yue"": ""藍色筆"",
    ""ko"": ""파란색 펜"",
    ""description"": ""This is a blue pen with a clear plastic body and a soft grip. The tip is metal and can write on paper. It has a click button on top to open and close the tip."",
    ""description_brief"": ""A blue pen you can use to write."",
    ""needs_inspection"": false,
    ""reason"": """"
}"
extra_cards/activities/13a-08切.jpg,activities,"{""en"":""Cutting"",""zh"":""切"",""yue"":""切"",""ko"":""자르기""}",JPEG,756,1051,"A child is sitting at a table and using a knife to cut a red apple. The child is wearing a purple shirt and has short black hair. This image shows a simple, safe activity that can be done with supervision.",qwen3-vl-plus,A child is cutting an apple with a knife.,False,False,,"{
    ""en"": ""Cutting"",
    ""zh"": ""切"",
    ""yue"": ""切"",
    ""ko"": ""자르기"",
    ""description"": ""A child is sitting at a table and using a knife to cut a red apple. The child is wearing a purple shirt and has short black hair. This image shows a simple, safe activity that can be done with supervision."",
    ""description_brief"": ""A child is cutting an apple with a knife."",
    ""needs_inspection"": false,
    ""reason"": """"
}"
extra_cards/technologies/computer-2.jpg,technologies,"{""en"":""computer-2"",""zh"":""电脑-2"",""yue"":""電腦-2"",""ko"":""컴퓨터-2""}",JPEG,551,551,"This image shows a desktop computer with a monitor, keyboard, mouse, and tower. The monitor is turned off and has blue buttons below the screen. The tower has slots for CD-ROM and DVD-ROM drives and a power button on the front.",qwen3-vl-plus,"A desktop computer with monitor, keyboard, mouse, and tower.",False,False,,"{
    ""en"": ""computer-2"",
    ""zh"": ""电脑-2"",
    ""yue"": ""電腦-2"",
    ""ko"": ""컴퓨터-2"",
    ""description"": ""This image shows a desktop computer with a monitor, keyboard, mouse, and tower. The monitor is turned off and has blue buttons below the screen. The tower has slots for CD-ROM and DVD-ROM drives and a power button on the front."",
    ""description_brief"": ""A desktop computer with monitor, keyboard, mouse, and tower."",
    ""needs_inspection"": false,
    ""reason"": """"
}"
extra_cards/space/saturn-1.jpg,space,"{""en"":""Saturn"",""zh"":""土星"",""yue"":""土星"",""ko"":""토성""}",JPEG,457,457,"This is Saturn, a planet in our solar system. It has wide, flat rings made of ice and rock that circle around it. The planet’s surface has stripes of different colors like yellow, orange, and gray.",qwen3-vl-plus,Saturn is a planet with big rings around it.,False,False,,"{
    ""en"": ""Saturn"",
    ""zh"": ""土星"",
    ""yue"": ""土星"",
    ""ko"": ""토성"",
    ""description"": ""This is Saturn, a planet in our solar system. It has wide, flat rings made of ice and rock that circle around it. The planet’s surface has stripes of different colors like yellow, orange, and gray."",
    ""description_brief"": ""Saturn is a planet with big rings around it."",
    ""needs_inspection"": false,
    ""reason"": """"
}"
extra_cards/activities/gymnastics.jpg,activities,"{""en"":""gymnastics"",""zh"":""体操"",""yue"":""體操"",""ko"":""체조""}",JPEG,596,596,"The image shows a person standing on one leg with arms stretched out to the sides. They are wearing a white shirt, black shorts, and black shoes. This pose is often used in gymnastics or balance exercises.",qwen3-vl-plus,A person doing a balance pose for gymnastics.,False,False,,"{
    ""en"": ""gymnastics"",
    ""zh"": ""体操"",
    ""yue"": ""體操"",
    ""ko"": ""체조"",
    ""description"": ""The image shows a person standing on one leg with arms stretched out to the sides. They are wearing a white shirt, black shorts, and black shoes. This pose is often used in gymnastics or balance exercises."",
    ""description_brief"": ""A person doing a balance pose for gymnastics."",
    ""needs_inspection"": false,
    ""reason"": """"
}"
extra_cards/measuring/量匙(一汤匙).jpg,measuring,"{""en"":""Tablespoon (15 ml)"",""zh"":""量匙（一汤匙）"",""yue"":""量匙（一湯匙）"",""ko"":""계량 스푼 (15ml)""}",JPEG,551,331,"This is a metal tablespoon used for measuring. The handle says '1 tablespoon = 15 ml' to show how much it holds. It is shiny and smooth, with a rounded bowl and a flat handle.",qwen3-vl-plus,A spoon that measures exactly 15 milliliters.,False,False,,"{
    ""en"": ""Tablespoon (15 ml)"",
    ""zh"": ""量匙（一汤匙）"",
    ""yue"": ""量匙（一湯匙）"",
    ""ko"": ""계량 스푼 (15ml)"",
    ""description"": ""This is a metal tablespoon used for measuring. The handle says '1 tablespoon = 15 ml' to show how much it holds. It is shiny and smooth, with a rounded bowl and a flat handle."",
    ""description_brief"": ""A spoon that measures exactly 15 milliliters."",
    ""needs_inspection"": false,
    ""reason"": """"
}"
extra_cards/activities/13a-19看報紙.jpg,activities,"{""en"":""Reading newspaper"",""zh"":""看报纸"",""yue"":""睇報紙"",""ko"":""신문 읽기""}",JPEG,756,1051,The image shows a person holding an open newspaper with colored blocks representing articles. The person is wearing a blue shirt and has short black hair. This activity involves looking at printed words and pictures in a newspaper.,qwen3-vl-plus,A person is reading a newspaper.,False,False,,"{
    ""en"": ""Reading newspaper"",
    ""zh"": ""看报纸"",
    ""yue"": ""睇報紙"",
    ""ko"": ""신문 읽기"",
    ""description"": ""The image shows a person holding an open newspaper with colored blocks representing articles. The person is wearing a blue shirt and has short black hair. This activity involves looking at printed words and pictures in a newspaper."",
    ""description_brief"": ""A person is reading a newspaper."",
    ""needs_inspection"": false,
    ""reason"": """"
}"
extra_cards/activities/bedtime2.jpg,activities,"{""en"":""bedtime2"",""zh"":""睡觉"",""yue"":""睡覺"",""ko"":""잠자리""}",JPEG,596,596,"This image shows a child sleeping in a brown bed with yellow bedding. A doll is placed beside the child on the pillow. The scene is calm and simple, showing a quiet bedtime routine.",qwen3-vl-plus,A child is sleeping in bed with a doll nearby.,False,False,,"{
    ""en"": ""bedtime2"",
    ""zh"": ""睡觉"",
    ""yue"": ""睡覺"",
    ""ko"": ""잠자리"",
    ""description"": ""This image shows a child sleeping in a brown bed with yellow bedding. A doll is placed beside the child on the pillow. The scene is calm and simple, showing a quiet bedtime routine."",
    ""description_brief"": ""A child is sleeping in bed with a doll nearby."",
    ""needs_inspection"": false,
    ""reason"": """"
}"
extra_cards/beings/7-17龜.jpg,beings,"{""en"":""Turtle"",""zh"":""龟"",""yue"":""龜"",""ko"":""거북이""}",JPEG,756,1051,"This is a drawing of a turtle. It has a green shell on its back and light green skin. The turtle is facing left with a simple, friendly face.",qwen3-vl-plus,A green turtle with a hard shell and four legs.,False,False,,"{
    ""en"": ""Turtle"",
    ""zh"": ""龟"",
    ""yue"": ""龜"",
    ""ko"": ""거북이"",
    ""description"": ""This is a drawing of a turtle. It has a green shell on its back and light green skin. The turtle is facing left with a simple, friendly face."",
    ""description_brief"": ""A green turtle with a hard shell and four legs."",
    ""needs_inspection"": false,
    ""reason"": """"
}"
extra_cards/festivals/xmastree-1.jpg,festivals,"{""en"":""Christmas tree"",""zh"":""圣诞树"",""yue"":""聖誕樹"",""ko"":""크리스마스 트리""}",JPEG,450,450,"This is a green Christmas tree with colorful round ornaments in red, blue, and pink. It has yellow star-shaped lights wrapped around it and a yellow star on top. The tree is drawn in a simple, clear style with bold outlines to help children easily recognize it.",qwen3-vl-plus,A decorated green Christmas tree with colorful balls and a star on top.,False,False,,"{
    ""en"": ""Christmas tree"",
    ""zh"": ""圣诞树"",
    ""yue"": ""聖誕樹"",
    ""ko"": ""크리스마스 트리"",
    ""description"": ""This is a green Christmas tree with colorful round ornaments in red, blue, and pink. It has yellow star-shaped lights wrapped around it and a yellow star on top. The tree is drawn in a simple, clear style with bold outlines to help children easily recognize it."",
    ""description_brief"": ""A decorated green Christmas tree with colorful balls and a star on top."",
    ""needs_inspection"": false,
    ""reason"": """"
}"
extra_cards/space/sun-1.jpg,space,"{""en"":""Sun"",""zh"":""太阳"",""yue"":""太陽"",""ko"":""태양""}",JPEG,457,457,"This image shows a bright orange circle with small dark spots and white shapes on it. It has a glowing yellow-orange ring around the edge, which looks like light coming from the sun. The word '太陽' is written below the picture to help identify it.",qwen3-vl-plus,A bright orange sun with spots and glow around it.,False,False,,"{
    ""en"": ""Sun"",
    ""zh"": ""太阳"",
    ""yue"": ""太陽"",
    ""ko"": ""태양"",
    ""description"": ""This image shows a bright orange circle with small dark spots and white shapes on it. It has a glowing yellow-orange ring around the edge, which looks like light coming from the sun. The word '太陽' is written below the picture to help identify it."",
    ""description_brief"": ""A bright orange sun with spots and glow around it."",
    ""needs_inspection"": false,
    ""reason"": """"
}"
extra_cards/activities/bath.jpg,activities,"{""en"":""bath"",""zh"":""洗澡"",""yue"":""衝涼"",""ko"":""목욕""}",JPEG,596,596,"This image shows a pink bathtub with blue water inside. There is a faucet on the left, a brush and two bottles on the right side of the tub. The wall behind the tub is light purple with tiles.",qwen3-vl-plus,"A pink bathtub filled with water, ready for a bath.",False,False,,"{
    ""en"": ""bath"",
    ""zh"": ""洗澡"",
    ""yue"": ""衝涼"",
    ""ko"": ""목욕"",
    ""description"": ""This image shows a pink bathtub with blue water inside. There is a faucet on the left, a brush and two bottles on the right side of the tub. The wall behind the tub is light purple with tiles."",
    ""description_brief"": ""A pink bathtub filled with water, ready for a bath."",
    ""needs_inspection"": false,
    ""reason"": """"
}"
extra_cards/technologies/flashlight.jpg,technologies,"{""en"":""flashlight"",""zh"":""手电筒"",""yue"":""電筒"",""ko"":""손전등""}",JPEG,551,551,This is a flashlight. It has a gray body with red ends and makes bright yellow light when turned on. You can hold it in your hand to see in the dark.,qwen3-vl-plus,A flashlight that shines bright light when you turn it on.,False,False,,"{
    ""en"": ""flashlight"",
    ""zh"": ""手电筒"",
    ""yue"": ""電筒"",
    ""ko"": ""손전등"",
    ""description"": ""This is a flashlight. It has a gray body with red ends and makes bright yellow light when turned on. You can hold it in your hand to see in the dark."",
    ""description_brief"": ""A flashlight that shines bright light when you turn it on."",
    ""needs_inspection"": false,
    ""reason"": """"
}"
extra_cards/activities/13b-01刷牙.jpg,activities,"{""en"":""Brushing teeth"",""zh"":""刷牙"",""yue"":""刷牙"",""ko"":""이 зуб 닦기""}",JPEG,756,1051,"The image shows a child brushing their teeth with a green toothbrush. There is white foam around the mouth, and the child is holding a yellow cup in the other hand. This activity helps keep teeth clean and healthy.",qwen3-vl-plus,A child is brushing their teeth with a toothbrush and holding a cup.,False,False,,"{
    ""en"": ""Brushing teeth"",
    ""zh"": ""刷牙"",
    ""yue"": ""刷牙"",
    ""ko"": ""이 зуб 닦기"",
    ""description"": ""The image shows a child brushing their teeth with a green toothbrush. There is white foam around the mouth, and the child is holding a yellow cup in the other hand. This activity helps keep teeth clean and healthy."",
    ""description_brief"": ""A child is brushing their teeth with a toothbrush and holding a cup."",
    ""needs_inspection"": false,
    ""reason"": """"
}"
extra_cards/measuring/量匙(一茶匙).jpg,measuring,"{""en"":""Teaspoon (1 teaspoon = 5 ml)"",""zh"":""量匙（一茶匙）"",""yue"":""量匙（一茶匙）"",""ko"":""계량 스푼 (1티스푼 = 5ml)""}",JPEG,551,331,This is a small metal spoon used for measuring. It holds exactly 5 milliliters of liquid or powder. The handle has writing that says '1 teaspoon = 5 ml' to help you know how much it measures.,qwen3-vl-plus,"A small spoon that measures 5 ml, used for cooking or medicine.",False,False,,"{
    ""en"": ""Teaspoon (1 teaspoon = 5 ml)"",
    ""zh"": ""量匙（一茶匙）"",
    ""yue"": ""量匙（一茶匙）"",
    ""ko"": ""계량 스푼 (1티스푼 = 5ml)"",
    ""description"": ""This is a small metal spoon used for measuring. It holds exactly 5 milliliters of liquid or powder. The handle has writing that says '1 teaspoon = 5 ml' to help you know how much it measures."",
    ""description_brief"": ""A small spoon that measures 5 ml, used for cooking or medicine."",
    ""needs_inspection"": false,
    ""reason"": """"
}"
extra_cards/activities/13a-09塗.jpg,activities,"{""en"":""Spreading"",""zh"":""涂抹"",""yue"":""塗抹"",""ko"":""발라주기""}",JPEG,756,1051,A boy with black hair and a green shirt is spreading red jam on a piece of bread using a knife. He is smiling and looking at the bread. The action shows how to spread food evenly on bread.,qwen3-vl-plus,A boy is spreading jam on bread with a knife.,False,False,,"{
    ""en"": ""Spreading"",
    ""zh"": ""涂抹"",
    ""yue"": ""塗抹"",
    ""ko"": ""발라주기"",
    ""description"": ""A boy with black hair and a green shirt is spreading red jam on a piece of bread using a knife. He is smiling and looking at the bread. The action shows how to spread food evenly on bread."",
    ""description_brief"": ""A boy is spreading jam on bread with a knife."",
    ""needs_inspection"": false,
    ""reason"": """"
}"
extra_cards/beings/7-18海豚.jpg,beings,"{""en"":""Dolphin"",""zh"":""海豚"",""yue"":""海豚"",""ko"":""돌고래""}",JPEG,756,1051,"This is a drawing of a dolphin. It has a gray body, a curved mouth that looks like a smile, and a fin on its back. Dolphins live in the ocean and swim very fast.",qwen3-vl-plus,A friendly dolphin swimming in the water.,False,False,,"{
    ""en"": ""Dolphin"",
    ""zh"": ""海豚"",
    ""yue"": ""海豚"",
    ""ko"": ""돌고래"",
    ""description"": ""This is a drawing of a dolphin. It has a gray body, a curved mouth that looks like a smile, and a fin on its back. Dolphins live in the ocean and swim very fast."",
    ""description_brief"": ""A friendly dolphin swimming in the water."",
    ""needs_inspection"": false,
    ""reason"": """"
}"
extra_cards/space/uranus-1.jpg,space,"{""en"":""Uranus"",""zh"":""天王星"",""yue"":""天王星"",""ko"":""천왕성""}",JPEG,457,457,"This is a picture of Uranus, a planet in our solar system. It is blue-green and has thin rings around it. Uranus is far away from the Sun and is very cold.",qwen3-vl-plus,"This is Uranus, a blue-green planet with rings.",False,False,,"{
    ""en"": ""Uranus"",
    ""zh"": ""天王星"",
    ""yue"": ""天王星"",
    ""ko"": ""천왕성"",
    ""description"": ""This is a picture of Uranus, a planet in our solar system. It is blue-green and has thin rings around it. Uranus is far away from the Sun and is very cold."",
    ""description_brief"": ""This is Uranus, a blue-green planet with rings."",
    ""needs_inspection"": false,
    ""reason"": """"
}"
extra_cards/beings/7-19鯨魚.jpg,beings,"{""en"":""Whale"",""zh"":""鲸鱼"",""yue"":""鯨魚"",""ko"":""고래""}",JPEG,756,1051,This is a cartoon whale. It is blue with a white belly and has a small tail fin and two blowholes on top of its head. The whale has a friendly face with one eye and a smiling mouth.,qwen3-vl-plus,A blue whale swimming with a happy face.,False,False,,"{
    ""en"": ""Whale"",
    ""zh"": ""鲸鱼"",
    ""yue"": ""鯨魚"",
    ""ko"": ""고래"",
    ""description"": ""This is a cartoon whale. It is blue with a white belly and has a small tail fin and two blowholes on top of its head. The whale has a friendly face with one eye and a smiling mouth."",
    ""description_brief"": ""A blue whale swimming with a happy face."",
    ""needs_inspection"": false,
    ""reason"": """"
}"
extra_cards/stationery/Pen05.jpg,stationery,"{""en"":""Pen05"",""zh"":""笔05"",""yue"":""筆05"",""ko"":""펜05""}",JPEG,960,766,"This is a smooth, metallic pen with a gold-colored clip and black ring. It has a pointed tip for writing and a cap on the top. The surface is shiny and easy to hold.",qwen3-vl-plus,A shiny metal pen with a gold clip for writing.,False,False,,"{
    ""en"": ""Pen05"",
    ""zh"": ""笔05"",
    ""yue"": ""筆05"",
    ""ko"": ""펜05"",
    ""description"": ""This is a smooth, metallic pen with a gold-colored clip and black ring. It has a pointed tip for writing and a cap on the top. The surface is shiny and easy to hold."",
    ""description_brief"": ""A shiny metal pen with a gold clip for writing."",
    ""needs_inspection"": false,
    ""reason"": """"
}"
extra_cards/activities/havingdinner.png,activities,"{""en"":""having dinner"",""zh"":""吃晚餐"",""yue"":""食晚飯"",""ko"":""저녁 식사하기""}",PNG,1772,1107,"Three people are sitting at a table eating dinner together. Each person has a plate with food, a cup to drink, and utensils like a fork and knife. The table has bread, napkins, and everyone is looking at each other while eating.",qwen3-vl-plus,People are sitting at a table eating dinner together.,False,False,,"{
    ""en"": ""having dinner"",
    ""zh"": ""吃晚餐"",
    ""yue"": ""食晚飯"",
    ""ko"": ""저녁 식사하기"",
    ""description"": ""Three people are sitting at a table eating dinner together. Each person has a plate with food, a cup to drink, and utensils like a fork and knife. The table has bread, napkins, and everyone is looking at each other while eating."",
    ""description_brief"": ""People are sitting at a table eating dinner together."",
    ""needs_inspection"": false,
    ""reason"": """"
}"
extra_cards/food/jelly.jpg,food,"{""en"":""jelly"",""zh"":""果冻"",""yue"":""啫喱"",""ko"":""젤리""}",JPEG,756,1051,"This is a red jelly on a white plate. It has a smooth, shiny surface and looks soft and wobbly. Jelly is a sweet food that many children like to eat.",qwen3-vl-plus,Red jelly on a plate.,False,False,,"{
    ""en"": ""jelly"",
    ""zh"": ""果冻"",
    ""yue"": ""啫喱"",
    ""ko"": ""젤리"",
    ""description"": ""This is a red jelly on a white plate. It has a smooth, shiny surface and looks soft and wobbly. Jelly is a sweet food that many children like to eat."",
    ""description_brief"": ""Red jelly on a plate."",
    ""needs_inspection"": false,
    ""reason"": """"
}"
extra_cards/activities/13b-02洗／抹面(1).jpg,activities,"{""en"":""Wash face"",""zh"":""洗／抹面"",""yue"":""洗／抺面"",""ko"":""얼굴 닦기""}",JPEG,756,1051,The image shows a child using a light blue cloth to wipe their face. The child has short black hair and is wearing a blue shirt and yellow pants. This activity helps keep the face clean and fresh.,qwen3-vl-plus,A child is wiping their face with a cloth.,False,False,,"{
    ""en"": ""Wash face"",
    ""zh"": ""洗／抹面"",
    ""yue"": ""洗／抺面"",
    ""ko"": ""얼굴 닦기"",
    ""description"": ""The image shows a child using a light blue cloth to wipe their face. The child has short black hair and is wearing a blue shirt and yellow pants. This activity helps keep the face clean and fresh."",
    ""description_brief"": ""A child is wiping their face with a cloth."",
    ""needs_inspection"": false,
    ""reason"": """"
}"
extra_cards/technologies/lightbulb.jpg,technologies,"{""en"":""lightbulb"",""zh"":""灯泡"",""yue"":""燈泡"",""ko"":""전구""}",JPEG,344,551,This is a drawing of a lightbulb. It has a round top and a screw base at the bottom. Lightbulbs are used to make rooms bright when turned on.,qwen3-vl-plus,A lightbulb makes light when you turn it on.,False,False,,"{
    ""en"": ""lightbulb"",
    ""zh"": ""灯泡"",
    ""yue"": ""燈泡"",
    ""ko"": ""전구"",
    ""description"": ""This is a drawing of a lightbulb. It has a round top and a screw base at the bottom. Lightbulbs are used to make rooms bright when turned on."",
    ""description_brief"": ""A lightbulb makes light when you turn it on."",
    ""needs_inspection"": false,
    ""reason"": """"
}"
extra_cards/measuring/量匙(半茶匙).jpg,measuring,"{""en"":""Half Teaspoon"",""zh"":""半茶匙"",""yue"":""半茶匙"",""ko"":""반 티스푼""}",JPEG,551,331,This is a measuring spoon that holds half a teaspoon of liquid or powder. The handle says '1/2 teaspoon = 2.5 ml' to show how much it measures. It is silver and has a small hole at the end for hanging.,qwen3-vl-plus,"This spoon measures half a teaspoon, which is 2.5 milliliters.",False,False,,"{
    ""en"": ""Half Teaspoon"",
    ""zh"": ""半茶匙"",
    ""yue"": ""半茶匙"",
    ""ko"": ""반 티스푼"",
    ""description"": ""This is a measuring spoon that holds half a teaspoon of liquid or powder. The handle says '1/2 teaspoon = 2.5 ml' to show how much it measures. It is silver and has a small hole at the end for hanging."",
    ""description_brief"": ""This spoon measures half a teaspoon, which is 2.5 milliliters."",
    ""needs_inspection"": false,
    ""reason"": """"
}"
extra_cards/activities/history.jpg,activities,"{""en"":""History"",""zh"":""历史"",""yue"":""歷史"",""ko"":""역사""}",JPEG,596,596,"This image shows things from the past: a castle, an old telephone, a rocking horse, a vintage car, and a puppet show. These items help us learn about how people lived long ago. They are simple and clear to look at, which can help you understand history.",qwen3-vl-plus,Things from the past that help us learn about history.,False,False,,"{
    ""en"": ""History"",
    ""zh"": ""历史"",
    ""yue"": ""歷史"",
    ""ko"": ""역사"",
    ""description"": ""This image shows things from the past: a castle, an old telephone, a rocking horse, a vintage car, and a puppet show. These items help us learn about how people lived long ago. They are simple and clear to look at, which can help you understand history."",
    ""description_brief"": ""Things from the past that help us learn about history."",
    ""needs_inspection"": false,
    ""reason"": """"
}"
extra_cards/activities/assembly.jpg,activities,"{""en"":""assembly"",""zh"":""集会"",""yue"":""集會"",""ko"":""모임""}",JPEG,596,596,"This image shows many people standing together in a group. Their heads are drawn with different hair colors and styles, including some with ribbons. The word below means 'gathering' or 'assembly' in Chinese.",qwen3-vl-plus,People gathered together for an assembly.,False,False,,"{
    ""en"": ""assembly"",
    ""zh"": ""集会"",
    ""yue"": ""集會"",
    ""ko"": ""모임"",
    ""description"": ""This image shows many people standing together in a group. Their heads are drawn with different hair colors and styles, including some with ribbons. The word below means 'gathering' or 'assembly' in Chinese."",
    ""description_brief"": ""People gathered together for an assembly."",
    ""needs_inspection"": false,
    ""reason"": """"
}"
extra_cards/stationery/Pen06.jpg,stationery,"{""en"":""Blue Pen"",""zh"":""蓝色笔"",""yue"":""藍色筆"",""ko"":""파란색 펜""}",JPEG,720,445,This is a blue pen with a clear plastic body. The cap is off and lying next to the pen. The tip is gold-colored and ready to write.,qwen3-vl-plus,"A blue pen with its cap off, ready to use.",False,False,,"{
    ""en"": ""Blue Pen"",
    ""zh"": ""蓝色笔"",
    ""yue"": ""藍色筆"",
    ""ko"": ""파란색 펜"",
    ""description"": ""This is a blue pen with a clear plastic body. The cap is off and lying next to the pen. The tip is gold-colored and ready to write."",
    ""description_brief"": ""A blue pen with its cap off, ready to use."",
    ""needs_inspection"": false,
    ""reason"": """"
}"
extra_cards/space/venus-1.jpg,space,"{""en"":""Venus"",""zh"":""金星"",""yue"":""金星"",""ko"":""금성""}",JPEG,457,457,This image shows the planet Venus. It is round and mostly orange with some darker spots and patches. The name '金星' is written below it in Chinese characters.,qwen3-vl-plus,"This is Venus, a bright orange planet with dark spots.",False,False,,"{
    ""en"": ""Venus"",
    ""zh"": ""金星"",
    ""yue"": ""金星"",
    ""ko"": ""금성"",
    ""description"": ""This image shows the planet Venus. It is round and mostly orange with some darker spots and patches. The name '金星' is written below it in Chinese characters."",
    ""description_brief"": ""This is Venus, a bright orange planet with dark spots."",
    ""needs_inspection"": false,
    ""reason"": """"
}"
extra_cards/food/三文治.jpg,food,"{""en"":""Sandwich"",""zh"":""三明治"",""yue"":""三文治"",""ko"":""샌드위치""}",JPEG,756,1051,"This image shows two triangular sandwiches made with white bread. Inside, you can see layers of green lettuce, red tomato, yellow cheese, and pink ham. The sandwiches are cut neatly and placed on a plain white background.",qwen3-vl-plus,Two triangle sandwiches with vegetables and meat inside.,False,False,,"{
    ""en"": ""Sandwich"",
    ""zh"": ""三明治"",
    ""yue"": ""三文治"",
    ""ko"": ""샌드위치"",
    ""description"": ""This image shows two triangular sandwiches made with white bread. Inside, you can see layers of green lettuce, red tomato, yellow cheese, and pink ham. The sandwiches are cut neatly and placed on a plain white background."",
    ""description_brief"": ""Two triangle sandwiches with vegetables and meat inside."",
    ""needs_inspection"": false,
    ""reason"": """"
}"
extra_cards/activities/home time.jpg,activities,"{""en"":""Home time"",""zh"":""放学回家"",""yue"":""放學返屋企"",""ko"":""집에 가기""}",JPEG,596,596,"This image shows a red brick house with a blue front door and windows. There is a wooden fence on both sides of the house. The text below says '放学回家', which means it is time to go home after school.",qwen3-vl-plus,It is time to go home after school.,False,False,,"{
    ""en"": ""Home time"",
    ""zh"": ""放学回家"",
    ""yue"": ""放學返屋企"",
    ""ko"": ""집에 가기"",
    ""description"": ""This image shows a red brick house with a blue front door and windows. There is a wooden fence on both sides of the house. The text below says '放学回家', which means it is time to go home after school."",
    ""description_brief"": ""It is time to go home after school."",
    ""needs_inspection"": false,
    ""reason"": """"
}"
extra_cards/technologies/outlet.jpg,technologies,"{""en"":""outlet"",""zh"":""插座"",""yue"":""插座"",""ko"":""콘센트""}",JPEG,551,551,This is a wall outlet with two sockets. Each socket has two vertical slots and one round hole below them. It is used to plug in electrical devices safely.,qwen3-vl-plus,A wall outlet for plugging in devices.,False,False,,"{
    ""en"": ""outlet"",
    ""zh"": ""插座"",
    ""yue"": ""插座"",
    ""ko"": ""콘센트"",
    ""description"": ""This is a wall outlet with two sockets. Each socket has two vertical slots and one round hole below them. It is used to plug in electrical devices safely."",
    ""description_brief"": ""A wall outlet for plugging in devices."",
    ""needs_inspection"": false,
    ""reason"": """"
}"
extra_cards/stationery/Pen07.jpg,stationery,"{""en"":""Pen07"",""zh"":""笔07"",""yue"":""筆07"",""ko"":""펜07""}",JPEG,715,432,This is a yellow pen with a blue cap. The pen has a metal tip for writing. The cap can be put on the back of the pen to keep it safe when not in use.,qwen3-vl-plus,A yellow pen with a blue cap for writing.,False,False,,"{
    ""en"": ""Pen07"",
    ""zh"": ""笔07"",
    ""yue"": ""筆07"",
    ""ko"": ""펜07"",
    ""description"": ""This is a yellow pen with a blue cap. The pen has a metal tip for writing. The cap can be put on the back of the pen to keep it safe when not in use."",
    ""description_brief"": ""A yellow pen with a blue cap for writing."",
    ""needs_inspection"": false,
    ""reason"": """"
}"
extra_cards/activities/13b-03抹嘴.jpg,activities,"{""en"":""Wipe mouth"",""zh"":""抹嘴"",""yue"":""抺嘴"",""ko"":""입 닦기""}",JPEG,756,1051,The image shows a child using a light blue cloth to wipe their mouth. The child is wearing a red and orange shirt with green trim on the sleeves. This action helps keep the face clean after eating or drinking.,qwen3-vl-plus,A child wiping their mouth with a cloth after eating.,False,False,,"{
    ""en"": ""Wipe mouth"",
    ""zh"": ""抹嘴"",
    ""yue"": ""抺嘴"",
    ""ko"": ""입 닦기"",
    ""description"": ""The image shows a child using a light blue cloth to wipe their mouth. The child is wearing a red and orange shirt with green trim on the sleeves. This action helps keep the face clean after eating or drinking."",
    ""description_brief"": ""A child wiping their mouth with a cloth after eating."",
    ""needs_inspection"": false,
    ""reason"": """"
}"
extra_cards/stationery/Pen08.jpg,stationery,"{""en"":""Pen08"",""zh"":""笔08"",""yue"":""筆08"",""ko"":""펜08""}",JPEG,720,562,"This is a silver pen with a pointed tip and a black cap on the top. The body has small lines for grip, and it has a metal clip to attach to pockets or notebooks. It is smooth and shiny, and designed to be held comfortably while writing.",qwen3-vl-plus,A silver pen with a clip and grip lines for writing.,False,False,,"{
    ""en"": ""Pen08"",
    ""zh"": ""笔08"",
    ""yue"": ""筆08"",
    ""ko"": ""펜08"",
    ""description"": ""This is a silver pen with a pointed tip and a black cap on the top. The body has small lines for grip, and it has a metal clip to attach to pockets or notebooks. It is smooth and shiny, and designed to be held comfortably while writing."",
    ""description_brief"": ""A silver pen with a clip and grip lines for writing."",
    ""needs_inspection"": false,
    ""reason"": """"
}"
extra_cards/stationery/3-01鉛筆.jpg,stationery,"{""en"":""Pencil"",""zh"":""铅笔"",""yue"":""鉛筆"",""ko"":""연필""}",JPEG,756,1051,"This is a pink pencil with a yellow tip and a pink eraser on the end. It is drawn in a simple, clear style with bold outlines to make it easy to recognize. The word '鉛筆' is written below to help identify the object.",qwen3-vl-plus,"A pink pencil with an eraser on top, used for writing or drawing.",False,False,,"{
    ""en"": ""Pencil"",
    ""zh"": ""铅笔"",
    ""yue"": ""鉛筆"",
    ""ko"": ""연필"",
    ""description"": ""This is a pink pencil with a yellow tip and a pink eraser on the end. It is drawn in a simple, clear style with bold outlines to make it easy to recognize. The word '鉛筆' is written below to help identify the object."",
    ""description_brief"": ""A pink pencil with an eraser on top, used for writing or drawing."",
    ""needs_inspection"": false,
    ""reason"": """"
}"
extra_cards/food/乳酪.jpg,food,"{""en"":""Cheese"",""zh"":""乳酪"",""yue"":""乳酪"",""ko"":""치즈""}",JPEG,756,1051,This image shows a cup of cheese with green grapes on top. The cheese is light yellow and has a smooth texture. The label on the cup also shows green grapes and the word '乳酪' in red.,qwen3-vl-plus,A cup of cheese with green grapes on top.,False,False,,"{
    ""en"": ""Cheese"",
    ""zh"": ""乳酪"",
    ""yue"": ""乳酪"",
    ""ko"": ""치즈"",
    ""description"": ""This image shows a cup of cheese with green grapes on top. The cheese is light yellow and has a smooth texture. The label on the cup also shows green grapes and the word '乳酪' in red."",
    ""description_brief"": ""A cup of cheese with green grapes on top."",
    ""needs_inspection"": false,
    ""reason"": """"
}"
extra_cards/measuring/量匙(四分之一茶匙).jpg,measuring,"{""en"":""1/4 teaspoon measuring spoon"",""zh"":""四分之一茶匙量匙"",""yue"":""四分一茶匙量匙"",""ko"":""1/4 티스푼 측정 스푼""}",JPEG,551,331,This is a small metal spoon used to measure tiny amounts of ingredients. The handle says '1/4 teaspoon = 1.2 ml' so you know exactly how much it holds. It has a hole at the end for hanging or storing with other spoons.,qwen3-vl-plus,A small spoon that measures one-quarter of a teaspoon.,False,False,,"{
    ""en"": ""1/4 teaspoon measuring spoon"",
    ""zh"": ""四分之一茶匙量匙"",
    ""yue"": ""四分一茶匙量匙"",
    ""ko"": ""1/4 티스푼 측정 스푼"",
    ""description"": ""This is a small metal spoon used to measure tiny amounts of ingredients. The handle says '1/4 teaspoon = 1.2 ml' so you know exactly how much it holds. It has a hole at the end for hanging or storing with other spoons."",
    ""description_brief"": ""A small spoon that measures one-quarter of a teaspoon."",
    ""needs_inspection"": false,
    ""reason"": """"
}"
extra_cards/activities/13a-37排隊玩.jpg,activities,"{""en"":""Take turns playing"",""zh"":""排队玩"",""yue"":""排隊玩"",""ko"":""차례로 놀기""}",JPEG,756,1051,Four children are waiting in line to climb a red ladder on a playground. One child is climbing up while the others wait patiently. This shows how to take turns and share play equipment with friends.,qwen3-vl-plus,Children wait in line to take turns climbing the ladder at the playground.,False,False,,"{
    ""en"": ""Take turns playing"",
    ""zh"": ""排队玩"",
    ""yue"": ""排隊玩"",
    ""ko"": ""차례로 놀기"",
    ""description"": ""Four children are waiting in line to climb a red ladder on a playground. One child is climbing up while the others wait patiently. This shows how to take turns and share play equipment with friends."",
    ""description_brief"": ""Children wait in line to take turns climbing the ladder at the playground."",
    ""needs_inspection"": false,
    ""reason"": """"
}"
extra_cards/activities/art.jpg,activities,"{""en"":""art"",""zh"":""美术"",""yue"":""美術"",""ko"":""미술""}",JPEG,596,596,"This image shows paintbrushes in a clear cup and a palette with six colors: green, yellow, blue, red, pink, and black. These items are used for painting and drawing activities. The word '美術' is written below to label the activity.",qwen3-vl-plus,Paintbrushes and paint colors for doing art.,False,False,,"{
    ""en"": ""art"",
    ""zh"": ""美术"",
    ""yue"": ""美術"",
    ""ko"": ""미술"",
    ""description"": ""This image shows paintbrushes in a clear cup and a palette with six colors: green, yellow, blue, red, pink, and black. These items are used for painting and drawing activities. The word '美術' is written below to label the activity."",
    ""description_brief"": ""Paintbrushes and paint colors for doing art."",
    ""needs_inspection"": false,
    ""reason"": """"
}"
extra_cards/beings/7-20草.jpg,beings,"{""en"":""Grass"",""zh"":""草"",""yue"":""草"",""ko"":""풀""}",JPEG,756,1051,"This image shows green grass blades growing upward. The grass is drawn with simple lines and different shades of green. It is a common plant found in parks, yards, and fields.",qwen3-vl-plus,Green grass you can see in the yard or park.,False,False,,"{
    ""en"": ""Grass"",
    ""zh"": ""草"",
    ""yue"": ""草"",
    ""ko"": ""풀"",
    ""description"": ""This image shows green grass blades growing upward. The grass is drawn with simple lines and different shades of green. It is a common plant found in parks, yards, and fields."",
    ""description_brief"": ""Green grass you can see in the yard or park."",
    ""needs_inspection"": false,
    ""reason"": """"
}"
extra_cards/activities/homework (1).jpg,activities,"{""en"":""Homework"",""zh"":""写作业"",""yue"":""寫功課"",""ko"":""숙제하기""}",JPEG,596,596,"This image shows a hand holding a blue pencil, ready to write. The person is wearing a red sleeve. Below the hand, there are Chinese characters that mean 'write homework'.",qwen3-vl-plus,A hand holding a pencil to do homework.,False,False,,"{
    ""en"": ""Homework"",
    ""zh"": ""写作业"",
    ""yue"": ""寫功課"",
    ""ko"": ""숙제하기"",
    ""description"": ""This image shows a hand holding a blue pencil, ready to write. The person is wearing a red sleeve. Below the hand, there are Chinese characters that mean 'write homework'."",
    ""description_brief"": ""A hand holding a pencil to do homework."",
    ""needs_inspection"": false,
    ""reason"": """"
}"
extra_cards/measuring/量杯(一杯).jpg,measuring,"{""en"":""Measuring cup (1 cup)"",""zh"":""量杯（一杯）"",""yue"":""量杯（一杯）"",""ko"":""계량컵 (1컵)""}",JPEG,551,368,"This is a measuring cup used to measure liquids. It holds exactly 240 milliliters, which equals one cup. The handle has writing that shows the measurement clearly.",qwen3-vl-plus,A measuring cup that holds one cup (240 ml) of liquid.,False,False,,"{
    ""en"": ""Measuring cup (1 cup)"",
    ""zh"": ""量杯（一杯）"",
    ""yue"": ""量杯（一杯）"",
    ""ko"": ""계량컵 (1컵)"",
    ""description"": ""This is a measuring cup used to measure liquids. It holds exactly 240 milliliters, which equals one cup. The handle has writing that shows the measurement clearly."",
    ""description_brief"": ""A measuring cup that holds one cup (240 ml) of liquid."",
    ""needs_inspection"": false,
    ""reason"": """"
}"
extra_cards/activities/assembly-1.jpg,activities,"{""en"":""assembly-1"",""zh"":""集会-1"",""yue"":""集會-1"",""ko"":""모임-1""}",JPEG,531,171,This image shows a room with rows of seats facing forward. A person is sitting on the stage at the front. The floor has curved lines showing where people walk or sit.,qwen3-vl-plus,A person is speaking in a room with many seats arranged in rows.,False,False,,"{
    ""en"": ""assembly-1"",
    ""zh"": ""集会-1"",
    ""yue"": ""集會-1"",
    ""ko"": ""모임-1"",
    ""description"": ""This image shows a room with rows of seats facing forward. A person is sitting on the stage at the front. The floor has curved lines showing where people walk or sit."",
    ""description_brief"": ""A person is speaking in a room with many seats arranged in rows."",
    ""needs_inspection"": false,
    ""reason"": """"
}"
extra_cards/technologies/plug.jpg,technologies,"{""en"":""plug"",""zh"":""插头"",""yue"":""插頭"",""ko"":""플러그""}",JPEG,551,551,This is a plug that connects to an electrical outlet. It has two flat metal prongs and a brown plastic body. The cord attached to it carries electricity to devices like lamps or chargers.,qwen3-vl-plus,This is a plug that goes into the wall to power things.,False,False,,"{
    ""en"": ""plug"",
    ""zh"": ""插头"",
    ""yue"": ""插頭"",
    ""ko"": ""플러그"",
    ""description"": ""This is a plug that connects to an electrical outlet. It has two flat metal prongs and a brown plastic body. The cord attached to it carries electricity to devices like lamps or chargers."",
    ""description_brief"": ""This is a plug that goes into the wall to power things."",
    ""needs_inspection"": false,
    ""reason"": """"
}"
extra_cards/food/冬菇.jpg,food,"{""en"":""Winter mushroom"",""zh"":""冬菇"",""yue"":""冬菇"",""ko"":""동고버섯""}",JPEG,756,1051,"This image shows two brown mushrooms with yellow stems. The caps are rounded and slightly cracked on top. These mushrooms are often used in cooking and have a strong, earthy smell.",qwen3-vl-plus,"Two brown mushrooms with yellow stems, called winter mushrooms.",False,False,,"{
    ""en"": ""Winter mushroom"",
    ""zh"": ""冬菇"",
    ""yue"": ""冬菇"",
    ""ko"": ""동고버섯"",
    ""description"": ""This image shows two brown mushrooms with yellow stems. The caps are rounded and slightly cracked on top. These mushrooms are often used in cooking and have a strong, earthy smell."",
    ""description_brief"": ""Two brown mushrooms with yellow stems, called winter mushrooms."",
    ""needs_inspection"": false,
    ""reason"": """"
}"
extra_cards/beings/7-21樹.jpg,beings,"{""en"":""Tree"",""zh"":""树"",""yue"":""樹"",""ko"":""나무""}",JPEG,756,1051,This is a drawing of a tree with a brown trunk and green leaves. The tree has branches that spread out to hold the leafy parts. It stands alone on a white background with a purple stripe at the top.,qwen3-vl-plus,A green tree with a brown trunk and branches.,False,False,,"{
    ""en"": ""Tree"",
    ""zh"": ""树"",
    ""yue"": ""樹"",
    ""ko"": ""나무"",
    ""description"": ""This is a drawing of a tree with a brown trunk and green leaves. The tree has branches that spread out to hold the leafy parts. It stands alone on a white background with a purple stripe at the top."",
    ""description_brief"": ""A green tree with a brown trunk and branches."",
    ""needs_inspection"": false,
    ""reason"": """"
}"
extra_cards/activities/13d-04玩遊戲.jpg,activities,"{""en"":""Playing Games"",""zh"":""玩游戏"",""yue"":""玩遊戲"",""ko"":""게임하기""}",JPEG,756,1051,"Four children are sitting on small wooden chairs in a circle. One girl is holding a colorful ball, and the others are smiling or clapping. They look happy and are playing together as a group.",qwen3-vl-plus,Children are sitting in a circle playing games with a ball.,False,False,,"{
    ""en"": ""Playing Games"",
    ""zh"": ""玩游戏"",
    ""yue"": ""玩遊戲"",
    ""ko"": ""게임하기"",
    ""description"": ""Four children are sitting on small wooden chairs in a circle. One girl is holding a colorful ball, and the others are smiling or clapping. They look happy and are playing together as a group."",
    ""description_brief"": ""Children are sitting in a circle playing games with a ball."",
    ""needs_inspection"": false,
    ""reason"": """"
}"
extra_cards/technologies/switch-off.jpg,technologies,"{""en"":""switch-off"",""zh"":""关闭开关"",""yue"":""關閉開關"",""ko"":""스위치 끄기""}",JPEG,551,551,"This is a light switch on a wall plate. The switch is in the OFF position, which means the light is not turned on. There are two screws holding the plate to the wall.",qwen3-vl-plus,This switch turns the light off.,False,False,,"{
    ""en"": ""switch-off"",
    ""zh"": ""关闭开关"",
    ""yue"": ""關閉開關"",
    ""ko"": ""스위치 끄기"",
    ""description"": ""This is a light switch on a wall plate. The switch is in the OFF position, which means the light is not turned on. There are two screws holding the plate to the wall."",
    ""description_brief"": ""This switch turns the light off."",
    ""needs_inspection"": false,
    ""reason"": """"
}"
extra_cards/stationery/3-02原子筆.jpg,stationery,"{""en"":""Ballpoint pen"",""zh"":""原子笔"",""yue"":""原子筆"",""ko"":""볼펜""}",JPEG,756,1051,This is a blue ballpoint pen with a clear plastic body and a blue cap. It has a clip on the cap to attach it to papers or pockets. The pen is used for writing with blue ink.,qwen3-vl-plus,A blue pen for writing.,False,False,,"{
    ""en"": ""Ballpoint pen"",
    ""zh"": ""原子笔"",
    ""yue"": ""原子筆"",
    ""ko"": ""볼펜"",
    ""description"": ""This is a blue ballpoint pen with a clear plastic body and a blue cap. It has a clip on the cap to attach it to papers or pockets. The pen is used for writing with blue ink."",
    ""description_brief"": ""A blue pen for writing."",
    ""needs_inspection"": false,
    ""reason"": """"
}"
extra_cards/measuring/量杯(三份之一杯).jpg,measuring,"{""en"":""1/3 cup measuring cup"",""zh"":""三分之一杯量杯"",""yue"":""三分之一杯量杯"",""ko"":""1/3 컵 측정컵""}",JPEG,551,368,"This is a small metal measuring cup with a handle. It holds exactly one-third of a cup, which equals 80 milliliters. The measurement is written clearly on the handle for easy reading.",qwen3-vl-plus,A measuring cup that holds 1/3 cup or 80 ml.,False,False,,"{
    ""en"": ""1/3 cup measuring cup"",
    ""zh"": ""三分之一杯量杯"",
    ""yue"": ""三分之一杯量杯"",
    ""ko"": ""1/3 컵 측정컵"",
    ""description"": ""This is a small metal measuring cup with a handle. It holds exactly one-third of a cup, which equals 80 milliliters. The measurement is written clearly on the handle for easy reading."",
    ""description_brief"": ""A measuring cup that holds 1/3 cup or 80 ml."",
    ""needs_inspection"": false,
    ""reason"": """"
}"
extra_cards/activities/homework.jpg,activities,"{""en"":""Doing homework"",""zh"":""写作业"",""yue"":""做功課"",""ko"":""숙제하기""}",JPEG,596,596,"This image shows a hand holding a blue pencil, ready to write. The person is wearing a red sleeve. Below the hand, there are Chinese characters that mean 'doing homework'.",qwen3-vl-plus,A hand holding a pencil to do homework.,False,False,,"{
    ""en"": ""Doing homework"",
    ""zh"": ""写作业"",
    ""yue"": ""做功課"",
    ""ko"": ""숙제하기"",
    ""description"": ""This image shows a hand holding a blue pencil, ready to write. The person is wearing a red sleeve. Below the hand, there are Chinese characters that mean 'doing homework'."",
    ""description_brief"": ""A hand holding a pencil to do homework."",
    ""needs_inspection"": false,
    ""reason"": """"
}"
extra_cards/stationery/Pen09.jpg,stationery,"{""en"":""Permanent marker with red cap"",""zh"":""带红色盖子的永久性记号笔"",""yue"":""帶紅色筆蓋的永久性記號筆"",""ko"":""빨간 뚜껑이 달린 영구 마커""}",JPEG,824,528,"This is a black permanent marker with a red cap. The tip is orange and can write on many surfaces. After using it, you must close the cap to keep it working well.",qwen3-vl-plus,A black permanent marker with a red cap that needs to be closed after use.,False,False,,"{
    ""en"": ""Permanent marker with red cap"",
    ""zh"": ""带红色盖子的永久性记号笔"",
    ""yue"": ""帶紅色筆蓋的永久性記號筆"",
    ""ko"": ""빨간 뚜껑이 달린 영구 마커"",
    ""description"": ""This is a black permanent marker with a red cap. The tip is orange and can write on many surfaces. After using it, you must close the cap to keep it working well."",
    ""description_brief"": ""A black permanent marker with a red cap that needs to be closed after use."",
    ""needs_inspection"": false,
    ""reason"": """"
}"
extra_cards/measuring/量杯(半杯).jpg,measuring,"{""en"":""Measuring cup (half cup)"",""zh"":""量杯（半杯）"",""yue"":""量杯（半杯）"",""ko"":""계량컵 (반 컵)""}",JPEG,551,368,"This is a measuring cup used for cooking or baking. It holds half a cup, which equals 120 milliliters. The handle has the measurement written on it to help you know how much it holds.",qwen3-vl-plus,This is a half-cup measuring cup that holds 120 ml.,False,False,,"{
    ""en"": ""Measuring cup (half cup)"",
    ""zh"": ""量杯（半杯）"",
    ""yue"": ""量杯（半杯）"",
    ""ko"": ""계량컵 (반 컵)"",
    ""description"": ""This is a measuring cup used for cooking or baking. It holds half a cup, which equals 120 milliliters. The handle has the measurement written on it to help you know how much it holds."",
    ""description_brief"": ""This is a half-cup measuring cup that holds 120 ml."",
    ""needs_inspection"": false,
    ""reason"": """"
}"
extra_cards/technologies/switch-on.jpg,technologies,"{""en"":""switch-on"",""zh"":""开关-开"",""yue"":""開關-開"",""ko"":""스위치-켜기""}",JPEG,551,551,"This is a light switch on a wall plate. The switch is in the 'ON' position, which means the light is turned on. There are two screws holding the plate to the wall.",qwen3-vl-plus,The switch is on and the light is working.,False,False,,"{
    ""en"": ""switch-on"",
    ""zh"": ""开关-开"",
    ""yue"": ""開關-開"",
    ""ko"": ""스위치-켜기"",
    ""description"": ""This is a light switch on a wall plate. The switch is in the 'ON' position, which means the light is turned on. There are two screws holding the plate to the wall."",
    ""description_brief"": ""The switch is on and the light is working."",
    ""needs_inspection"": false,
    ""reason"": """"
}"
extra_cards/stationery/Pen10.jpg,stationery,"{""en"":""Blue Pen"",""zh"":""蓝色笔"",""yue"":""藍色筆"",""ko"":""파란색 펜""}",JPEG,960,623,This is a blue pen with a clear plastic body and a metal tip. The cap is off and lying next to the pen. It is used for writing on paper.,qwen3-vl-plus,A blue pen for writing.,False,False,,"{
    ""en"": ""Blue Pen"",
    ""zh"": ""蓝色笔"",
    ""yue"": ""藍色筆"",
    ""ko"": ""파란색 펜"",
    ""description"": ""This is a blue pen with a clear plastic body and a metal tip. The cap is off and lying next to the pen. It is used for writing on paper."",
    ""description_brief"": ""A blue pen for writing."",
    ""needs_inspection"": false,
    ""reason"": """"
}"
extra_cards/activities/13a-38飲茶.jpg,activities,"{""en"":""Having tea"",""zh"":""饮茶"",""yue"":""飲茶"",""ko"":""차 마시기""}",JPEG,756,1051,"The image shows a group of people sitting at two round tables with blue tablecloths. They are eating small dishes and drinking tea from cups. Everyone is using chopsticks or holding teacups, and there are steamer baskets and teapots on the tables.",qwen3-vl-plus,People are sitting at tables eating food and drinking tea together.,False,False,,"{
    ""en"": ""Having tea"",
    ""zh"": ""饮茶"",
    ""yue"": ""飲茶"",
    ""ko"": ""차 마시기"",
    ""description"": ""The image shows a group of people sitting at two round tables with blue tablecloths. They are eating small dishes and drinking tea from cups. Everyone is using chopsticks or holding teacups, and there are steamer baskets and teapots on the tables."",
    ""description_brief"": ""People are sitting at tables eating food and drinking tea together."",
    ""needs_inspection"": false,
    ""reason"": """"
}"
extra_cards/beings/7-22花.jpg,beings,"{""en"":""Flower"",""zh"":""花"",""yue"":""花"",""ko"":""꽃""}",JPEG,756,1051,"This image shows a red rose with green leaves and a stem. The flower is drawn in a simple, clear style with bold outlines to make it easy to see. It is labeled with the Chinese character '花' at the bottom to help identify it.",qwen3-vl-plus,"A red rose with green leaves, labeled '花'.",False,False,,"{
    ""en"": ""Flower"",
    ""zh"": ""花"",
    ""yue"": ""花"",
    ""ko"": ""꽃"",
    ""description"": ""This image shows a red rose with green leaves and a stem. The flower is drawn in a simple, clear style with bold outlines to make it easy to see. It is labeled with the Chinese character '花' at the bottom to help identify it."",
    ""description_brief"": ""A red rose with green leaves, labeled '花'."",
    ""needs_inspection"": false,
    ""reason"": """"
}"
extra_cards/stationery/3-03顏色筆.jpg,stationery,"{""en"":""Colored pencils"",""zh"":""彩色铅笔"",""yue"":""顏色筆"",""ko"":""색연필""}",JPEG,756,1051,"This image shows a red box with colored pencils inside. The box is open, and you can see pencils in different colors like blue, purple, yellow, and brown. Two pencils, one red and one green, are lying outside the box.",qwen3-vl-plus,A box of colored pencils with some pencils outside.,False,False,,"{
    ""en"": ""Colored pencils"",
    ""zh"": ""彩色铅笔"",
    ""yue"": ""顏色筆"",
    ""ko"": ""색연필"",
    ""description"": ""This image shows a red box with colored pencils inside. The box is open, and you can see pencils in different colors like blue, purple, yellow, and brown. Two pencils, one red and one green, are lying outside the box."",
    ""description_brief"": ""A box of colored pencils with some pencils outside."",
    ""needs_inspection"": false,
    ""reason"": """"
}"
extra_cards/food/叉燒.jpg,food,"{""en"":""Char Siu"",""zh"":""叉烧"",""yue"":""叉燒"",""ko"":""차슈""}",JPEG,756,1051,"This is a picture of char siu, which is a type of roasted pork. It is reddish on the outside and lighter pink inside, with visible meat texture. The meat is sliced so you can see how it looks when cut.",qwen3-vl-plus,Sliced red roasted pork called char siu.,False,False,,"{
    ""en"": ""Char Siu"",
    ""zh"": ""叉烧"",
    ""yue"": ""叉燒"",
    ""ko"": ""차슈"",
    ""description"": ""This is a picture of char siu, which is a type of roasted pork. It is reddish on the outside and lighter pink inside, with visible meat texture. The meat is sliced so you can see how it looks when cut."",
    ""description_brief"": ""Sliced red roasted pork called char siu."",
    ""needs_inspection"": false,
    ""reason"": """"
}"
extra_cards/activities/13a-39寄信.jpg,activities,"{""en"":""Sending a letter"",""zh"":""寄信"",""yue"":""寄信"",""ko"":""편지 보내기""}",JPEG,756,1051,A child is putting a white envelope into a green mailbox. The child is wearing a yellow shirt and blue shorts. This shows how to send a letter by mail.,qwen3-vl-plus,I am sending a letter in the mailbox.,False,False,,"{
    ""en"": ""Sending a letter"",
    ""zh"": ""寄信"",
    ""yue"": ""寄信"",
    ""ko"": ""편지 보내기"",
    ""description"": ""A child is putting a white envelope into a green mailbox. The child is wearing a yellow shirt and blue shorts. This shows how to send a letter by mail."",
    ""description_brief"": ""I am sending a letter in the mailbox."",
    ""needs_inspection"": false,
    ""reason"": """"
}"
extra_cards/activities/journal-1.jpg,activities,"{""en"":""Journal with pencils"",""zh"":""带铅笔的日记本"",""yue"":""帶鉛筆嘅日記本"",""ko"":""연필이 있는 일기장""}",JPEG,531,171,This image shows a purple journal with colorful drawings on the cover. Two yellow pencils are tucked into the side of the journal. The journal is sitting on top of some white papers.,qwen3-vl-plus,A purple journal with pencils ready for writing or drawing.,False,False,,"{
    ""en"": ""Journal with pencils"",
    ""zh"": ""带铅笔的日记本"",
    ""yue"": ""帶鉛筆嘅日記本"",
    ""ko"": ""연필이 있는 일기장"",
    ""description"": ""This image shows a purple journal with colorful drawings on the cover. Two yellow pencils are tucked into the side of the journal. The journal is sitting on top of some white papers."",
    ""description_brief"": ""A purple journal with pencils ready for writing or drawing."",
    ""needs_inspection"": false,
    ""reason"": """"
}"
extra_cards/stationery/3-04擦膠.jpg,stationery,"{""en"":""Eraser"",""zh"":""橡皮擦"",""yue"":""擦膠"",""ko"":""지우개""}",JPEG,756,1051,This is a drawing of an eraser. It has a white rubber part and a blue and black label with the word 'NNOO' on it. Erasers are used to remove pencil marks from paper.,qwen3-vl-plus,This is an eraser for cleaning pencil mistakes.,False,False,,"{
    ""en"": ""Eraser"",
    ""zh"": ""橡皮擦"",
    ""yue"": ""擦膠"",
    ""ko"": ""지우개"",
    ""description"": ""This is a drawing of an eraser. It has a white rubber part and a blue and black label with the word 'NNOO' on it. Erasers are used to remove pencil marks from paper."",
    ""description_brief"": ""This is an eraser for cleaning pencil mistakes."",
    ""needs_inspection"": false,
    ""reason"": """"
}"
extra_cards/toy/4-01車.jpg,toy,"{""en"":""Car"",""zh"":""车"",""yue"":""車"",""ko"":""자동차""}",JPEG,756,1051,"This is a yellow toy car with blue wheels and a red light on top. A smiling face is visible inside the car through the window. The car has a simple, rounded shape and is drawn in bright colors to make it easy to recognize.",qwen3-vl-plus,A yellow toy car with a happy face inside.,False,False,,"{
    ""en"": ""Car"",
    ""zh"": ""车"",
    ""yue"": ""車"",
    ""ko"": ""자동차"",
    ""description"": ""This is a yellow toy car with blue wheels and a red light on top. A smiling face is visible inside the car through the window. The car has a simple, rounded shape and is drawn in bright colors to make it easy to recognize."",
    ""description_brief"": ""A yellow toy car with a happy face inside."",
    ""needs_inspection"": false,
    ""reason"": """"
}"
extra_cards/activities/13b-22照鏡.jpg,activities,"{""en"":""Looking in the mirror"",""zh"":""照镜子"",""yue"":""照鏡"",""ko"":""거울 보기""}",JPEG,756,1051,A child is standing in front of a yellow-framed mirror. The child is wearing a blue shirt and can see their own face reflected in the mirror. This activity helps children recognize themselves and understand reflections.,qwen3-vl-plus,A child looks at their reflection in a mirror.,False,False,,"{
    ""en"": ""Looking in the mirror"",
    ""zh"": ""照镜子"",
    ""yue"": ""照鏡"",
    ""ko"": ""거울 보기"",
    ""description"": ""A child is standing in front of a yellow-framed mirror. The child is wearing a blue shirt and can see their own face reflected in the mirror. This activity helps children recognize themselves and understand reflections."",
    ""description_brief"": ""A child looks at their reflection in a mirror."",
    ""needs_inspection"": false,
    ""reason"": """"
}"
extra_cards/clothes/5-01短袖衫.jpg,clothes,"{""en"":""T-shirt"",""zh"":""短袖衫"",""yue"":""短袖衫"",""ko"":""반팔 티셔츠""}",JPEG,756,1051,"This is a blue short-sleeve shirt with a round neck. It has no buttons or patterns, and the sleeves are short. The shirt is drawn in a simple style to make it easy to recognize.",qwen3-vl-plus,A blue short-sleeve shirt for wearing on warm days.,False,False,,"{
    ""en"": ""T-shirt"",
    ""zh"": ""短袖衫"",
    ""yue"": ""短袖衫"",
    ""ko"": ""반팔 티셔츠"",
    ""description"": ""This is a blue short-sleeve shirt with a round neck. It has no buttons or patterns, and the sleeves are short. The shirt is drawn in a simple style to make it easy to recognize."",
    ""description_brief"": ""A blue short-sleeve shirt for wearing on warm days."",
    ""needs_inspection"": false,
    ""reason"": """"
}"
extra_cards/food/叉燒包.jpg,food,"{""en"":""Char Siu Bao"",""zh"":""叉烧包"",""yue"":""叉燒包"",""ko"":""차슈바오""}",JPEG,756,1051,"This is a steamed bun with sweet pork filling. It is served in a bamboo steamer basket and has steam rising from it. One bun is slightly open, showing the red meat inside.",qwen3-vl-plus,"Hot steamed buns with sweet pork inside, served in a bamboo basket.",False,False,,"{
    ""en"": ""Char Siu Bao"",
    ""zh"": ""叉烧包"",
    ""yue"": ""叉燒包"",
    ""ko"": ""차슈바오"",
    ""description"": ""This is a steamed bun with sweet pork filling. It is served in a bamboo steamer basket and has steam rising from it. One bun is slightly open, showing the red meat inside."",
    ""description_brief"": ""Hot steamed buns with sweet pork inside, served in a bamboo basket."",
    ""needs_inspection"": false,
    ""reason"": """"
}"
extra_cards/measuring/量杯(四份之一杯).jpg,measuring,"{""en"":""1/4 cup measuring spoon"",""zh"":""四分之一杯量杯"",""yue"":""四份之一杯量杯"",""ko"":""1/4컵 측정 숟가락""}",JPEG,550,368,"This is a small metal measuring cup with a handle. It holds exactly 60 milliliters, which equals one-quarter of a standard cup. The measurement is printed clearly on the handle for easy reading.",qwen3-vl-plus,A small metal cup that measures 1/4 cup or 60 ml.,False,False,,"{
    ""en"": ""1/4 cup measuring spoon"",
    ""zh"": ""四分之一杯量杯"",
    ""yue"": ""四份之一杯量杯"",
    ""ko"": ""1/4컵 측정 숟가락"",
    ""description"": ""This is a small metal measuring cup with a handle. It holds exactly 60 milliliters, which equals one-quarter of a standard cup. The measurement is printed clearly on the handle for easy reading."",
    ""description_brief"": ""A small metal cup that measures 1/4 cup or 60 ml."",
    ""needs_inspection"": false,
    ""reason"": """"
}"
extra_cards/activities/jump-4507.jpg,activities,"{""en"":""jump"",""zh"":""跳"",""yue"":""跳"",""ko"":""뛰다""}",JPEG,402,502,"The image shows a girl with curly hair jumping in the air. She is wearing an orange shirt and light-colored shorts. Her arms are raised and her knees are bent, showing she is mid-jump.",qwen3-vl-plus,A girl is jumping with her arms up and knees bent.,False,False,,"{
    ""en"": ""jump"",
    ""zh"": ""跳"",
    ""yue"": ""跳"",
    ""ko"": ""뛰다"",
    ""description"": ""The image shows a girl with curly hair jumping in the air. She is wearing an orange shirt and light-colored shorts. Her arms are raised and her knees are bent, showing she is mid-jump."",
    ""description_brief"": ""A girl is jumping with her arms up and knees bent."",
    ""needs_inspection"": false,
    ""reason"": """"
}"
extra_cards/stationery/Pen11.jpg,stationery,"{""en"":""Red pen with black grip"",""zh"":""带黑色握把的红色笔"",""yue"":""有黑色握把嘅紅色筆"",""ko"":""검은색 그립이 있는 빨간 펜""}",JPEG,960,707,This is a red pen with a black rubber grip near the tip. The grip has small squares to help you hold it better. It has a clicker on top and a clip to attach to your pocket or notebook.,qwen3-vl-plus,A red pen with a black grip for easy holding.,False,False,,"{
    ""en"": ""Red pen with black grip"",
    ""zh"": ""带黑色握把的红色笔"",
    ""yue"": ""有黑色握把嘅紅色筆"",
    ""ko"": ""검은색 그립이 있는 빨간 펜"",
    ""description"": ""This is a red pen with a black rubber grip near the tip. The grip has small squares to help you hold it better. It has a clicker on top and a clip to attach to your pocket or notebook."",
    ""description_brief"": ""A red pen with a black grip for easy holding."",
    ""needs_inspection"": false,
    ""reason"": """"
}"
extra_cards/activities/13b-21換衣服.jpg,activities,"{""en"":""Changing clothes"",""zh"":""换衣服"",""yue"":""換衣服"",""ko"":""옷 갈아입기""}",JPEG,756,1051,The image shows a child putting on or taking off a white button-up shirt over a white undershirt. The child has short black hair and is wearing blue pants. This activity helps with daily routines and independence.,qwen3-vl-plus,A child is changing their shirt.,False,False,,"{
    ""en"": ""Changing clothes"",
    ""zh"": ""换衣服"",
    ""yue"": ""換衣服"",
    ""ko"": ""옷 갈아입기"",
    ""description"": ""The image shows a child putting on or taking off a white button-up shirt over a white undershirt. The child has short black hair and is wearing blue pants. This activity helps with daily routines and independence."",
    ""description_brief"": ""A child is changing their shirt."",
    ""needs_inspection"": false,
    ""reason"": """"
}"
extra_cards/activities/13a-29吸塵.jpg,activities,"{""en"":""Vacuuming"",""zh"":""吸尘"",""yue"":""吸塵"",""ko"":""진공 청소""}",JPEG,756,1051,A girl with black curly hair is holding a red vacuum cleaner. She is wearing a pink dress and black shoes. She is walking on a brown floor while cleaning.,qwen3-vl-plus,A girl is vacuuming the floor with a red vacuum cleaner.,False,False,,"{
    ""en"": ""Vacuuming"",
    ""zh"": ""吸尘"",
    ""yue"": ""吸塵"",
    ""ko"": ""진공 청소"",
    ""description"": ""A girl with black curly hair is holding a red vacuum cleaner. She is wearing a pink dress and black shoes. She is walking on a brown floor while cleaning."",
    ""description_brief"": ""A girl is vacuuming the floor with a red vacuum cleaner."",
    ""needs_inspection"": false,
    ""reason"": """"
}"
extra_cards/activities/13a-28掃地.jpg,activities,"{""en"":""Sweeping the floor"",""zh"":""扫地"",""yue"":""掃地"",""ko"":""바닥 쓸기""}",JPEG,756,1051,"A child with curly black hair is holding a red and yellow broom. They are wearing a blue shirt, green pants, and green slippers. The child is standing on a brown floor and appears ready to sweep.",qwen3-vl-plus,A child is sweeping the floor with a broom.,False,False,,"{
    ""en"": ""Sweeping the floor"",
    ""zh"": ""扫地"",
    ""yue"": ""掃地"",
    ""ko"": ""바닥 쓸기"",
    ""description"": ""A child with curly black hair is holding a red and yellow broom. They are wearing a blue shirt, green pants, and green slippers. The child is standing on a brown floor and appears ready to sweep."",
    ""description_brief"": ""A child is sweeping the floor with a broom."",
    ""needs_inspection"": false,
    ""reason"": """"
}"
extra_cards/stationery/3-05間尺.jpg,stationery,"{""en"":""Ruler"",""zh"":""尺子"",""yue"":""間尺"",""ko"":""자""}",JPEG,756,1051,"This is a pink ruler with black lines and numbers to measure length. It is flat and rectangular, used for drawing straight lines or measuring objects. The ruler is shown on a white background with a red stripe at the top.",qwen3-vl-plus,A pink ruler for measuring and drawing straight lines.,False,False,,"{
    ""en"": ""Ruler"",
    ""zh"": ""尺子"",
    ""yue"": ""間尺"",
    ""ko"": ""자"",
    ""description"": ""This is a pink ruler with black lines and numbers to measure length. It is flat and rectangular, used for drawing straight lines or measuring objects. The ruler is shown on a white background with a red stripe at the top."",
    ""description_brief"": ""A pink ruler for measuring and drawing straight lines."",
    ""needs_inspection"": false,
    ""reason"": """"
}"
extra_cards/clothes/5-02長袖衫.jpg,clothes,"{""en"":""Long-sleeve shirt"",""zh"":""长袖衫"",""yue"":""長袖衫"",""ko"":""긴 소매 셔츠""}",JPEG,756,1051,"This is a light blue long-sleeve shirt with yellow trim around the neck, cuffs, and bottom hem. The sleeves are full length and reach past the elbows. It has a simple round neckline and no buttons or zippers.",qwen3-vl-plus,A blue long-sleeve shirt with yellow edges.,False,False,,"{
    ""en"": ""Long-sleeve shirt"",
    ""zh"": ""长袖衫"",
    ""yue"": ""長袖衫"",
    ""ko"": ""긴 소매 셔츠"",
    ""description"": ""This is a light blue long-sleeve shirt with yellow trim around the neck, cuffs, and bottom hem. The sleeves are full length and reach past the elbows. It has a simple round neckline and no buttons or zippers."",
    ""description_brief"": ""A blue long-sleeve shirt with yellow edges."",
    ""needs_inspection"": false,
    ""reason"": """"
}"
extra_cards/stationery/Pen12.jpg,stationery,"{""en"":""Pen12"",""zh"":""笔12"",""yue"":""筆12"",""ko"":""펜12""}",JPEG,960,681,This is a black pen with a shiny surface. The cap is off and placed beside the pen. It has a metal tip for writing and two silver rings around the body.,qwen3-vl-plus,"A black pen with its cap off, ready to write.",False,False,,"{
    ""en"": ""Pen12"",
    ""zh"": ""笔12"",
    ""yue"": ""筆12"",
    ""ko"": ""펜12"",
    ""description"": ""This is a black pen with a shiny surface. The cap is off and placed beside the pen. It has a metal tip for writing and two silver rings around the body."",
    ""description_brief"": ""A black pen with its cap off, ready to write."",
    ""needs_inspection"": false,
    ""reason"": """"
}"
extra_cards/clothes/5-03恤衫.jpg,clothes,"{""en"":""Shirt"",""zh"":""衬衫"",""yue"":""恤衫"",""ko"":""셔츠""}",JPEG,756,1051,"This is a blue short-sleeve shirt with buttons down the front. It has a collar and is drawn in a simple, clear style. The shirt is shown flat, so you can see all parts clearly.",qwen3-vl-plus,A blue button-up shirt with short sleeves.,False,False,,"{
    ""en"": ""Shirt"",
    ""zh"": ""衬衫"",
    ""yue"": ""恤衫"",
    ""ko"": ""셔츠"",
    ""description"": ""This is a blue short-sleeve shirt with buttons down the front. It has a collar and is drawn in a simple, clear style. The shirt is shown flat, so you can see all parts clearly."",
    ""description_brief"": ""A blue button-up shirt with short sleeves."",
    ""needs_inspection"": false,
    ""reason"": """"
}"
extra_cards/toy/4-02飛機.jpg,toy,"{""en"":""Airplane"",""zh"":""飞机"",""yue"":""飛機"",""ko"":""비행기""}",JPEG,756,1051,"This is a blue toy airplane with red stripes and red engines. It has wings on both sides and a tail at the back. The airplane is drawn in a simple, cartoon style to make it easy to recognize.",qwen3-vl-plus,A blue toy airplane with red details.,False,False,,"{
    ""en"": ""Airplane"",
    ""zh"": ""飞机"",
    ""yue"": ""飛機"",
    ""ko"": ""비행기"",
    ""description"": ""This is a blue toy airplane with red stripes and red engines. It has wings on both sides and a tail at the back. The airplane is drawn in a simple, cartoon style to make it easy to recognize."",
    ""description_brief"": ""A blue toy airplane with red details."",
    ""needs_inspection"": false,
    ""reason"": """"
}"
extra_cards/food/士多啤梨.jpg,food,"{""en"":""Strawberry"",""zh"":""草莓"",""yue"":""士多啤梨"",""ko"":""딸기""}",JPEG,756,1051,"This image shows two red strawberries with green leafy tops. The strawberries are drawn in a simple, cartoon style with small seeds on their surface. They are placed on a white background with an orange stripe at the top.",qwen3-vl-plus,Two red strawberries with green leaves on top.,False,False,,"{
    ""en"": ""Strawberry"",
    ""zh"": ""草莓"",
    ""yue"": ""士多啤梨"",
    ""ko"": ""딸기"",
    ""description"": ""This image shows two red strawberries with green leafy tops. The strawberries are drawn in a simple, cartoon style with small seeds on their surface. They are placed on a white background with an orange stripe at the top."",
    ""description_brief"": ""Two red strawberries with green leaves on top."",
    ""needs_inspection"": false,
    ""reason"": """"
}"
extra_cards/food/可樂.jpg,food,"{""en"":""Coca-Cola"",""zh"":""可乐"",""yue"":""可樂"",""ko"":""코카콜라""}",JPEG,756,1051,This is a red can with white writing that says 'Coca-Cola'. The can has a silver top and a pull tab to open it. It is a fizzy drink that many people enjoy.,qwen3-vl-plus,"A red can of Coca-Cola, a popular fizzy drink.",False,False,,"{
    ""en"": ""Coca-Cola"",
    ""zh"": ""可乐"",
    ""yue"": ""可樂"",
    ""ko"": ""코카콜라"",
    ""description"": ""This is a red can with white writing that says 'Coca-Cola'. The can has a silver top and a pull tab to open it. It is a fizzy drink that many people enjoy."",
    ""description_brief"": ""A red can of Coca-Cola, a popular fizzy drink."",
    ""needs_inspection"": false,
    ""reason"": """"
}"
extra_cards/activities/language-1.jpg,activities,"{""en"":""Two children writing at desks"",""zh"":""两个孩子在书桌前写字"",""yue"":""兩個小朋友喺書枱寫字"",""ko"":""두 아이가 책상에서 글을 쓰고 있음""}",JPEG,531,171,There are two children sitting at separate desks. One child is wearing a blue shirt and writing on paper. The other child is wearing an orange shirt and also writing. Both are focused on their work.,qwen3-vl-plus,Two kids are writing at their desks.,False,False,,"{
    ""en"": ""Two children writing at desks"",
    ""zh"": ""两个孩子在书桌前写字"",
    ""yue"": ""兩個小朋友喺書枱寫字"",
    ""ko"": ""두 아이가 책상에서 글을 쓰고 있음"",
    ""description"": ""There are two children sitting at separate desks. One child is wearing a blue shirt and writing on paper. The other child is wearing an orange shirt and also writing. Both are focused on their work."",
    ""description_brief"": ""Two kids are writing at their desks."",
    ""needs_inspection"": false,
    ""reason"": """"
}"
extra_cards/activities/13d-05放學.jpg,activities,"{""en"":""School dismissal"",""zh"":""放学"",""yue"":""放學"",""ko"":""하교""}",JPEG,756,1051,A child is walking out of a school building with a red backpack. The school has many windows and a gate at the entrance. The child is smiling and wearing a white shirt and blue shorts.,qwen3-vl-plus,The child is leaving school after classes are over.,False,False,,"{
    ""en"": ""School dismissal"",
    ""zh"": ""放学"",
    ""yue"": ""放學"",
    ""ko"": ""하교"",
    ""description"": ""A child is walking out of a school building with a red backpack. The school has many windows and a gate at the entrance. The child is smiling and wearing a white shirt and blue shorts."",
    ""description_brief"": ""The child is leaving school after classes are over."",
    ""needs_inspection"": false,
    ""reason"": """"
}"
extra_cards/activities/13a-30拋垃圾.jpg,activities,"{""en"":""Throwing trash"",""zh"":""扔垃圾"",""yue"":""拋垃圾"",""ko"":""쓰레기 버리기""}",JPEG,756,1051,"A boy in a yellow shirt and blue shorts is standing next to a purple trash bin. He is dropping a small piece of trash into the bin. The bin already has some items inside, and he is smiling while doing this.",qwen3-vl-plus,A boy is throwing trash into a purple bin.,False,False,,"{
    ""en"": ""Throwing trash"",
    ""zh"": ""扔垃圾"",
    ""yue"": ""拋垃圾"",
    ""ko"": ""쓰레기 버리기"",
    ""description"": ""A boy in a yellow shirt and blue shorts is standing next to a purple trash bin. He is dropping a small piece of trash into the bin. The bin already has some items inside, and he is smiling while doing this."",
    ""description_brief"": ""A boy is throwing trash into a purple bin."",
    ""needs_inspection"": false,
    ""reason"": """"
}"
extra_cards/stationery/3-06較剪.jpg,stationery,"{""en"":""Scissors"",""zh"":""剪刀"",""yue"":""剪刀"",""ko"":""가위""}",JPEG,756,1051,"This image shows a pair of scissors with blue handles and silver blades. The scissors are open and facing downward. They are used for cutting paper, fabric, or other thin materials.",qwen3-vl-plus,A pair of blue-handled scissors for cutting things.,False,False,,"{
    ""en"": ""Scissors"",
    ""zh"": ""剪刀"",
    ""yue"": ""剪刀"",
    ""ko"": ""가위"",
    ""description"": ""This image shows a pair of scissors with blue handles and silver blades. The scissors are open and facing downward. They are used for cutting paper, fabric, or other thin materials."",
    ""description_brief"": ""A pair of blue-handled scissors for cutting things."",
    ""needs_inspection"": false,
    ""reason"": """"
}"
extra_cards/stationery/Pen13.jpg,stationery,"{""en"":""Pen13"",""zh"":""笔13"",""yue"":""筆13"",""ko"":""펜13""}",JPEG,1282,910,This is a clear orange pen with a smooth body and a metal tip. It has a clip on the cap for attaching to pockets or notebooks. The pen is simple in design and easy to hold.,qwen3-vl-plus,An orange pen with a clip for holding paper or attaching to notebooks.,False,False,,"{
    ""en"": ""Pen13"",
    ""zh"": ""笔13"",
    ""yue"": ""筆13"",
    ""ko"": ""펜13"",
    ""description"": ""This is a clear orange pen with a smooth body and a metal tip. It has a clip on the cap for attaching to pockets or notebooks. The pen is simple in design and easy to hold."",
    ""description_brief"": ""An orange pen with a clip for holding paper or attaching to notebooks."",
    ""needs_inspection"": false,
    ""reason"": """"
}"
extra_cards/stationery/3-07膠水.jpg,stationery,"{""en"":""Glue"",""zh"":""胶水"",""yue"":""膠水"",""ko"":""접착제""}",JPEG,756,1051,This image shows a bottle of glue with a yellow cap and a red lid lying beside it. The glue is inside a clear bottle so you can see how much is left. Glue is used to stick paper or other materials together.,qwen3-vl-plus,"A bottle of glue with its red cap off, used for sticking things together.",False,False,,"{
    ""en"": ""Glue"",
    ""zh"": ""胶水"",
    ""yue"": ""膠水"",
    ""ko"": ""접착제"",
    ""description"": ""This image shows a bottle of glue with a yellow cap and a red lid lying beside it. The glue is inside a clear bottle so you can see how much is left. Glue is used to stick paper or other materials together."",
    ""description_brief"": ""A bottle of glue with its red cap off, used for sticking things together."",
    ""needs_inspection"": false,
    ""reason"": """"
}"
extra_cards/measuring/量杯.jpg,measuring,"{""en"":""Measuring cups"",""zh"":""量杯"",""yue"":""量杯"",""ko"":""계량 컵""}",JPEG,551,368,"This image shows a set of four measuring cups stacked together. Each cup has a handle with a label showing its size in cups and milliliters: 1/4 cup = 60 ml, 1/2 cup = 120 ml, 1 cup = 240 ml, and 1/3 cup = 80 ml. These are used to measure ingredients for cooking or baking.",qwen3-vl-plus,A set of measuring cups with sizes labeled in cups and milliliters.,False,False,,"{
    ""en"": ""Measuring cups"",
    ""zh"": ""量杯"",
    ""yue"": ""量杯"",
    ""ko"": ""계량 컵"",
    ""description"": ""This image shows a set of four measuring cups stacked together. Each cup has a handle with a label showing its size in cups and milliliters: 1/4 cup = 60 ml, 1/2 cup = 120 ml, 1 cup = 240 ml, and 1/3 cup = 80 ml. These are used to measure ingredients for cooking or baking."",
    ""description_brief"": ""A set of measuring cups with sizes labeled in cups and milliliters."",
    ""needs_inspection"": false,
    ""reason"": """"
}"
extra_cards/activities/13c-18彈琴.jpg,activities,"{""en"":""Playing piano"",""zh"":""弹琴"",""yue"":""彈琴"",""ko"":""피아노 치기""}",JPEG,756,1051,"A child is sitting on a red bench and playing a brown piano. The child is wearing a green shirt and orange shorts, and there are music notes floating in the air. A music book is open on the piano stand.",qwen3-vl-plus,Child playing piano with music notes floating nearby.,False,False,,"{
    ""en"": ""Playing piano"",
    ""zh"": ""弹琴"",
    ""yue"": ""彈琴"",
    ""ko"": ""피아노 치기"",
    ""description"": ""A child is sitting on a red bench and playing a brown piano. The child is wearing a green shirt and orange shorts, and there are music notes floating in the air. A music book is open on the piano stand."",
    ""description_brief"": ""Child playing piano with music notes floating nearby."",
    ""needs_inspection"": false,
    ""reason"": """"
}"
extra_cards/toy/4-03波.jpg,toy,"{""en"":""Beach ball"",""zh"":""沙滩球"",""yue"":""沙灘波"",""ko"":""비치볼""}",JPEG,756,1051,"This is a round, colorful beach ball with sections of red, yellow, green, blue, and white. It has a small orange valve at the top for inflating. The ball is drawn simply with bold outlines and bright colors to make it easy to recognize.",qwen3-vl-plus,A colorful round ball used for playing at the beach or pool.,False,False,,"{
    ""en"": ""Beach ball"",
    ""zh"": ""沙滩球"",
    ""yue"": ""沙灘波"",
    ""ko"": ""비치볼"",
    ""description"": ""This is a round, colorful beach ball with sections of red, yellow, green, blue, and white. It has a small orange valve at the top for inflating. The ball is drawn simply with bold outlines and bright colors to make it easy to recognize."",
    ""description_brief"": ""A colorful round ball used for playing at the beach or pool."",
    ""needs_inspection"": false,
    ""reason"": """"
}"
extra_cards/food/壽司.jpg,food,"{""en"":""Sushi"",""zh"":""寿司"",""yue"":""壽司"",""ko"":""스시""}",JPEG,756,1051,This image shows two types of sushi. One type has fish on top of rice with a seaweed strip around it. The other type is rolled with seaweed on the outside and has colorful fillings inside. Sushi is a Japanese food made with vinegared rice and often includes fish or vegetables.,qwen3-vl-plus,"This is sushi, a Japanese food with rice, fish, and seaweed.",False,False,,"{
    ""en"": ""Sushi"",
    ""zh"": ""寿司"",
    ""yue"": ""壽司"",
    ""ko"": ""스시"",
    ""description"": ""This image shows two types of sushi. One type has fish on top of rice with a seaweed strip around it. The other type is rolled with seaweed on the outside and has colorful fillings inside. Sushi is a Japanese food made with vinegared rice and often includes fish or vegetables."",
    ""description_brief"": ""This is sushi, a Japanese food with rice, fish, and seaweed."",
    ""needs_inspection"": false,
    ""reason"": """"
}"
extra_cards/clothes/5-04短褲.jpg,clothes,"{""en"":""Shorts"",""zh"":""短裤"",""yue"":""短褲"",""ko"":""반바지""}",JPEG,756,1051,"This image shows a pair of blue shorts with pockets on the sides and a button at the waist. The shorts are drawn in a simple, clear style with bold outlines to make them easy to recognize. They are meant to help children identify clothing items during daily routines or communication activities.",qwen3-vl-plus,Blue shorts with side pockets and a waist button for easy identification.,False,False,,"{
    ""en"": ""Shorts"",
    ""zh"": ""短裤"",
    ""yue"": ""短褲"",
    ""ko"": ""반바지"",
    ""description"": ""This image shows a pair of blue shorts with pockets on the sides and a button at the waist. The shorts are drawn in a simple, clear style with bold outlines to make them easy to recognize. They are meant to help children identify clothing items during daily routines or communication activities."",
    ""description_brief"": ""Blue shorts with side pockets and a waist button for easy identification."",
    ""needs_inspection"": false,
    ""reason"": """"
}"
extra_cards/activities/laugh-4602.jpg,activities,"{""en"":""laugh-4602"",""zh"":""笑-4602"",""yue"":""笑-4602"",""ko"":""웃음-4602""}",JPEG,402,502,This image shows a woman with dark curly hair wearing a pink shirt. She is smiling widely and pointing at herself with her right hand. The word '笑' (laugh) is written below her to show the action she is doing.,qwen3-vl-plus,A woman is laughing and pointing at herself.,False,False,,"{
    ""en"": ""laugh-4602"",
    ""zh"": ""笑-4602"",
    ""yue"": ""笑-4602"",
    ""ko"": ""웃음-4602"",
    ""description"": ""This image shows a woman with dark curly hair wearing a pink shirt. She is smiling widely and pointing at herself with her right hand. The word '笑' (laugh) is written below her to show the action she is doing."",
    ""description_brief"": ""A woman is laughing and pointing at herself."",
    ""needs_inspection"": false,
    ""reason"": """"
}"
extra_cards/stationery/Pen14.jpg,stationery,"{""en"":""Pen14"",""zh"":""笔14"",""yue"":""筆14"",""ko"":""펜14""}",JPEG,1029,735,This is a gray pen with a green cap and green tip. The cap has a clip to attach to papers or pockets. There are three gold lines near the top of the pen body.,qwen3-vl-plus,"A gray pen with a green cap and tip, good for writing.",False,False,,"{
    ""en"": ""Pen14"",
    ""zh"": ""笔14"",
    ""yue"": ""筆14"",
    ""ko"": ""펜14"",
    ""description"": ""This is a gray pen with a green cap and green tip. The cap has a clip to attach to papers or pockets. There are three gold lines near the top of the pen body."",
    ""description_brief"": ""A gray pen with a green cap and tip, good for writing."",
    ""needs_inspection"": false,
    ""reason"": """"
}"
extra_cards/people/8-02媽媽.jpg,people,"{""en"":""Mom"",""zh"":""妈妈"",""yue"":""媽媽"",""ko"":""엄마""}",JPEG,756,1051,This image shows a woman with black curly hair and a pink shirt. She is smiling gently and looking forward. The word '媽媽' is written below her to help identify her as a mother.,qwen3-vl-plus,"A smiling woman with black curly hair wearing a pink shirt, labeled as 'Mom'.",False,False,,"{
    ""en"": ""Mom"",
    ""zh"": ""妈妈"",
    ""yue"": ""媽媽"",
    ""ko"": ""엄마"",
    ""description"": ""This image shows a woman with black curly hair and a pink shirt. She is smiling gently and looking forward. The word '媽媽' is written below her to help identify her as a mother."",
    ""description_brief"": ""A smiling woman with black curly hair wearing a pink shirt, labeled as 'Mom'."",
    ""needs_inspection"": false,
    ""reason"": """"
}"
extra_cards/activities/13d-12畢業典禮.jpg,activities,"{""en"":""Graduation Ceremony"",""zh"":""毕业典礼"",""yue"":""畢業典禮"",""ko"":""졸업식""}",JPEG,756,1051,"This image shows a child wearing a graduation cap and gown, standing on a stage with red curtains. The child is holding a diploma with a red ribbon and smiling. Above the child, there is a red banner with Chinese characters that mean 'Graduation Ceremony'.",qwen3-vl-plus,A happy child in a graduation outfit holds a diploma on stage.,False,False,,"{
    ""en"": ""Graduation Ceremony"",
    ""zh"": ""毕业典礼"",
    ""yue"": ""畢業典禮"",
    ""ko"": ""졸업식"",
    ""description"": ""This image shows a child wearing a graduation cap and gown, standing on a stage with red curtains. The child is holding a diploma with a red ribbon and smiling. Above the child, there is a red banner with Chinese characters that mean 'Graduation Ceremony'."",
    ""description_brief"": ""A happy child in a graduation outfit holds a diploma on stage."",
    ""needs_inspection"": false,
    ""reason"": """"
}"
extra_cards/toy/4-04波波水.jpg,toy,"{""en"":""Bubble solution"",""zh"":""泡泡水"",""yue"":""波波水"",""ko"":""거품 용액""}",JPEG,756,1051,"This image shows a pink bottle with a yellow cap, a wooden bubble wand, and floating bubbles. The bubbles are round and colorful, some overlapping. The text at the bottom says '波波水', which means bubble solution in Cantonese.",qwen3-vl-plus,A bottle of bubble solution with a wand and floating bubbles.,False,False,,"{
    ""en"": ""Bubble solution"",
    ""zh"": ""泡泡水"",
    ""yue"": ""波波水"",
    ""ko"": ""거품 용액"",
    ""description"": ""This image shows a pink bottle with a yellow cap, a wooden bubble wand, and floating bubbles. The bubbles are round and colorful, some overlapping. The text at the bottom says '波波水', which means bubble solution in Cantonese."",
    ""description_brief"": ""A bottle of bubble solution with a wand and floating bubbles."",
    ""needs_inspection"": false,
    ""reason"": """"
}"
extra_cards/activities/13b-15穿襪.jpg,activities,"{""en"":""Putting on socks"",""zh"":""穿袜子"",""yue"":""穿襪"",""ko"":""양말 신기""}",JPEG,756,1051,"A child is sitting on a red chair and putting on a white sock. One foot already has a black shoe, and the other foot is being dressed with a sock. An arrow points to the sock to show the action of pulling it up.",qwen3-vl-plus,Child sitting and putting on a sock.,False,False,,"{
    ""en"": ""Putting on socks"",
    ""zh"": ""穿袜子"",
    ""yue"": ""穿襪"",
    ""ko"": ""양말 신기"",
    ""description"": ""A child is sitting on a red chair and putting on a white sock. One foot already has a black shoe, and the other foot is being dressed with a sock. An arrow points to the sock to show the action of pulling it up."",
    ""description_brief"": ""Child sitting and putting on a sock."",
    ""needs_inspection"": false,
    ""reason"": """"
}"
extra_cards/activities/library-1.jpg,activities,"{""en"":""library-1"",""zh"":""图书馆-1"",""yue"":""圖書館-1"",""ko"":""도서관-1""}",JPEG,530,170,"This image shows a wooden bookshelf with three shelves. Each shelf holds many colorful books standing upright. The books are different sizes and colors, including red, blue, green, and yellow.",qwen3-vl-plus,A bookshelf with many colorful books on it.,False,False,,"{
    ""en"": ""library-1"",
    ""zh"": ""图书馆-1"",
    ""yue"": ""圖書館-1"",
    ""ko"": ""도서관-1"",
    ""description"": ""This image shows a wooden bookshelf with three shelves. Each shelf holds many colorful books standing upright. The books are different sizes and colors, including red, blue, green, and yellow."",
    ""description_brief"": ""A bookshelf with many colorful books on it."",
    ""needs_inspection"": false,
    ""reason"": """"
}"
extra_cards/clothes/5-05長褲.jpg,clothes,"{""en"":""Long pants"",""zh"":""长裤"",""yue"":""長褲"",""ko"":""긴 바지""}",JPEG,756,1051,"This image shows a pair of blue long pants with light blue pockets and belt loops. The pants cover the whole leg from waist to ankle. They are drawn in a simple, clear style to help children recognize clothing items easily.",qwen3-vl-plus,Blue long pants that cover your legs from waist to ankles.,False,False,,"{
    ""en"": ""Long pants"",
    ""zh"": ""长裤"",
    ""yue"": ""長褲"",
    ""ko"": ""긴 바지"",
    ""description"": ""This image shows a pair of blue long pants with light blue pockets and belt loops. The pants cover the whole leg from waist to ankle. They are drawn in a simple, clear style to help children recognize clothing items easily."",
    ""description_brief"": ""Blue long pants that cover your legs from waist to ankles."",
    ""needs_inspection"": false,
    ""reason"": """"
}"
extra_cards/stationery/3-08紙.jpg,stationery,"{""en"":""Paper"",""zh"":""纸"",""yue"":""紙"",""ko"":""종이""}",JPEG,756,1051,This image shows two pieces of white paper with blue outlines. The papers are slightly overlapping and look flat and smooth. They are drawn simply to help children recognize common stationery items.,qwen3-vl-plus,Two pieces of white paper for writing or drawing.,False,False,,"{
    ""en"": ""Paper"",
    ""zh"": ""纸"",
    ""yue"": ""紙"",
    ""ko"": ""종이"",
    ""description"": ""This image shows two pieces of white paper with blue outlines. The papers are slightly overlapping and look flat and smooth. They are drawn simply to help children recognize common stationery items."",
    ""description_brief"": ""Two pieces of white paper for writing or drawing."",
    ""needs_inspection"": false,
    ""reason"": """"
}"
extra_cards/food/奇異果.jpg,food,"{""en"":""Kiwi fruit"",""zh"":""奇异果"",""yue"":""奇異果"",""ko"":""키위과일""}",JPEG,756,1051,"This image shows a whole kiwi fruit and one cut in half. The outside is brown and fuzzy, and the inside is bright green with small black seeds around a white center. Kiwi fruits are sweet and juicy when ripe.",qwen3-vl-plus,A fuzzy brown fruit with green flesh and black seeds inside.,False,False,,"{
    ""en"": ""Kiwi fruit"",
    ""zh"": ""奇异果"",
    ""yue"": ""奇異果"",
    ""ko"": ""키위과일"",
    ""description"": ""This image shows a whole kiwi fruit and one cut in half. The outside is brown and fuzzy, and the inside is bright green with small black seeds around a white center. Kiwi fruits are sweet and juicy when ripe."",
    ""description_brief"": ""A fuzzy brown fruit with green flesh and black seeds inside."",
    ""needs_inspection"": false,
    ""reason"": """"
}"
extra_cards/people/baby-1.jpg,people,"{""en"":""baby-1"",""zh"":""婴儿-1"",""yue"":""嬰兒-1"",""ko"":""아기-1""}",JPEG,551,413,"This image shows a baby wrapped in a yellow blanket. The baby has brown hair and is sleeping with a calm face. The background is light purple, which helps the baby stand out clearly.",qwen3-vl-plus,A sleeping baby wrapped in a yellow blanket.,False,False,,"{
    ""en"": ""baby-1"",
    ""zh"": ""婴儿-1"",
    ""yue"": ""嬰兒-1"",
    ""ko"": ""아기-1"",
    ""description"": ""This image shows a baby wrapped in a yellow blanket. The baby has brown hair and is sleeping with a calm face. The background is light purple, which helps the baby stand out clearly."",
    ""description_brief"": ""A sleeping baby wrapped in a yellow blanket."",
    ""needs_inspection"": false,
    ""reason"": """"
}"
extra_cards/activities/library.jpg,activities,"{""en"":""Library"",""zh"":""图书室"",""yue"":""圖書室"",""ko"":""도서실""}",JPEG,596,596,"This image shows five colorful books standing upright next to each other. The books have different colored covers: red, blue, teal, yellow, and green. Below the books, there are Chinese characters that say '圖書室', which means 'library' or 'reading room'.",qwen3-vl-plus,Books in a library for reading and learning.,False,False,,"{
    ""en"": ""Library"",
    ""zh"": ""图书室"",
    ""yue"": ""圖書室"",
    ""ko"": ""도서실"",
    ""description"": ""This image shows five colorful books standing upright next to each other. The books have different colored covers: red, blue, teal, yellow, and green. Below the books, there are Chinese characters that say '圖書室', which means 'library' or 'reading room'."",
    ""description_brief"": ""Books in a library for reading and learning."",
    ""needs_inspection"": false,
    ""reason"": """"
}"
extra_cards/toy/4-05公仔.jpg,toy,"{""en"":""Doll"",""zh"":""公仔"",""yue"":""公仔"",""ko"":""인형""}",JPEG,756,1051,"This is a cartoon doll with yellow hair, blue eyes, and a pink dress. It has white socks and shoes and is smiling. The doll is simple and colorful, which makes it easy to recognize.",qwen3-vl-plus,A smiling doll with yellow hair and a pink dress.,False,False,,"{
    ""en"": ""Doll"",
    ""zh"": ""公仔"",
    ""yue"": ""公仔"",
    ""ko"": ""인형"",
    ""description"": ""This is a cartoon doll with yellow hair, blue eyes, and a pink dress. It has white socks and shoes and is smiling. The doll is simple and colorful, which makes it easy to recognize."",
    ""description_brief"": ""A smiling doll with yellow hair and a pink dress."",
    ""needs_inspection"": false,
    ""reason"": """"
}"
extra_cards/activities/13b-16除掉襪.jpg,activities,"{""en"":""Take off socks"",""zh"":""脱袜子"",""yue"":""除掉襪"",""ko"":""양말 벗기""}",JPEG,756,1051,"A child is sitting on a red chair and taking off one white sock. The child is wearing a yellow shirt, green shorts, and black shoes. One sock is already off and on the floor, while the other is being pulled off the foot.",qwen3-vl-plus,Child sitting and taking off a sock.,False,False,,"{
    ""en"": ""Take off socks"",
    ""zh"": ""脱袜子"",
    ""yue"": ""除掉襪"",
    ""ko"": ""양말 벗기"",
    ""description"": ""A child is sitting on a red chair and taking off one white sock. The child is wearing a yellow shirt, green shorts, and black shoes. One sock is already off and on the floor, while the other is being pulled off the foot."",
    ""description_brief"": ""Child sitting and taking off a sock."",
    ""needs_inspection"": false,
    ""reason"": """"
}"
extra_cards/stationery/3-09簿.jpg,stationery,"{""en"":""Notebook"",""zh"":""笔记本"",""yue"":""筆記簿"",""ko"":""노트북""}",JPEG,756,1051,"This image shows a closed blue notebook and an open notebook with lined pages. The notebooks are drawn in a simple, clear style with bold outlines. The word '簿' is written below to label the item.",qwen3-vl-plus,"A notebook for writing or drawing, shown closed and open.",False,False,,"{
    ""en"": ""Notebook"",
    ""zh"": ""笔记本"",
    ""yue"": ""筆記簿"",
    ""ko"": ""노트북"",
    ""description"": ""This image shows a closed blue notebook and an open notebook with lined pages. The notebooks are drawn in a simple, clear style with bold outlines. The word '簿' is written below to label the item."",
    ""description_brief"": ""A notebook for writing or drawing, shown closed and open."",
    ""needs_inspection"": false,
    ""reason"": """"
}"
extra_cards/people/8-01爸爸.jpg,people,"{""en"":""Dad"",""zh"":""爸爸"",""yue"":""爸爸"",""ko"":""아빠""}",JPEG,756,1051,"This image shows a cartoon man with short black hair and a purple shirt. He has a calm, friendly face with simple eyes and a small smile. The word '爸爸' is written below him to help identify who he is.",qwen3-vl-plus,"This is a picture of Dad, wearing a purple shirt with a white collar.",False,False,,"{
    ""en"": ""Dad"",
    ""zh"": ""爸爸"",
    ""yue"": ""爸爸"",
    ""ko"": ""아빠"",
    ""description"": ""This image shows a cartoon man with short black hair and a purple shirt. He has a calm, friendly face with simple eyes and a small smile. The word '爸爸' is written below him to help identify who he is."",
    ""description_brief"": ""This is a picture of Dad, wearing a purple shirt with a white collar."",
    ""needs_inspection"": false,
    ""reason"": """"
}"
extra_cards/people/boy-1.jpg,people,"{""en"":""boy-1"",""zh"":""男孩-1"",""yue"":""男孩-1"",""ko"":""소년-1""}",JPEG,354,637,This image shows a boy with orange hair wearing a green shirt and beige pants. He is holding a blue book in one hand and waving with the other hand. He has a calm smile and is standing upright.,qwen3-vl-plus,A boy with orange hair waves while holding a blue book.,False,False,,"{
    ""en"": ""boy-1"",
    ""zh"": ""男孩-1"",
    ""yue"": ""男孩-1"",
    ""ko"": ""소년-1"",
    ""description"": ""This image shows a boy with orange hair wearing a green shirt and beige pants. He is holding a blue book in one hand and waving with the other hand. He has a calm smile and is standing upright."",
    ""description_brief"": ""A boy with orange hair waves while holding a blue book."",
    ""needs_inspection"": false,
    ""reason"": """"
}"
extra_cards/toy/4-06熊.jpg,toy,"{""en"":""Teddy bear"",""zh"":""熊"",""yue"":""熊"",""ko"":""곰인형""}",JPEG,756,1051,This is a cartoon-style orange teddy bear with round ears and black eyes. It is sitting down and wearing a blue bow tie around its neck. The background is white with a red stripe at the top.,qwen3-vl-plus,"An orange teddy bear with a blue bow tie, sitting on a white background.",False,False,,"{
    ""en"": ""Teddy bear"",
    ""zh"": ""熊"",
    ""yue"": ""熊"",
    ""ko"": ""곰인형"",
    ""description"": ""This is a cartoon-style orange teddy bear with round ears and black eyes. It is sitting down and wearing a blue bow tie around its neck. The background is white with a red stripe at the top."",
    ""description_brief"": ""An orange teddy bear with a blue bow tie, sitting on a white background."",
    ""needs_inspection"": false,
    ""reason"": """"
}"
extra_cards/clothes/5-06裙.jpg,clothes,"{""en"":""Skirt"",""zh"":""裙"",""yue"":""裙子"",""ko"":""치마""}",JPEG,756,1051,This is a pink skirt with a darker pink waistband. It has three small buttons on the left side near the top. The skirt is flared and has soft folds to help it move when worn.,qwen3-vl-plus,A pink skirt with buttons on the side.,False,False,,"{
    ""en"": ""Skirt"",
    ""zh"": ""裙"",
    ""yue"": ""裙子"",
    ""ko"": ""치마"",
    ""description"": ""This is a pink skirt with a darker pink waistband. It has three small buttons on the left side near the top. The skirt is flared and has soft folds to help it move when worn."",
    ""description_brief"": ""A pink skirt with buttons on the side."",
    ""needs_inspection"": false,
    ""reason"": """"
}"
extra_cards/food/年糕.jpg,food,"{""en"":""Nian Gao"",""zh"":""年糕"",""yue"":""年糕"",""ko"":""연고""}",JPEG,756,1051,"This image shows a round, orange-brown cake with one slice cut out. The slice is placed on a small white plate in front of the main cake. The cake sits on a red cloth and has a small yellow flower decoration on top.",qwen3-vl-plus,A round orange cake called Nian Gao with one piece sliced and served on a plate.,False,False,,"{
    ""en"": ""Nian Gao"",
    ""zh"": ""年糕"",
    ""yue"": ""年糕"",
    ""ko"": ""연고"",
    ""description"": ""This image shows a round, orange-brown cake with one slice cut out. The slice is placed on a small white plate in front of the main cake. The cake sits on a red cloth and has a small yellow flower decoration on top."",
    ""description_brief"": ""A round orange cake called Nian Gao with one piece sliced and served on a plate."",
    ""needs_inspection"": false,
    ""reason"": """"
}"
extra_cards/activities/13c-17聽歌.jpg,activities,"{""en"":""Listening to music"",""zh"":""听歌"",""yue"":""聽歌"",""ko"":""음악 듣기""}",JPEG,756,1051,"A child is sitting next to a gray portable radio. Orange musical notes are floating around the child’s head, showing that music is playing. The child looks calm and happy while listening.",qwen3-vl-plus,A child is listening to music from a radio.,False,False,,"{
    ""en"": ""Listening to music"",
    ""zh"": ""听歌"",
    ""yue"": ""聽歌"",
    ""ko"": ""음악 듣기"",
    ""description"": ""A child is sitting next to a gray portable radio. Orange musical notes are floating around the child’s head, showing that music is playing. The child looks calm and happy while listening."",
    ""description_brief"": ""A child is listening to music from a radio."",
    ""needs_inspection"": false,
    ""reason"": """"
}"
extra_cards/stationery/Pen15.jpg,stationery,"{""en"":""Green fine point ballpoint pen"",""zh"":""绿色细尖圆珠笔"",""yue"":""綠色幼頭原子筆"",""ko"":""녹색 미세 끝 볼펜""}",JPEG,1098,756,"This is a green ballpoint pen with a fine tip for writing small, neat letters. The cap is off and placed beside the pen. It has white text printed on it that says 'Ball Pentel Fine Point R50 JAPAN'.",qwen3-vl-plus,A green pen with a fine tip for writing neatly.,False,False,,"{
    ""en"": ""Green fine point ballpoint pen"",
    ""zh"": ""绿色细尖圆珠笔"",
    ""yue"": ""綠色幼頭原子筆"",
    ""ko"": ""녹색 미세 끝 볼펜"",
    ""description"": ""This is a green ballpoint pen with a fine tip for writing small, neat letters. The cap is off and placed beside the pen. It has white text printed on it that says 'Ball Pentel Fine Point R50 JAPAN'."",
    ""description_brief"": ""A green pen with a fine tip for writing neatly."",
    ""needs_inspection"": false,
    ""reason"": """"
}"
extra_cards/stationery/Pencil and sharpener.jpg,stationery,"{""en"":""Pencil and sharpener"",""zh"":""铅笔和卷笔刀"",""yue"":""鉛筆同卷筆刀"",""ko"":""연필과 연필깎이""}",JPEG,1474,970,This image shows a red pencil with a pointed tip and a small brown metal sharpener with two holes. The pencil has black lines along its body and a black eraser at the top. The sharpener is square-shaped and has screws on top to hold the blades in place.,qwen3-vl-plus,A red pencil and a brown metal sharpener are shown together.,False,False,,"{
    ""en"": ""Pencil and sharpener"",
    ""zh"": ""铅笔和卷笔刀"",
    ""yue"": ""鉛筆同卷筆刀"",
    ""ko"": ""연필과 연필깎이"",
    ""description"": ""This image shows a red pencil with a pointed tip and a small brown metal sharpener with two holes. The pencil has black lines along its body and a black eraser at the top. The sharpener is square-shaped and has screws on top to hold the blades in place."",
    ""description_brief"": ""A red pencil and a brown metal sharpener are shown together."",
    ""needs_inspection"": false,
    ""reason"": """"
}"
extra_cards/activities/13d-11家長日.jpg,activities,"{""en"":""Parent-Teacher Day"",""zh"":""家长日"",""yue"":""家長日"",""ko"":""학부모의 날""}",JPEG,756,1051,This image shows a parent sitting at a table with two children. The parent is looking at a book and talking to the children. There is also a green notebook and a pencil on the table.,qwen3-vl-plus,A parent talks with children at a table during Parent-Teacher Day.,False,False,,"{
    ""en"": ""Parent-Teacher Day"",
    ""zh"": ""家长日"",
    ""yue"": ""家長日"",
    ""ko"": ""학부모의 날"",
    ""description"": ""This image shows a parent sitting at a table with two children. The parent is looking at a book and talking to the children. There is also a green notebook and a pencil on the table."",
    ""description_brief"": ""A parent talks with children at a table during Parent-Teacher Day."",
    ""needs_inspection"": false,
    ""reason"": """"
}"
extra_cards/activities/13b-17穿鞋.jpg,activities,"{""en"":""Putting on shoes"",""zh"":""穿鞋"",""yue"":""穿鞋"",""ko"":""신발 신기""}",JPEG,756,1051,A child is sitting on a red chair and putting on a black shoe. The child is wearing a yellow shirt and green shorts. An arrow points to the shoe to show the action of putting it on.,qwen3-vl-plus,Child sitting and putting on a shoe.,False,False,,"{
    ""en"": ""Putting on shoes"",
    ""zh"": ""穿鞋"",
    ""yue"": ""穿鞋"",
    ""ko"": ""신발 신기"",
    ""description"": ""A child is sitting on a red chair and putting on a black shoe. The child is wearing a yellow shirt and green shorts. An arrow points to the shoe to show the action of putting it on."",
    ""description_brief"": ""Child sitting and putting on a shoe."",
    ""needs_inspection"": false,
    ""reason"": """"
}"
extra_cards/clothes/5-07運動衫.jpg,clothes,"{""en"":""Track Suit"",""zh"":""运动衫"",""yue"":""運動衫"",""ko"":""트랙슈트""}",JPEG,756,1051,This is a blue track suit with a red collar. It has long sleeves and pants with ribbed cuffs at the wrists and ankles. The jacket closes with a zipper in the front.,qwen3-vl-plus,A blue track suit with a red collar for wearing during sports or play.,False,False,,"{
    ""en"": ""Track Suit"",
    ""zh"": ""运动衫"",
    ""yue"": ""運動衫"",
    ""ko"": ""트랙슈트"",
    ""description"": ""This is a blue track suit with a red collar. It has long sleeves and pants with ribbed cuffs at the wrists and ankles. The jacket closes with a zipper in the front."",
    ""description_brief"": ""A blue track suit with a red collar for wearing during sports or play."",
    ""needs_inspection"": false,
    ""reason"": """"
}"
extra_cards/food/意大利粉.jpg,food,"{""en"":""Spaghetti"",""zh"":""意大利面"",""yue"":""意大利粉"",""ko"":""스파게티""}",JPEG,756,1051,"This image shows a plate of spaghetti with red tomato sauce on top. The noodles are yellow and curly, and the sauce has small green pieces that might be herbs. The plate is blue with a gold rim.",qwen3-vl-plus,A plate of spaghetti with red sauce.,False,False,,"{
    ""en"": ""Spaghetti"",
    ""zh"": ""意大利面"",
    ""yue"": ""意大利粉"",
    ""ko"": ""스파게티"",
    ""description"": ""This image shows a plate of spaghetti with red tomato sauce on top. The noodles are yellow and curly, and the sauce has small green pieces that might be herbs. The plate is blue with a gold rim."",
    ""description_brief"": ""A plate of spaghetti with red sauce."",
    ""needs_inspection"": false,
    ""reason"": """"
}"
extra_cards/people/boy-2.jpg,people,"{""en"":""boy-2"",""zh"":""男孩-2"",""yue"":""男孩-2"",""ko"":""소년-2""}",JPEG,313,620,"This image shows a boy with dark curly hair, wearing a red shirt and light blue pants. He is standing with one hand on his hip and smiling. His shoes are red with white soles.",qwen3-vl-plus,A boy in a red shirt and blue pants is standing and smiling.,False,False,,"{
    ""en"": ""boy-2"",
    ""zh"": ""男孩-2"",
    ""yue"": ""男孩-2"",
    ""ko"": ""소년-2"",
    ""description"": ""This image shows a boy with dark curly hair, wearing a red shirt and light blue pants. He is standing with one hand on his hip and smiling. His shoes are red with white soles."",
    ""description_brief"": ""A boy in a red shirt and blue pants is standing and smiling."",
    ""needs_inspection"": false,
    ""reason"": """"
}"
extra_cards/activities/listen-4703.jpg,activities,"{""en"":""listen-4703"",""zh"":""听-4703"",""yue"":""聽-4703"",""ko"":""듣기-4703""}",JPEG,402,502,"This image shows a person with dark hair wearing a blue shirt. They are holding one hand near their ear, which means they are listening. The Chinese character below the picture means 'listen'.",qwen3-vl-plus,A person is listening with their hand near their ear.,False,False,,"{
    ""en"": ""listen-4703"",
    ""zh"": ""听-4703"",
    ""yue"": ""聽-4703"",
    ""ko"": ""듣기-4703"",
    ""description"": ""This image shows a person with dark hair wearing a blue shirt. They are holding one hand near their ear, which means they are listening. The Chinese character below the picture means 'listen'."",
    ""description_brief"": ""A person is listening with their hand near their ear."",
    ""needs_inspection"": false,
    ""reason"": """"
}"
extra_cards/toy/4-07煮飯仔.jpg,toy,"{""en"":""Toy Kitchen Set"",""zh"":""玩具厨房套装"",""yue"":""煮飯仔"",""ko"":""장난감 주방 세트""}",JPEG,756,1051,"This image shows a toy kitchen with a stove, a pink pot with a flower, and cooking tools like a spatula and spoon. There is also a plate with a pretend fried egg on it. The toys are colorful and designed for children to play pretend cooking.",qwen3-vl-plus,"A colorful toy kitchen set for pretend cooking with pots, utensils, and food.",False,False,,"{
    ""en"": ""Toy Kitchen Set"",
    ""zh"": ""玩具厨房套装"",
    ""yue"": ""煮飯仔"",
    ""ko"": ""장난감 주방 세트"",
    ""description"": ""This image shows a toy kitchen with a stove, a pink pot with a flower, and cooking tools like a spatula and spoon. There is also a plate with a pretend fried egg on it. The toys are colorful and designed for children to play pretend cooking."",
    ""description_brief"": ""A colorful toy kitchen set for pretend cooking with pots, utensils, and food."",
    ""needs_inspection"": false,
    ""reason"": """"
}"
extra_cards/activities/13c-20旅行.jpg,activities,"{""en"":""Travel"",""zh"":""旅行"",""yue"":""旅行"",""ko"":""여행""}",JPEG,756,1051,"The image shows four children walking on a path in nature. One child is holding a red flag and leading the group. The sky is blue with a sun and one cloud, and green trees and hills are around them.",qwen3-vl-plus,Children are traveling together on a sunny day with backpacks and a flag.,False,False,,"{
    ""en"": ""Travel"",
    ""zh"": ""旅行"",
    ""yue"": ""旅行"",
    ""ko"": ""여행"",
    ""description"": ""The image shows four children walking on a path in nature. One child is holding a red flag and leading the group. The sky is blue with a sun and one cloud, and green trees and hills are around them."",
    ""description_brief"": ""Children are traveling together on a sunny day with backpacks and a flag."",
    ""needs_inspection"": false,
    ""reason"": """"
}"
extra_cards/stationery/Pencil case1.jpg,stationery,"{""en"":""Pencil case"",""zh"":""铅笔盒"",""yue"":""鉛筆袋"",""ko"":""연필 케이스""}",JPEG,1084,1181,"This is a plaid pencil case with a zipper. It holds pens and pencils inside. Some pens are outside the case, including a red pen, a black pen, and a blue pen.",qwen3-vl-plus,A plaid pencil case with pens and pencils inside and nearby.,False,False,,"{
    ""en"": ""Pencil case"",
    ""zh"": ""铅笔盒"",
    ""yue"": ""鉛筆袋"",
    ""ko"": ""연필 케이스"",
    ""description"": ""This is a plaid pencil case with a zipper. It holds pens and pencils inside. Some pens are outside the case, including a red pen, a black pen, and a blue pen."",
    ""description_brief"": ""A plaid pencil case with pens and pencils inside and nearby."",
    ""needs_inspection"": false,
    ""reason"": """"
}"
extra_cards/stationery/3-10鉛筆刨.jpg,stationery,"{""en"":""Pencil sharpener"",""zh"":""铅笔刨"",""yue"":""鉛筆刨"",""ko"":""연필 깎는 기계""}",JPEG,756,1051,"This is a red pencil sharpener with a clear plastic lid. Inside, you can see two metal blades that cut the pencil to make it sharp. It has two holes on the side for holding pencils of different sizes.",qwen3-vl-plus,A red pencil sharpener that makes pencils pointy.,False,False,,"{
    ""en"": ""Pencil sharpener"",
    ""zh"": ""铅笔刨"",
    ""yue"": ""鉛筆刨"",
    ""ko"": ""연필 깎는 기계"",
    ""description"": ""This is a red pencil sharpener with a clear plastic lid. Inside, you can see two metal blades that cut the pencil to make it sharp. It has two holes on the side for holding pencils of different sizes."",
    ""description_brief"": ""A red pencil sharpener that makes pencils pointy."",
    ""needs_inspection"": false,
    ""reason"": """"
}"
extra_cards/clothes/5-08冷衫.jpg,clothes,"{""en"":""Sweater"",""zh"":""毛衣"",""yue"":""冷衫"",""ko"":""스웨터""}",JPEG,756,1051,"This is a green sweater with long sleeves and a V-neck. The cuffs and collar are ribbed for a snug fit. It is drawn in a simple, clear style to help children recognize clothing items easily.",qwen3-vl-plus,A green sweater to wear when it's cold.,False,False,,"{
    ""en"": ""Sweater"",
    ""zh"": ""毛衣"",
    ""yue"": ""冷衫"",
    ""ko"": ""스웨터"",
    ""description"": ""This is a green sweater with long sleeves and a V-neck. The cuffs and collar are ribbed for a snug fit. It is drawn in a simple, clear style to help children recognize clothing items easily."",
    ""description_brief"": ""A green sweater to wear when it's cold."",
    ""needs_inspection"": false,
    ""reason"": """"
}"
extra_cards/activities/13b-12除掉外套.jpg,activities,"{""en"":""Take off jacket"",""zh"":""除掉外套"",""yue"":""脫外套"",""ko"":""자켓 벗기""}",JPEG,756,1051,The image shows a child taking off a red jacket. The child is smiling and wearing a green shirt underneath. This action helps the child feel more comfortable when it’s warm or indoors.,qwen3-vl-plus,A child is taking off their red jacket to feel more comfortable.,False,False,,"{
    ""en"": ""Take off jacket"",
    ""zh"": ""除掉外套"",
    ""yue"": ""脫外套"",
    ""ko"": ""자켓 벗기"",
    ""description"": ""The image shows a child taking off a red jacket. The child is smiling and wearing a green shirt underneath. This action helps the child feel more comfortable when it’s warm or indoors."",
    ""description_brief"": ""A child is taking off their red jacket to feel more comfortable."",
    ""needs_inspection"": false,
    ""reason"": """"
}"
extra_cards/food/提子.jpg,food,"{""en"":""Grapes"",""zh"":""提子"",""yue"":""提子"",""ko"":""포도""}",JPEG,756,1051,"This image shows a bunch of green grapes with two green leaves attached. The grapes are round and shiny, grouped together on a stem. They are drawn in a simple, clear style to help children recognize them easily.",qwen3-vl-plus,A bunch of green grapes with leaves.,False,False,,"{
    ""en"": ""Grapes"",
    ""zh"": ""提子"",
    ""yue"": ""提子"",
    ""ko"": ""포도"",
    ""description"": ""This image shows a bunch of green grapes with two green leaves attached. The grapes are round and shiny, grouped together on a stem. They are drawn in a simple, clear style to help children recognize them easily."",
    ""description_brief"": ""A bunch of green grapes with leaves."",
    ""needs_inspection"": false,
    ""reason"": """"
}"
extra_cards/activities/lunch time.jpg,activities,"{""en"":""Lunch time"",""zh"":""午餐时间"",""yue"":""午飯時間"",""ko"":""점심 시간""}",JPEG,596,596,"This image shows a blue lunchbox with a sandwich, an apple, and a green drink. Next to it is a plate with peas, potatoes, carrots, and a piece of meat. The word '午餐' is written below, which means lunch in Chinese.",qwen3-vl-plus,It’s lunch time with a lunchbox and a plate of food.,False,False,,"{
    ""en"": ""Lunch time"",
    ""zh"": ""午餐时间"",
    ""yue"": ""午飯時間"",
    ""ko"": ""점심 시간"",
    ""description"": ""This image shows a blue lunchbox with a sandwich, an apple, and a green drink. Next to it is a plate with peas, potatoes, carrots, and a piece of meat. The word '午餐' is written below, which means lunch in Chinese."",
    ""description_brief"": ""It’s lunch time with a lunchbox and a plate of food."",
    ""needs_inspection"": false,
    ""reason"": """"
}"
extra_cards/people/boy-3.jpg,people,"{""en"":""boy-3"",""zh"":""男孩-3"",""yue"":""男孩-3"",""ko"":""소년-3""}",JPEG,248,564,"This image shows a boy with short black hair and glasses. He is wearing a blue shirt with yellow stripes, dark blue pants, and red shoes. His hands are at his sides, and he has a calm smile on his face.",qwen3-vl-plus,A boy with glasses wearing a blue shirt and red shoes.,False,False,,"{
    ""en"": ""boy-3"",
    ""zh"": ""男孩-3"",
    ""yue"": ""男孩-3"",
    ""ko"": ""소년-3"",
    ""description"": ""This image shows a boy with short black hair and glasses. He is wearing a blue shirt with yellow stripes, dark blue pants, and red shoes. His hands are at his sides, and he has a calm smile on his face."",
    ""description_brief"": ""A boy with glasses wearing a blue shirt and red shoes."",
    ""needs_inspection"": false,
    ""reason"": """"
}"
extra_cards/stationery/Pencil holder.jpg,stationery,"{""en"":""Pencil holder"",""zh"":""铅笔筒"",""yue"":""鉛筆筒"",""ko"":""연필 홀더""}",JPEG,681,960,"This is a black pencil holder with many writing tools inside. It holds pencils, pens, and highlighters in different colors like blue, green, red, and pink. The holder keeps them organized and easy to reach.",qwen3-vl-plus,"A black container holding colorful pencils, pens, and markers.",False,False,,"{
    ""en"": ""Pencil holder"",
    ""zh"": ""铅笔筒"",
    ""yue"": ""鉛筆筒"",
    ""ko"": ""연필 홀더"",
    ""description"": ""This is a black pencil holder with many writing tools inside. It holds pencils, pens, and highlighters in different colors like blue, green, red, and pink. The holder keeps them organized and easy to reach."",
    ""description_brief"": ""A black container holding colorful pencils, pens, and markers."",
    ""needs_inspection"": false,
    ""reason"": """"
}"
extra_cards/activities/13b-13穿褲.jpg,activities,"{""en"":""Putting on pants"",""zh"":""穿裤"",""yue"":""穿褲"",""ko"":""바지 입기""}",JPEG,756,1051,The image shows a child pulling up red pants. The child is wearing an orange shirt and has black hair. An arrow points upward to show the direction of movement when putting on pants.,qwen3-vl-plus,A child is putting on red pants.,False,False,,"{
    ""en"": ""Putting on pants"",
    ""zh"": ""穿裤"",
    ""yue"": ""穿褲"",
    ""ko"": ""바지 입기"",
    ""description"": ""The image shows a child pulling up red pants. The child is wearing an orange shirt and has black hair. An arrow points upward to show the direction of movement when putting on pants."",
    ""description_brief"": ""A child is putting on red pants."",
    ""needs_inspection"": false,
    ""reason"": """"
}"
extra_cards/toy/4-08積木.jpg,toy,"{""en"":""Building Blocks"",""zh"":""积木"",""yue"":""積木"",""ko"":""블록""}",JPEG,756,1051,"This image shows colorful building blocks of different shapes like cubes, cylinders, and pyramids. The blocks are arranged in a scattered pile on a white background. They are simple, solid-colored toys often used for stacking and creative play.",qwen3-vl-plus,Colorful building blocks for stacking and playing.,False,False,,"{
    ""en"": ""Building Blocks"",
    ""zh"": ""积木"",
    ""yue"": ""積木"",
    ""ko"": ""블록"",
    ""description"": ""This image shows colorful building blocks of different shapes like cubes, cylinders, and pyramids. The blocks are arranged in a scattered pile on a white background. They are simple, solid-colored toys often used for stacking and creative play."",
    ""description_brief"": ""Colorful building blocks for stacking and playing."",
    ""needs_inspection"": false,
    ""reason"": """"
}"
extra_cards/stationery/Pencil sharpener.jpg,stationery,"{""en"":""Pencil sharpener"",""zh"":""卷笔刀"",""yue"":""鉛筆刨"",""ko"":""연필깎이""}",JPEG,467,343,This is a red pencil sharpener with two holes for different pencil sizes. It has metal blades inside to make pencils sharp. The surface is smooth and easy to hold.,qwen3-vl-plus,A red tool that makes pencils sharp.,False,False,,"{
    ""en"": ""Pencil sharpener"",
    ""zh"": ""卷笔刀"",
    ""yue"": ""鉛筆刨"",
    ""ko"": ""연필깎이"",
    ""description"": ""This is a red pencil sharpener with two holes for different pencil sizes. It has metal blades inside to make pencils sharp. The surface is smooth and easy to hold."",
    ""description_brief"": ""A red tool that makes pencils sharp."",
    ""needs_inspection"": false,
    ""reason"": """"
}"
extra_cards/activities/13c-11打羽毛球.jpg,activities,"{""en"":""Playing badminton"",""zh"":""打羽毛球"",""yue"":""打羽毛球"",""ko"":""배드민턴 치기""}",JPEG,756,1051,"The image shows a child holding a blue badminton racket and hitting a white shuttlecock. The child is wearing a white shirt with blue trim, blue shorts, and blue shoes. The background is plain white with a green stripe at the top.",qwen3-vl-plus,A child is playing badminton with a racket and shuttlecock.,False,False,,"{
    ""en"": ""Playing badminton"",
    ""zh"": ""打羽毛球"",
    ""yue"": ""打羽毛球"",
    ""ko"": ""배드민턴 치기"",
    ""description"": ""The image shows a child holding a blue badminton racket and hitting a white shuttlecock. The child is wearing a white shirt with blue trim, blue shorts, and blue shoes. The background is plain white with a green stripe at the top."",
    ""description_brief"": ""A child is playing badminton with a racket and shuttlecock."",
    ""needs_inspection"": false,
    ""reason"": """"
}"
extra_cards/stationery/3-11筆盒／筆袋.jpg,stationery,"{""en"":""Pencil case / Pencil pouch"",""zh"":""笔盒／笔袋"",""yue"":""筆盒／筆袋"",""ko"":""연필ケース / 연필 파우치""}",JPEG,756,1051,"This image shows two types of pencil containers. One is a blue hard plastic box with a pencil and ruler inside. The other is a pink soft pouch with a yellow bunny design, holding crayons and a ruler. Both are used to hold school supplies.",qwen3-vl-plus,"A pencil case and pencil pouch for holding pencils, rulers, and crayons.",False,False,,"{
    ""en"": ""Pencil case / Pencil pouch"",
    ""zh"": ""笔盒／笔袋"",
    ""yue"": ""筆盒／筆袋"",
    ""ko"": ""연필ケース / 연필 파우치"",
    ""description"": ""This image shows two types of pencil containers. One is a blue hard plastic box with a pencil and ruler inside. The other is a pink soft pouch with a yellow bunny design, holding crayons and a ruler. Both are used to hold school supplies."",
    ""description_brief"": ""A pencil case and pencil pouch for holding pencils, rulers, and crayons."",
    ""needs_inspection"": false,
    ""reason"": """"
}"
extra_cards/activities/lunch-1.jpg,activities,"{""en"":""lunch-1"",""zh"":""午餐-1"",""yue"":""午飯-1"",""ko"":""점심-1""}",JPEG,530,170,"This image shows an open lunchbox with food inside, including a sandwich and some snacks. Next to it is a drink bottle with a pink lid. The colors are bright and simple, which makes it easy to see what is in the picture.",qwen3-vl-plus,An open lunchbox with food and a drink next to it.,False,False,,"{
    ""en"": ""lunch-1"",
    ""zh"": ""午餐-1"",
    ""yue"": ""午飯-1"",
    ""ko"": ""점심-1"",
    ""description"": ""This image shows an open lunchbox with food inside, including a sandwich and some snacks. Next to it is a drink bottle with a pink lid. The colors are bright and simple, which makes it easy to see what is in the picture."",
    ""description_brief"": ""An open lunchbox with food and a drink next to it."",
    ""needs_inspection"": false,
    ""reason"": """"
}"
extra_cards/clothes/5-09褸.jpg,clothes,"{""en"":""Jacket"",""zh"":""夹克"",""yue"":""褸"",""ko"":""자켓""}",JPEG,756,1051,"This is a colorful jacket with a blue body and pink sleeves. It has an orange zipper, two front pockets, and ribbed cuffs and hem. The collar is black and there is a small circular design on the chest.",qwen3-vl-plus,A blue and pink jacket with orange trim and pockets.,False,False,,"{
    ""en"": ""Jacket"",
    ""zh"": ""夹克"",
    ""yue"": ""褸"",
    ""ko"": ""자켓"",
    ""description"": ""This is a colorful jacket with a blue body and pink sleeves. It has an orange zipper, two front pockets, and ribbed cuffs and hem. The collar is black and there is a small circular design on the chest."",
    ""description_brief"": ""A blue and pink jacket with orange trim and pockets."",
    ""needs_inspection"": false,
    ""reason"": """"
}"
extra_cards/stationery/Address book.jpg,stationery,"{""en"":""Address book"",""zh"":""地址簿"",""yue"":""通訊錄"",""ko"":""주소록""}",JPEG,600,458,This is an open address book with handwritten names and addresses on lined pages. The pages have tabs labeled with letters to help find entries quickly. It has a red cover and looks like it is used for keeping contact information.,qwen3-vl-plus,A red address book with names and addresses written inside.,False,False,,"{
    ""en"": ""Address book"",
    ""zh"": ""地址簿"",
    ""yue"": ""通訊錄"",
    ""ko"": ""주소록"",
    ""description"": ""This is an open address book with handwritten names and addresses on lined pages. The pages have tabs labeled with letters to help find entries quickly. It has a red cover and looks like it is used for keeping contact information."",
    ""description_brief"": ""A red address book with names and addresses written inside."",
    ""needs_inspection"": false,
    ""reason"": """"
}"
extra_cards/toy/4-09圖書.jpg,toy,"{""en"":""Book"",""zh"":""图书"",""yue"":""圖書"",""ko"":""책""}",JPEG,756,1051,"This image shows an open book with a red letter 'K' and pictures of keys on one page. The other page has a smiling pink bunny and red flowers. The word '圖書' is written at the bottom, which means 'book' in Chinese.",qwen3-vl-plus,"A colorful book with letters, keys, and a happy bunny inside.",False,False,,"{
    ""en"": ""Book"",
    ""zh"": ""图书"",
    ""yue"": ""圖書"",
    ""ko"": ""책"",
    ""description"": ""This image shows an open book with a red letter 'K' and pictures of keys on one page. The other page has a smiling pink bunny and red flowers. The word '圖書' is written at the bottom, which means 'book' in Chinese."",
    ""description_brief"": ""A colorful book with letters, keys, and a happy bunny inside."",
    ""needs_inspection"": false,
    ""reason"": """"
}"
extra_cards/food/春卷.jpg,food,"{""en"":""Spring Roll"",""zh"":""春卷"",""yue"":""春捲"",""ko"":""춘권""}",JPEG,756,1051,"This image shows a golden-brown spring roll cut in half, revealing colorful vegetables inside. It is placed on a green plate with a small bowl of dipping sauce beside it. The food looks crispy and is served ready to eat.",qwen3-vl-plus,"A crispy spring roll with vegetables inside, served with dipping sauce.",False,False,,"{
    ""en"": ""Spring Roll"",
    ""zh"": ""春卷"",
    ""yue"": ""春捲"",
    ""ko"": ""춘권"",
    ""description"": ""This image shows a golden-brown spring roll cut in half, revealing colorful vegetables inside. It is placed on a green plate with a small bowl of dipping sauce beside it. The food looks crispy and is served ready to eat."",
    ""description_brief"": ""A crispy spring roll with vegetables inside, served with dipping sauce."",
    ""needs_inspection"": false,
    ""reason"": """"
}"
extra_cards/stationery/Pencil1.jpg,stationery,"{""en"":""Red pencil"",""zh"":""红色铅笔"",""yue"":""紅色鉛筆"",""ko"":""빨간 연필""}",JPEG,661,489,"This is a red pencil with a pointed tip for writing or drawing. It has a black eraser on the top end. The pencil is straight and smooth, making it easy to hold.",qwen3-vl-plus,A red pencil with an eraser on top.,False,False,,"{
    ""en"": ""Red pencil"",
    ""zh"": ""红色铅笔"",
    ""yue"": ""紅色鉛筆"",
    ""ko"": ""빨간 연필"",
    ""description"": ""This is a red pencil with a pointed tip for writing or drawing. It has a black eraser on the top end. The pencil is straight and smooth, making it easy to hold."",
    ""description_brief"": ""A red pencil with an eraser on top."",
    ""needs_inspection"": false,
    ""reason"": """"
}"
extra_cards/activities/lunch1.jpg,activities,"{""en"":""Eating lunch"",""zh"":""吃午餐"",""yue"":""食午飯"",""ko"":""점심 먹기""}",JPEG,596,596,A boy with yellow hair is sitting at a brown table. He is wearing a red shirt and holding a green apple in one hand and a sandwich in the other. He is smiling and ready to eat his lunch.,qwen3-vl-plus,A boy is eating lunch with an apple and a sandwich.,False,False,,"{
    ""en"": ""Eating lunch"",
    ""zh"": ""吃午餐"",
    ""yue"": ""食午飯"",
    ""ko"": ""점심 먹기"",
    ""description"": ""A boy with yellow hair is sitting at a brown table. He is wearing a red shirt and holding a green apple in one hand and a sandwich in the other. He is smiling and ready to eat his lunch."",
    ""description_brief"": ""A boy is eating lunch with an apple and a sandwich."",
    ""needs_inspection"": false,
    ""reason"": """"
}"
extra_cards/people/brotherandsister-1.jpg,people,"{""en"":""brotherandsister-1"",""zh"":""兄妹-1"",""yue"":""兄弟姊妹-1"",""ko"":""남매-1""}",JPEG,501,801,"This image shows two people standing side by side. The person on the left has curly blonde hair and is wearing a purple shirt and blue pants. The person on the right has short blonde hair, is wearing a red shirt with the number 3, and blue pants.",qwen3-vl-plus,"Two people standing together — one in purple, one in red with number 3.",False,False,,"{
    ""en"": ""brotherandsister-1"",
    ""zh"": ""兄妹-1"",
    ""yue"": ""兄弟姊妹-1"",
    ""ko"": ""남매-1"",
    ""description"": ""This image shows two people standing side by side. The person on the left has curly blonde hair and is wearing a purple shirt and blue pants. The person on the right has short blonde hair, is wearing a red shirt with the number 3, and blue pants."",
    ""description_brief"": ""Two people standing together — one in purple, one in red with number 3."",
    ""needs_inspection"": false,
    ""reason"": """"
}"
extra_cards/people/father-1.jpg,people,"{""en"":""father-1"",""zh"":""父亲-1"",""yue"":""爸爸-1"",""ko"":""아빠-1""}",JPEG,551,414,This image shows a man holding a baby. The man is smiling and wearing a blue shirt. The baby is wrapped in a yellow blanket and also has brown hair.,qwen3-vl-plus,A happy dad holding his baby.,False,False,,"{
    ""en"": ""father-1"",
    ""zh"": ""父亲-1"",
    ""yue"": ""爸爸-1"",
    ""ko"": ""아빠-1"",
    ""description"": ""This image shows a man holding a baby. The man is smiling and wearing a blue shirt. The baby is wrapped in a yellow blanket and also has brown hair."",
    ""description_brief"": ""A happy dad holding his baby."",
    ""needs_inspection"": false,
    ""reason"": """"
}"
extra_cards/food/月餅.jpg,food,"{""en"":""Mooncake"",""zh"":""月饼"",""yue"":""月餅"",""ko"":""달 bánh""}",JPEG,756,1051,This image shows two orange mooncakes with a flower-shaped edge. One mooncake is cut open to show a yellow filling and a red yolk inside. The top has Chinese characters pressed into it.,qwen3-vl-plus,"Two orange mooncakes, one cut open to show the yellow filling and red yolk inside.",False,False,,"{
    ""en"": ""Mooncake"",
    ""zh"": ""月饼"",
    ""yue"": ""月餅"",
    ""ko"": ""달 bánh"",
    ""description"": ""This image shows two orange mooncakes with a flower-shaped edge. One mooncake is cut open to show a yellow filling and a red yolk inside. The top has Chinese characters pressed into it."",
    ""description_brief"": ""Two orange mooncakes, one cut open to show the yellow filling and red yolk inside."",
    ""needs_inspection"": false,
    ""reason"": """"
}"
extra_cards/stationery/Book1.jpg,stationery,"{""en"":""Book1"",""zh"":""书1"",""yue"":""書1"",""ko"":""책1""}",JPEG,720,459,This is an open book with many words on each page. The pages are light yellow and the cover is dark brown. A small ribbon bookmark is attached to the side.,qwen3-vl-plus,An open book with text and a ribbon bookmark.,False,False,,"{
    ""en"": ""Book1"",
    ""zh"": ""书1"",
    ""yue"": ""書1"",
    ""ko"": ""책1"",
    ""description"": ""This is an open book with many words on each page. The pages are light yellow and the cover is dark brown. A small ribbon bookmark is attached to the side."",
    ""description_brief"": ""An open book with text and a ribbon bookmark."",
    ""needs_inspection"": false,
    ""reason"": """"
}"
extra_cards/activities/13b-14除掉褲.jpg,activities,"{""en"":""Take off pants"",""zh"":""除掉裤"",""yue"":""除掉褲"",""ko"":""바지 벗기""}",JPEG,756,1051,The image shows a child pulling down red shorts. The child is standing and holding the waistband of the shorts with both hands. An arrow points downward to show the direction to pull the pants off.,qwen3-vl-plus,A child is taking off their red shorts by pulling them down.,False,False,,"{
    ""en"": ""Take off pants"",
    ""zh"": ""除掉裤"",
    ""yue"": ""除掉褲"",
    ""ko"": ""바지 벗기"",
    ""description"": ""The image shows a child pulling down red shorts. The child is standing and holding the waistband of the shorts with both hands. An arrow points downward to show the direction to pull the pants off."",
    ""description_brief"": ""A child is taking off their red shorts by pulling them down."",
    ""needs_inspection"": false,
    ""reason"": """"
}"
extra_cards/activities/13c-07做運動.jpg,activities,"{""en"":""Doing exercise"",""zh"":""做运动"",""yue"":""做運動"",""ko"":""운동하기""}",JPEG,756,1051,"The image shows a happy child wearing a white shirt with green stripes and green shorts. The child is moving their arms up and down, which means they are doing physical activity. This picture helps show that it’s time to move your body and stay active.",qwen3-vl-plus,A child is doing exercise by moving their arms.,False,False,,"{
    ""en"": ""Doing exercise"",
    ""zh"": ""做运动"",
    ""yue"": ""做運動"",
    ""ko"": ""운동하기"",
    ""description"": ""The image shows a happy child wearing a white shirt with green stripes and green shorts. The child is moving their arms up and down, which means they are doing physical activity. This picture helps show that it’s time to move your body and stay active."",
    ""description_brief"": ""A child is doing exercise by moving their arms."",
    ""needs_inspection"": false,
    ""reason"": """"
}"
extra_cards/activities/13b-07洗澡.jpg,activities,"{""en"":""Taking a shower"",""zh"":""洗澡"",""yue"":""沖涼"",""ko"":""샤워하기""}",JPEG,756,1051,"A child is standing under a shower head with water spraying down. The child is using a purple sponge to wash their arm, and there are bubbles on their skin. The child looks calm and happy while bathing.",qwen3-vl-plus,A child is taking a shower with soap and water.,False,False,,"{
    ""en"": ""Taking a shower"",
    ""zh"": ""洗澡"",
    ""yue"": ""沖涼"",
    ""ko"": ""샤워하기"",
    ""description"": ""A child is standing under a shower head with water spraying down. The child is using a purple sponge to wash their arm, and there are bubbles on their skin. The child looks calm and happy while bathing."",
    ""description_brief"": ""A child is taking a shower with soap and water."",
    ""needs_inspection"": false,
    ""reason"": """"
}"
extra_cards/toy/4-10砌圖.jpg,toy,"{""en"":""Puzzle"",""zh"":""拼图"",""yue"":""砌圖"",""ko"":""퍼즐""}",JPEG,756,1051,"This image shows blue puzzle pieces with a purple umbrella design. Some pieces are already connected, and two separate pieces are shown below. The puzzle is incomplete and needs to be put together.",qwen3-vl-plus,A puzzle with blue pieces and a purple umbrella that needs to be completed.,False,False,,"{
    ""en"": ""Puzzle"",
    ""zh"": ""拼图"",
    ""yue"": ""砌圖"",
    ""ko"": ""퍼즐"",
    ""description"": ""This image shows blue puzzle pieces with a purple umbrella design. Some pieces are already connected, and two separate pieces are shown below. The puzzle is incomplete and needs to be put together."",
    ""description_brief"": ""A puzzle with blue pieces and a purple umbrella that needs to be completed."",
    ""needs_inspection"": false,
    ""reason"": """"
}"
extra_cards/clothes/5-10校服.jpg,clothes,"{""en"":""School Uniform"",""zh"":""校服"",""yue"":""校服"",""ko"":""교복""}",JPEG,756,1051,"This image shows two school uniforms. One is for boys with a white shirt, blue shorts, and a yellow and blue badge. The other is for girls with a white shirt, a blue bow tie, a white skirt, and the same badge. Both shirts have buttons and collars.",qwen3-vl-plus,These are school uniforms for boys and girls with matching badges.,False,False,,"{
    ""en"": ""School Uniform"",
    ""zh"": ""校服"",
    ""yue"": ""校服"",
    ""ko"": ""교복"",
    ""description"": ""This image shows two school uniforms. One is for boys with a white shirt, blue shorts, and a yellow and blue badge. The other is for girls with a white shirt, a blue bow tie, a white skirt, and the same badge. Both shirts have buttons and collars."",
    ""description_brief"": ""These are school uniforms for boys and girls with matching badges."",
    ""needs_inspection"": false,
    ""reason"": """"
}"
extra_cards/activities/13c-16唱歌.jpg,activities,"{""en"":""Singing"",""zh"":""唱歌"",""yue"":""唱歌"",""ko"":""노래 부르기""}",JPEG,756,1051,"The image shows a child with black hair wearing a yellow shirt. The child’s mouth is open and musical notes are coming out, showing they are singing. This picture helps children understand the activity of singing in a simple and clear way.",qwen3-vl-plus,A child is singing with musical notes coming from their mouth.,False,False,,"{
    ""en"": ""Singing"",
    ""zh"": ""唱歌"",
    ""yue"": ""唱歌"",
    ""ko"": ""노래 부르기"",
    ""description"": ""The image shows a child with black hair wearing a yellow shirt. The child’s mouth is open and musical notes are coming out, showing they are singing. This picture helps children understand the activity of singing in a simple and clear way."",
    ""description_brief"": ""A child is singing with musical notes coming from their mouth."",
    ""needs_inspection"": false,
    ""reason"": """"
}"
extra_cards/people/friends-1.jpg,people,"{""en"":""friends-1"",""zh"":""朋友-1"",""yue"":""朋友-1"",""ko"":""친구들-1""}",JPEG,801,246,"This image shows ten children standing in a row. Each child is wearing a green shirt with a letter on it, and together the letters spell 'GO GREEN!'. The children have different hairstyles, skin tones, and clothing colors, showing diversity.",qwen3-vl-plus,Ten kids in green shirts spelling 'GO GREEN!' stand together as friends.,False,False,,"{
    ""en"": ""friends-1"",
    ""zh"": ""朋友-1"",
    ""yue"": ""朋友-1"",
    ""ko"": ""친구들-1"",
    ""description"": ""This image shows ten children standing in a row. Each child is wearing a green shirt with a letter on it, and together the letters spell 'GO GREEN!'. The children have different hairstyles, skin tones, and clothing colors, showing diversity."",
    ""description_brief"": ""Ten kids in green shirts spelling 'GO GREEN!' stand together as friends."",
    ""needs_inspection"": false,
    ""reason"": """"
}"
extra_cards/stationery/Book2.jpg,stationery,"{""en"":""Book2"",""zh"":""书本2"",""yue"":""書本2"",""ko"":""책2""}",JPEG,1080,625,"This is an open book with red covers and white pages. The pages have black text in two columns, and there is a small bookmark at the bottom. The book is lying flat on a white surface.",qwen3-vl-plus,An open red book with text on white pages.,False,False,,"{
    ""en"": ""Book2"",
    ""zh"": ""书本2"",
    ""yue"": ""書本2"",
    ""ko"": ""책2"",
    ""description"": ""This is an open book with red covers and white pages. The pages have black text in two columns, and there is a small bookmark at the bottom. The book is lying flat on a white surface."",
    ""description_brief"": ""An open red book with text on white pages."",
    ""needs_inspection"": false,
    ""reason"": """"
}"
extra_cards/stationery/Pencil2.jpg,stationery,"{""en"":""Pencil"",""zh"":""铅笔"",""yue"":""鉛筆"",""ko"":""연필""}",JPEG,372,242,This is a yellow pencil with a red eraser on top. The pencil has a sharp black tip for writing or drawing. It is a common school tool used for writing on paper.,qwen3-vl-plus,A yellow pencil with an eraser for writing and drawing.,False,False,,"{
    ""en"": ""Pencil"",
    ""zh"": ""铅笔"",
    ""yue"": ""鉛筆"",
    ""ko"": ""연필"",
    ""description"": ""This is a yellow pencil with a red eraser on top. The pencil has a sharp black tip for writing or drawing. It is a common school tool used for writing on paper."",
    ""description_brief"": ""A yellow pencil with an eraser for writing and drawing."",
    ""needs_inspection"": false,
    ""reason"": """"
}"
extra_cards/clothes/5-11內褲.jpg,clothes,"{""en"":""Underwear"",""zh"":""内裤"",""yue"":""內褲"",""ko"":""속옷""}",JPEG,756,1051,This is a drawing of light blue underwear. It has a simple shape with a waistband and leg openings. The image is clear and shows the item from the front.,qwen3-vl-plus,This is a pair of blue underwear.,False,False,,"{
    ""en"": ""Underwear"",
    ""zh"": ""内裤"",
    ""yue"": ""內褲"",
    ""ko"": ""속옷"",
    ""description"": ""This is a drawing of light blue underwear. It has a simple shape with a waistband and leg openings. The image is clear and shows the item from the front."",
    ""description_brief"": ""This is a pair of blue underwear."",
    ""needs_inspection"": false,
    ""reason"": """"
}"
extra_cards/toy/4-11電話.jpg,toy,"{""en"":""Telephone"",""zh"":""电话"",""yue"":""電話"",""ko"":""전화기""}",JPEG,756,1051,This is a picture of a pink telephone with purple buttons. The buttons have numbers from 1 to 9. It has a receiver on top that you can lift to talk.,qwen3-vl-plus,A pink telephone with number buttons for calling people.,False,False,,"{
    ""en"": ""Telephone"",
    ""zh"": ""电话"",
    ""yue"": ""電話"",
    ""ko"": ""전화기"",
    ""description"": ""This is a picture of a pink telephone with purple buttons. The buttons have numbers from 1 to 9. It has a receiver on top that you can lift to talk."",
    ""description_brief"": ""A pink telephone with number buttons for calling people."",
    ""needs_inspection"": false,
    ""reason"": """"
}"
extra_cards/activities/lunch2.jpg,activities,"{""en"":""Lunch"",""zh"":""吃午餐"",""yue"":""食午飯"",""ko"":""점심 식사""}",JPEG,596,596,A child with orange hair is sitting at a table. They are holding a green apple in one hand and a sandwich in the other. The child is smiling and ready to eat lunch.,qwen3-vl-plus,I am eating lunch with an apple and a sandwich.,False,False,,"{
    ""en"": ""Lunch"",
    ""zh"": ""吃午餐"",
    ""yue"": ""食午飯"",
    ""ko"": ""점심 식사"",
    ""description"": ""A child with orange hair is sitting at a table. They are holding a green apple in one hand and a sandwich in the other. The child is smiling and ready to eat lunch."",
    ""description_brief"": ""I am eating lunch with an apple and a sandwich."",
    ""needs_inspection"": false,
    ""reason"": """"
}"
extra_cards/food/木瓜.jpg,food,"{""en"":""Papaya"",""zh"":""木瓜"",""yue"":""木瓜"",""ko"":""파파야""}",JPEG,756,1051,This image shows a papaya fruit. One half is cut open to show the orange flesh and black seeds inside. The other half is whole and has yellow-orange skin.,qwen3-vl-plus,"A papaya, which is a sweet fruit with orange flesh and black seeds.",False,False,,"{
    ""en"": ""Papaya"",
    ""zh"": ""木瓜"",
    ""yue"": ""木瓜"",
    ""ko"": ""파파야"",
    ""description"": ""This image shows a papaya fruit. One half is cut open to show the orange flesh and black seeds inside. The other half is whole and has yellow-orange skin."",
    ""description_brief"": ""A papaya, which is a sweet fruit with orange flesh and black seeds."",
    ""needs_inspection"": false,
    ""reason"": """"
}"
extra_cards/activities/13a-17玩電腦.jpg,activities,"{""en"":""Playing on the computer"",""zh"":""玩电脑"",""yue"":""玩電腦"",""ko"":""컴퓨터로 놀기""}",JPEG,756,1051,A child is sitting at a desk using a computer. The child is smiling and typing on the keyboard. The screen shows a circle with the word 'hal' inside it.,qwen3-vl-plus,Child playing on a computer at a desk.,False,False,,"{
    ""en"": ""Playing on the computer"",
    ""zh"": ""玩电脑"",
    ""yue"": ""玩電腦"",
    ""ko"": ""컴퓨터로 놀기"",
    ""description"": ""A child is sitting at a desk using a computer. The child is smiling and typing on the keyboard. The screen shows a circle with the word 'hal' inside it."",
    ""description_brief"": ""Child playing on a computer at a desk."",
    ""needs_inspection"": false,
    ""reason"": """"
}"
extra_cards/activities/big writing.jpg,activities,"{""en"":""Big Writing"",""zh"":""大写字"",""yue"":""大寫字"",""ko"":""큰 글씨 쓰기""}",JPEG,596,596,"This image shows a hand holding a red pencil, ready to write. The person is wearing a blue sleeve. Below the hand, there are Chinese characters that mean 'writing'.",qwen3-vl-plus,A hand holds a red pencil to write big letters.,False,False,,"{
    ""en"": ""Big Writing"",
    ""zh"": ""大写字"",
    ""yue"": ""大寫字"",
    ""ko"": ""큰 글씨 쓰기"",
    ""description"": ""This image shows a hand holding a red pencil, ready to write. The person is wearing a blue sleeve. Below the hand, there are Chinese characters that mean 'writing'."",
    ""description_brief"": ""A hand holds a red pencil to write big letters."",
    ""needs_inspection"": false,
    ""reason"": """"
}"
extra_cards/activities/makingbed.png,activities,"{""en"":""makingbed"",""zh"":""整理床铺"",""yue"":""整理床鋪"",""ko"":""침대 정리하기""}",PNG,1772,1772,一个男孩正在整理床铺。他穿着黄色上衣，双手拿着蓝色毯子，正把它铺在床上。床上有两个白色枕头和浅蓝色床单。,qwen3-vl-plus,男孩正在把蓝色毯子铺在床上。,False,False,,"{
    ""en"": ""makingbed"",
    ""zh"": ""整理床铺"",
    ""yue"": ""整理床鋪"",
    ""ko"": ""침대 정리하기"",
    ""description"": ""一个男孩正在整理床铺。他穿着黄色上衣，双手拿着蓝色毯子，正把它铺在床上。床上有两个白色枕头和浅蓝色床单。"",
    ""description_brief"": ""男孩正在把蓝色毯子铺在床上。"",
    ""needs_inspection"": false,
    ""reason"": """"
}"
extra_cards/activities/13a-10舀.jpg,activities,"{""en"":""Scooping"",""zh"":""舀"",""yue"":""舀"",""ko"":""떠내기""}",JPEG,756,1051,The image shows a child holding a green bowl with white food inside. The child is using a red spoon to scoop the food. The child is wearing a blue shirt and has black hair.,qwen3-vl-plus,A child is scooping food from a bowl with a spoon.,False,False,,"{
    ""en"": ""Scooping"",
    ""zh"": ""舀"",
    ""yue"": ""舀"",
    ""ko"": ""떠내기"",
    ""description"": ""The image shows a child holding a green bowl with white food inside. The child is using a red spoon to scoop the food. The child is wearing a blue shirt and has black hair."",
    ""description_brief"": ""A child is scooping food from a bowl with a spoon."",
    ""needs_inspection"": false,
    ""reason"": """"
}"
extra_cards/food/朱古力.jpg,food,"{""en"":""Chocolate"",""zh"":""巧克力"",""yue"":""朱古力"",""ko"":""초콜릿""}",JPEG,756,1051,The image shows a colorful candy container tipped over with round candies spilling out. Next to it is a red-wrapped chocolate bar that is partially unwrapped and broken into pieces. The candies and chocolate are bright and easy to see against the white background.,qwen3-vl-plus,A spilled candy container and a broken chocolate bar are shown together.,False,False,,"{
    ""en"": ""Chocolate"",
    ""zh"": ""巧克力"",
    ""yue"": ""朱古力"",
    ""ko"": ""초콜릿"",
    ""description"": ""The image shows a colorful candy container tipped over with round candies spilling out. Next to it is a red-wrapped chocolate bar that is partially unwrapped and broken into pieces. The candies and chocolate are bright and easy to see against the white background."",
    ""description_brief"": ""A spilled candy container and a broken chocolate bar are shown together."",
    ""needs_inspection"": false,
    ""reason"": """"
}"
extra_cards/clothes/5-12襪.jpg,clothes,"{""en"":""Socks"",""zh"":""袜子"",""yue"":""襪"",""ko"":""양말""}",JPEG,756,1051,"This image shows a pair of white socks with red toes and red stripes near the top. The socks are drawn simply with bold outlines to make them easy to recognize. They are shown side by side, slightly overlapping, on a plain white background.",qwen3-vl-plus,A pair of white socks with red toes and red stripes.,False,False,,"{
    ""en"": ""Socks"",
    ""zh"": ""袜子"",
    ""yue"": ""襪"",
    ""ko"": ""양말"",
    ""description"": ""This image shows a pair of white socks with red toes and red stripes near the top. The socks are drawn simply with bold outlines to make them easy to recognize. They are shown side by side, slightly overlapping, on a plain white background."",
    ""description_brief"": ""A pair of white socks with red toes and red stripes."",
    ""needs_inspection"": false,
    ""reason"": """"
}"
extra_cards/people/girl-1.jpg,people,"{""en"":""girl-1"",""zh"":""女孩-1"",""yue"":""女孩-1"",""ko"":""여자아이-1""}",JPEG,254,563,"This is a drawing of a girl with blonde hair in two pigtails. She is wearing a purple shirt and skirt, white socks, and gray shoes. Her hands are behind her back and she is smiling.",qwen3-vl-plus,A girl with blonde pigtails wearing a purple dress and gray shoes.,False,False,,"{
    ""en"": ""girl-1"",
    ""zh"": ""女孩-1"",
    ""yue"": ""女孩-1"",
    ""ko"": ""여자아이-1"",
    ""description"": ""This is a drawing of a girl with blonde hair in two pigtails. She is wearing a purple shirt and skirt, white socks, and gray shoes. Her hands are behind her back and she is smiling."",
    ""description_brief"": ""A girl with blonde pigtails wearing a purple dress and gray shoes."",
    ""needs_inspection"": false,
    ""reason"": """"
}"
extra_cards/stationery/Pencil3.jpg,stationery,"{""en"":""Pencil3"",""zh"":""铅笔3"",""yue"":""鉛筆3"",""ko"":""연필3""}",JPEG,960,760,This is a yellow pencil with a red eraser on one end and a sharpened graphite tip on the other. It has black lines running along its body. The pencil is lying diagonally on a white background.,qwen3-vl-plus,A yellow pencil with a red eraser and a sharp tip.,False,False,,"{
    ""en"": ""Pencil3"",
    ""zh"": ""铅笔3"",
    ""yue"": ""鉛筆3"",
    ""ko"": ""연필3"",
    ""description"": ""This is a yellow pencil with a red eraser on one end and a sharpened graphite tip on the other. It has black lines running along its body. The pencil is lying diagonally on a white background."",
    ""description_brief"": ""A yellow pencil with a red eraser and a sharp tip."",
    ""needs_inspection"": false,
    ""reason"": """"
}"
extra_cards/toy/4-12玩具槍.jpg,toy,"{""en"":""Toy Gun"",""zh"":""玩具枪"",""yue"":""玩具槍"",""ko"":""장난감 총""}",JPEG,756,1051,This is a picture of a toy gun. It is yellow and orange with simple lines showing its shape. It is not real and is meant for pretend play.,qwen3-vl-plus,A yellow toy gun for playing pretend.,False,False,,"{
    ""en"": ""Toy Gun"",
    ""zh"": ""玩具枪"",
    ""yue"": ""玩具槍"",
    ""ko"": ""장난감 총"",
    ""description"": ""This is a picture of a toy gun. It is yellow and orange with simple lines showing its shape. It is not real and is meant for pretend play."",
    ""description_brief"": ""A yellow toy gun for playing pretend."",
    ""needs_inspection"": false,
    ""reason"": """"
}"
extra_cards/clothes/5-13拖鞋.jpg,clothes,"{""en"":""Slippers"",""zh"":""拖鞋"",""yue"":""拖鞋"",""ko"":""슬리퍼""}",JPEG,756,1051,These are pink slippers with purple straps. The straps have yellow flower designs and small orange hearts. They are flat shoes meant for indoor use.,qwen3-vl-plus,Pink slippers with purple straps and yellow flowers.,False,False,,"{
    ""en"": ""Slippers"",
    ""zh"": ""拖鞋"",
    ""yue"": ""拖鞋"",
    ""ko"": ""슬리퍼"",
    ""description"": ""These are pink slippers with purple straps. The straps have yellow flower designs and small orange hearts. They are flat shoes meant for indoor use."",
    ""description_brief"": ""Pink slippers with purple straps and yellow flowers."",
    ""needs_inspection"": false,
    ""reason"": """"
}"
extra_cards/stationery/Pencil4.jpg,stationery,"{""en"":""Pencil"",""zh"":""铅笔"",""yue"":""鉛筆"",""ko"":""연필""}",JPEG,448,297,"This is a yellow pencil with a pink eraser on top. The pencil has a black tip for writing or drawing. It is straight and smooth, and it helps you make marks on paper.",qwen3-vl-plus,A yellow pencil with an eraser for writing and drawing.,False,False,,"{
    ""en"": ""Pencil"",
    ""zh"": ""铅笔"",
    ""yue"": ""鉛筆"",
    ""ko"": ""연필"",
    ""description"": ""This is a yellow pencil with a pink eraser on top. The pencil has a black tip for writing or drawing. It is straight and smooth, and it helps you make marks on paper."",
    ""description_brief"": ""A yellow pencil with an eraser for writing and drawing."",
    ""needs_inspection"": false,
    ""reason"": """"
}"
extra_cards/activities/breakfast1.jpg,activities,"{""en"":""Eating breakfast"",""zh"":""吃早餐"",""yue"":""食早餐"",""ko"":""아침 식사하기""}",JPEG,596,596,A child with yellow hair is sitting at a brown table. They are wearing a red shirt and holding a spoon to eat from a green bowl filled with food. The child is smiling and looking forward.,qwen3-vl-plus,A child is eating breakfast at a table with a spoon.,False,False,,"{
    ""en"": ""Eating breakfast"",
    ""zh"": ""吃早餐"",
    ""yue"": ""食早餐"",
    ""ko"": ""아침 식사하기"",
    ""description"": ""A child with yellow hair is sitting at a brown table. They are wearing a red shirt and holding a spoon to eat from a green bowl filled with food. The child is smiling and looking forward."",
    ""description_brief"": ""A child is eating breakfast at a table with a spoon."",
    ""needs_inspection"": false,
    ""reason"": """"
}"
extra_cards/stationery/Book4.jpg,stationery,"{""en"":""Book4"",""zh"":""书4"",""yue"":""書4"",""ko"":""책4""}",JPEG,825,1161,"This is a thick book with a black cover. The pages are white and slightly curved, showing letters like B, C, D on the edges. It is standing upright and looks sturdy for handling.",qwen3-vl-plus,A black-covered book with white pages and alphabet letters on the edges.,False,False,,"{
    ""en"": ""Book4"",
    ""zh"": ""书4"",
    ""yue"": ""書4"",
    ""ko"": ""책4"",
    ""description"": ""This is a thick book with a black cover. The pages are white and slightly curved, showing letters like B, C, D on the edges. It is standing upright and looks sturdy for handling."",
    ""description_brief"": ""A black-covered book with white pages and alphabet letters on the edges."",
    ""needs_inspection"": false,
    ""reason"": """"
}"
extra_cards/activities/13a-18看書.jpg,activities,"{""en"":""Reading a book"",""zh"":""看书"",""yue"":""睇書"",""ko"":""책 읽기""}",JPEG,756,1051,"The image shows a child with black hair and a white shirt holding a green book. The child is looking at the book with a calm expression, suggesting they are reading or enjoying the book. This activity is quiet and focused, which can be calming for children.",qwen3-vl-plus,A child is reading a green book.,False,False,,"{
    ""en"": ""Reading a book"",
    ""zh"": ""看书"",
    ""yue"": ""睇書"",
    ""ko"": ""책 읽기"",
    ""description"": ""The image shows a child with black hair and a white shirt holding a green book. The child is looking at the book with a calm expression, suggesting they are reading or enjoying the book. This activity is quiet and focused, which can be calming for children."",
    ""description_brief"": ""A child is reading a green book."",
    ""needs_inspection"": false,
    ""reason"": """"
}"
extra_cards/food/朱古力金幣.jpg,food,"{""en"":""Chocolate Gold Coins"",""zh"":""巧克力金币"",""yue"":""朱古力金幣"",""ko"":""초콜릿 금화""}",JPEG,756,1051,"This image shows three round, gold-colored chocolate coins. One coin is broken open to show the dark chocolate inside. The coins have numbers and designs on them, like real money.",qwen3-vl-plus,These are chocolate coins that look like gold money.,False,False,,"{
    ""en"": ""Chocolate Gold Coins"",
    ""zh"": ""巧克力金币"",
    ""yue"": ""朱古力金幣"",
    ""ko"": ""초콜릿 금화"",
    ""description"": ""This image shows three round, gold-colored chocolate coins. One coin is broken open to show the dark chocolate inside. The coins have numbers and designs on them, like real money."",
    ""description_brief"": ""These are chocolate coins that look like gold money."",
    ""needs_inspection"": false,
    ""reason"": """"
}"
extra_cards/stationery/Book3.jpg,stationery,"{""en"":""Book3"",""zh"":""书3"",""yue"":""書3"",""ko"":""책3""}",JPEG,1350,825,"This is a large open book with many words on its pages. The pages are white and the text is black, arranged in neat columns. It has a dark blue cover and lies flat so you can see both sides at once.",qwen3-vl-plus,A big open book with lots of words on white pages and a blue cover.,False,False,,"{
    ""en"": ""Book3"",
    ""zh"": ""书3"",
    ""yue"": ""書3"",
    ""ko"": ""책3"",
    ""description"": ""This is a large open book with many words on its pages. The pages are white and the text is black, arranged in neat columns. It has a dark blue cover and lies flat so you can see both sides at once."",
    ""description_brief"": ""A big open book with lots of words on white pages and a blue cover."",
    ""needs_inspection"": false,
    ""reason"": """"
}"
extra_cards/clothes/5-14波鞋.jpg,clothes,"{""en"":""Sneakers"",""zh"":""运动鞋"",""yue"":""波鞋"",""ko"":""스니커즈""}",JPEG,756,1051,"This image shows a pair of colorful sneakers with pink, yellow, and red parts. They have black laces and white eyelets. The soles are light brown and flat, suitable for walking or playing.",qwen3-vl-plus,A pair of colorful sneakers with black laces.,False,False,,"{
    ""en"": ""Sneakers"",
    ""zh"": ""运动鞋"",
    ""yue"": ""波鞋"",
    ""ko"": ""스니커즈"",
    ""description"": ""This image shows a pair of colorful sneakers with pink, yellow, and red parts. They have black laces and white eyelets. The soles are light brown and flat, suitable for walking or playing."",
    ""description_brief"": ""A pair of colorful sneakers with black laces."",
    ""needs_inspection"": false,
    ""reason"": """"
}"
extra_cards/people/girl-2.jpg,people,"{""en"":""girl-2"",""zh"":""女孩-2"",""yue"":""女孩-2"",""ko"":""여자아이-2""}",JPEG,258,619,"This is a drawing of a girl with dark hair in a bun. She is wearing a pink long-sleeve shirt with a ruffle at the bottom, purple pants, white socks, and pink shoes. She is standing and smiling.",qwen3-vl-plus,A girl wearing pink and purple clothes is standing and smiling.,False,False,,"{
    ""en"": ""girl-2"",
    ""zh"": ""女孩-2"",
    ""yue"": ""女孩-2"",
    ""ko"": ""여자아이-2"",
    ""description"": ""This is a drawing of a girl with dark hair in a bun. She is wearing a pink long-sleeve shirt with a ruffle at the bottom, purple pants, white socks, and pink shoes. She is standing and smiling."",
    ""description_brief"": ""A girl wearing pink and purple clothes is standing and smiling."",
    ""needs_inspection"": false,
    ""reason"": """"
}"
extra_cards/activities/math-1.jpg,activities,"{""en"":""math-1"",""zh"":""数学-1"",""yue"":""數學-1"",""ko"":""수학-1""}",JPEG,530,170,"This image shows a simple math problem using apples. There are two groups of apples: 2 on top and 3 below, with a plus sign between them. The total is shown at the bottom as 5 apples.",qwen3-vl-plus,Add 2 apples and 3 apples to get 5 apples.,False,False,,"{
    ""en"": ""math-1"",
    ""zh"": ""数学-1"",
    ""yue"": ""數學-1"",
    ""ko"": ""수학-1"",
    ""description"": ""This image shows a simple math problem using apples. There are two groups of apples: 2 on top and 3 below, with a plus sign between them. The total is shown at the bottom as 5 apples."",
    ""description_brief"": ""Add 2 apples and 3 apples to get 5 apples."",
    ""needs_inspection"": false,
    ""reason"": """"
}"
extra_cards/toy/4-13機械人.jpg,toy,"{""en"":""Robot"",""zh"":""机器人"",""yue"":""機械人"",""ko"":""로봇""}",JPEG,756,1051,"This is a colorful robot toy with yellow horns, green eyes, and a red nose. It has blue arms and legs, a white body, and holds a sword in one hand and a red shield in the other. The robot stands upright and looks ready for play.",qwen3-vl-plus,A colorful robot holding a sword and shield.,False,False,,"{
    ""en"": ""Robot"",
    ""zh"": ""机器人"",
    ""yue"": ""機械人"",
    ""ko"": ""로봇"",
    ""description"": ""This is a colorful robot toy with yellow horns, green eyes, and a red nose. It has blue arms and legs, a white body, and holds a sword in one hand and a red shield in the other. The robot stands upright and looks ready for play."",
    ""description_brief"": ""A colorful robot holding a sword and shield."",
    ""needs_inspection"": false,
    ""reason"": """"
}"
extra_cards/activities/maths.jpg,activities,"{""en"":""Maths"",""zh"":""数学"",""yue"":""數學"",""ko"":""수학""}",JPEG,596,596,"This image shows numbers from 0 to 9, colorful shapes like cubes and spheres, dice, a clock showing 2 o'clock, and a balance scale with objects. These items help children learn counting, shapes, time, and comparing weights. The word '數學' at the bottom means math in Chinese.",qwen3-vl-plus,"This is a math activity with numbers, shapes, a clock, and a scale to learn counting and measuring.",False,False,,"{
    ""en"": ""Maths"",
    ""zh"": ""数学"",
    ""yue"": ""數學"",
    ""ko"": ""수학"",
    ""description"": ""This image shows numbers from 0 to 9, colorful shapes like cubes and spheres, dice, a clock showing 2 o'clock, and a balance scale with objects. These items help children learn counting, shapes, time, and comparing weights. The word '數學' at the bottom means math in Chinese."",
    ""description_brief"": ""This is a math activity with numbers, shapes, a clock, and a scale to learn counting and measuring."",
    ""needs_inspection"": false,
    ""reason"": """"
}"
extra_cards/activities/breakfast2.jpg,activities,"{""en"":""Eating breakfast"",""zh"":""吃早餐"",""yue"":""食早餐"",""ko"":""아침 식사하기""}",JPEG,596,596,A child with orange hair is sitting at a brown table. They are wearing a red shirt and holding a spoon over a green bowl of food. The child is smiling and ready to eat.,qwen3-vl-plus,Child eating breakfast with a spoon at a table.,False,False,,"{
    ""en"": ""Eating breakfast"",
    ""zh"": ""吃早餐"",
    ""yue"": ""食早餐"",
    ""ko"": ""아침 식사하기"",
    ""description"": ""A child with orange hair is sitting at a brown table. They are wearing a red shirt and holding a spoon over a green bowl of food. The child is smiling and ready to eat."",
    ""description_brief"": ""Child eating breakfast with a spoon at a table."",
    ""needs_inspection"": false,
    ""reason"": """"
}"
extra_cards/clothes/5-15水鞋.jpg,clothes,"{""en"":""Rain boots"",""zh"":""雨靴"",""yue"":""水鞋"",""ko"":""장화""}",JPEG,756,1051,These are yellow rain boots. They are made to keep feet dry when walking in water or mud. The soles have bumps to help prevent slipping.,qwen3-vl-plus,Yellow rain boots to wear in puddles or wet places.,False,False,,"{
    ""en"": ""Rain boots"",
    ""zh"": ""雨靴"",
    ""yue"": ""水鞋"",
    ""ko"": ""장화"",
    ""description"": ""These are yellow rain boots. They are made to keep feet dry when walking in water or mud. The soles have bumps to help prevent slipping."",
    ""description_brief"": ""Yellow rain boots to wear in puddles or wet places."",
    ""needs_inspection"": false,
    ""reason"": """"
}"
extra_cards/activities/13a-16做功課.jpg,activities,"{""en"":""Doing homework"",""zh"":""做功课"",""yue"":""做功課"",""ko"":""숙제하기""}",JPEG,756,1051,A child is sitting at a brown desk and writing in a notebook with a red pencil. There is an open book with colorful pages to the left and a blue eraser to the right. The child is wearing a white shirt with a small picture on the pocket.,qwen3-vl-plus,Child doing homework at a desk with a pencil and books.,False,False,,"{
    ""en"": ""Doing homework"",
    ""zh"": ""做功课"",
    ""yue"": ""做功課"",
    ""ko"": ""숙제하기"",
    ""description"": ""A child is sitting at a brown desk and writing in a notebook with a red pencil. There is an open book with colorful pages to the left and a blue eraser to the right. The child is wearing a white shirt with a small picture on the pocket."",
    ""description_brief"": ""Child doing homework at a desk with a pencil and books."",
    ""needs_inspection"": false,
    ""reason"": """"
}"
extra_cards/activities/13b-04洗手.jpg,activities,"{""en"":""Wash hands"",""zh"":""洗手"",""yue"":""洗手"",""ko"":""손 씻기""}",JPEG,756,1051,"This image shows two hands under running water from a faucet over a sink. The water is flowing and splashing lightly as the hands are placed together under the stream. This is a clear, simple picture of washing hands, which helps keep germs away.",qwen3-vl-plus,Wash your hands with water from the faucet.,False,False,,"{
    ""en"": ""Wash hands"",
    ""zh"": ""洗手"",
    ""yue"": ""洗手"",
    ""ko"": ""손 씻기"",
    ""description"": ""This image shows two hands under running water from a faucet over a sink. The water is flowing and splashing lightly as the hands are placed together under the stream. This is a clear, simple picture of washing hands, which helps keep germs away."",
    ""description_brief"": ""Wash your hands with water from the faucet."",
    ""needs_inspection"": false,
    ""reason"": """"
}"
extra_cards/toy/4-14遊戲機.jpg,toy,"{""en"":""Game Boy"",""zh"":""游戏机"",""yue"":""遊戲機"",""ko"":""게임기""}",JPEG,756,1051,"This is a red handheld game console called Game Boy. It has a screen at the top, a black cross-shaped button on the left, and two round buttons on the right. Below the screen are two small rectangular buttons labeled A and B.",qwen3-vl-plus,A red handheld game console with buttons and a screen.,False,False,,"{
    ""en"": ""Game Boy"",
    ""zh"": ""游戏机"",
    ""yue"": ""遊戲機"",
    ""ko"": ""게임기"",
    ""description"": ""This is a red handheld game console called Game Boy. It has a screen at the top, a black cross-shaped button on the left, and two round buttons on the right. Below the screen are two small rectangular buttons labeled A and B."",
    ""description_brief"": ""A red handheld game console with buttons and a screen."",
    ""needs_inspection"": false,
    ""reason"": """"
}"
extra_cards/food/果醬.jpg,food,"{""en"":""Jam"",""zh"":""果酱"",""yue"":""果醬"",""ko"":""잼""}",JPEG,756,1051,"This is a jar of red jam with a yellow lid. The label shows strawberries and bread with jam on it. The jam looks thick and sweet, and it is used to spread on food.",qwen3-vl-plus,A jar of strawberry jam for spreading on bread or toast.,False,False,,"{
    ""en"": ""Jam"",
    ""zh"": ""果酱"",
    ""yue"": ""果醬"",
    ""ko"": ""잼"",
    ""description"": ""This is a jar of red jam with a yellow lid. The label shows strawberries and bread with jam on it. The jam looks thick and sweet, and it is used to spread on food."",
    ""description_brief"": ""A jar of strawberry jam for spreading on bread or toast."",
    ""needs_inspection"": false,
    ""reason"": """"
}"
extra_cards/activities/brush teeth1.jpg,activities,"{""en"":""brush teeth"",""zh"":""刷牙"",""yue"":""刷牙"",""ko"":""이를 닦다""}",JPEG,596,596,A boy with yellow hair is standing in front of a blue sink. He is holding a green toothbrush and brushing his teeth. The words '刷牙' are written below the picture to show what he is doing.,qwen3-vl-plus,A boy is brushing his teeth at the sink.,False,False,,"{
    ""en"": ""brush teeth"",
    ""zh"": ""刷牙"",
    ""yue"": ""刷牙"",
    ""ko"": ""이를 닦다"",
    ""description"": ""A boy with yellow hair is standing in front of a blue sink. He is holding a green toothbrush and brushing his teeth. The words '刷牙' are written below the picture to show what he is doing."",
    ""description_brief"": ""A boy is brushing his teeth at the sink."",
    ""needs_inspection"": false,
    ""reason"": """"
}"
extra_cards/activities/13b-05抹手.jpg,activities,"{""en"":""Wipe hands"",""zh"":""抹手"",""yue"":""抺手"",""ko"":""손 닦기""}",JPEG,756,1051,"The image shows a child wearing a yellow shirt holding a light blue cloth. The child is using the cloth to wipe their hands. This is a simple, clear action that helps with hygiene after eating or playing.",qwen3-vl-plus,A child wiping their hands with a cloth.,False,False,,"{
    ""en"": ""Wipe hands"",
    ""zh"": ""抹手"",
    ""yue"": ""抺手"",
    ""ko"": ""손 닦기"",
    ""description"": ""The image shows a child wearing a yellow shirt holding a light blue cloth. The child is using the cloth to wipe their hands. This is a simple, clear action that helps with hygiene after eating or playing."",
    ""description_brief"": ""A child wiping their hands with a cloth."",
    ""needs_inspection"": false,
    ""reason"": """"
}"
extra_cards/stationery/Pencil5.jpg,stationery,"{""en"":""Pencil5"",""zh"":""铅笔5"",""yue"":""鉛筆5"",""ko"":""연필5""}",JPEG,744,492,This is a drawing of an orange pencil with a pink eraser and green metal band. The pencil has a sharp point for writing or drawing. It is shown at an angle on a white background.,qwen3-vl-plus,"An orange pencil with a pink eraser, good for writing or drawing.",False,False,,"{
    ""en"": ""Pencil5"",
    ""zh"": ""铅笔5"",
    ""yue"": ""鉛筆5"",
    ""ko"": ""연필5"",
    ""description"": ""This is a drawing of an orange pencil with a pink eraser and green metal band. The pencil has a sharp point for writing or drawing. It is shown at an angle on a white background."",
    ""description_brief"": ""An orange pencil with a pink eraser, good for writing or drawing."",
    ""needs_inspection"": false,
    ""reason"": """"
}"
extra_cards/people/girl-3.jpg,people,"{""en"":""girl-3"",""zh"":""女孩-3"",""yue"":""女孩-3"",""ko"":""여자아이-3""}",JPEG,258,583,"This is a drawing of a girl with short black hair. She is wearing a white shirt with a collar, a blue skirt, white socks, and gray shoes. Her hands are at her sides and she is smiling.",qwen3-vl-plus,A girl with short black hair wearing a white shirt and blue skirt.,False,False,,"{
    ""en"": ""girl-3"",
    ""zh"": ""女孩-3"",
    ""yue"": ""女孩-3"",
    ""ko"": ""여자아이-3"",
    ""description"": ""This is a drawing of a girl with short black hair. She is wearing a white shirt with a collar, a blue skirt, white socks, and gray shoes. Her hands are at her sides and she is smiling."",
    ""description_brief"": ""A girl with short black hair wearing a white shirt and blue skirt."",
    ""needs_inspection"": false,
    ""reason"": """"
}"
extra_cards/stationery/Book5.jpg,stationery,"{""en"":""Red dictionary book"",""zh"":""红色字典书"",""yue"":""紅色字典書"",""ko"":""빨간 사전 책""}",JPEG,822,1102,This is a red hardcover book with many pages. The cover says 'hugo' and 'French Dictionary'. The pages are cream-colored and slightly curved from being opened.,qwen3-vl-plus,A red dictionary book with white text on the cover.,False,False,,"{
    ""en"": ""Red dictionary book"",
    ""zh"": ""红色字典书"",
    ""yue"": ""紅色字典書"",
    ""ko"": ""빨간 사전 책"",
    ""description"": ""This is a red hardcover book with many pages. The cover says 'hugo' and 'French Dictionary'. The pages are cream-colored and slightly curved from being opened."",
    ""description_brief"": ""A red dictionary book with white text on the cover."",
    ""needs_inspection"": false,
    ""reason"": """"
}"
extra_cards/activities/mental maths.jpg,activities,"{""en"":""mental maths"",""zh"":""心算"",""yue"":""心算"",""ko"":""암산""}",JPEG,596,596,"This image shows a thought bubble with the numbers 1, 2, and 3 in different colors. Below it, the Chinese characters '心算' mean doing math in your head. This is used to help children understand mental calculation activities.",qwen3-vl-plus,"Doing math in your head using numbers like 1, 2, and 3.",False,False,,"{
    ""en"": ""mental maths"",
    ""zh"": ""心算"",
    ""yue"": ""心算"",
    ""ko"": ""암산"",
    ""description"": ""This image shows a thought bubble with the numbers 1, 2, and 3 in different colors. Below it, the Chinese characters '心算' mean doing math in your head. This is used to help children understand mental calculation activities."",
    ""description_brief"": ""Doing math in your head using numbers like 1, 2, and 3."",
    ""needs_inspection"": false,
    ""reason"": """"
}"
extra_cards/people/girl-4.jpg,people,"{""en"":""girl-4"",""zh"":""女孩-4"",""yue"":""女孩-4"",""ko"":""여자아이-4""}",JPEG,209,625,"This is a drawing of a girl with black hair in two pigtails. She is wearing a pink dress, white socks, and gray shoes. Her hand is on her hip and she is smiling.",qwen3-vl-plus,A girl with pigtails wearing a pink dress and smiling.,False,False,,"{
    ""en"": ""girl-4"",
    ""zh"": ""女孩-4"",
    ""yue"": ""女孩-4"",
    ""ko"": ""여자아이-4"",
    ""description"": ""This is a drawing of a girl with black hair in two pigtails. She is wearing a pink dress, white socks, and gray shoes. Her hand is on her hip and she is smiling."",
    ""description_brief"": ""A girl with pigtails wearing a pink dress and smiling."",
    ""needs_inspection"": false,
    ""reason"": """"
}"
extra_cards/activities/13b-06梳頭.jpg,activities,"{""en"":""Combing hair"",""zh"":""梳头"",""yue"":""梳頭"",""ko"":""머리 빗기""}",JPEG,756,1051,A child is using a green comb to brush their black hair. They are wearing a red shirt with an orange collar and looking forward calmly. This activity helps keep hair neat and clean.,qwen3-vl-plus,The child is combing their hair with a green comb.,False,False,,"{
    ""en"": ""Combing hair"",
    ""zh"": ""梳头"",
    ""yue"": ""梳頭"",
    ""ko"": ""머리 빗기"",
    ""description"": ""A child is using a green comb to brush their black hair. They are wearing a red shirt with an orange collar and looking forward calmly. This activity helps keep hair neat and clean."",
    ""description_brief"": ""The child is combing their hair with a green comb."",
    ""needs_inspection"": false,
    ""reason"": """"
}"
extra_cards/activities/music.jpg,activities,"{""en"":""Music Class"",""zh"":""音乐课"",""yue"":""音樂課"",""ko"":""음악 수업""}",JPEG,596,596,"This image shows a child singing with musical notes coming from their mouth. There are three musical instruments: maracas, a drum with drumsticks, and a tambourine. The text at the bottom says 'Music Class' in Chinese characters.",qwen3-vl-plus,A child is singing and playing musical instruments in music class.,False,False,,"{
    ""en"": ""Music Class"",
    ""zh"": ""音乐课"",
    ""yue"": ""音樂課"",
    ""ko"": ""음악 수업"",
    ""description"": ""This image shows a child singing with musical notes coming from their mouth. There are three musical instruments: maracas, a drum with drumsticks, and a tambourine. The text at the bottom says 'Music Class' in Chinese characters."",
    ""description_brief"": ""A child is singing and playing musical instruments in music class."",
    ""needs_inspection"": false,
    ""reason"": """"
}"
extra_cards/toy/4-15棋.jpg,toy,"{""en"":""Board Game"",""zh"":""棋盘游戏"",""yue"":""棋盤遊戲"",""ko"":""보드 게임""}",JPEG,756,1051,"This is a colorful board game with a winding path and different colored spaces. There are small animal pieces and a die with numbers to help players move around the board. The game is designed for fun and simple play, using bright colors and clear shapes.",qwen3-vl-plus,A colorful board game with animals and a die to play with friends or family.,False,False,,"{
    ""en"": ""Board Game"",
    ""zh"": ""棋盘游戏"",
    ""yue"": ""棋盤遊戲"",
    ""ko"": ""보드 게임"",
    ""description"": ""This is a colorful board game with a winding path and different colored spaces. There are small animal pieces and a die with numbers to help players move around the board. The game is designed for fun and simple play, using bright colors and clear shapes."",
    ""description_brief"": ""A colorful board game with animals and a die to play with friends or family."",
    ""needs_inspection"": false,
    ""reason"": """"
}"
extra_cards/activities/13a-15睡覺.jpg,activities,"{""en"":""Sleeping"",""zh"":""睡觉"",""yue"":""睡覺"",""ko"":""잠자기""}",JPEG,756,1051,"The image shows a child lying in bed with eyes closed, resting on a light blue pillow. The child is covered with a blue blanket and wearing an orange shirt. This picture represents the activity of sleeping, which is calm and quiet.",qwen3-vl-plus,A child is sleeping in bed under a blanket.,False,False,,"{
    ""en"": ""Sleeping"",
    ""zh"": ""睡觉"",
    ""yue"": ""睡覺"",
    ""ko"": ""잠자기"",
    ""description"": ""The image shows a child lying in bed with eyes closed, resting on a light blue pillow. The child is covered with a blue blanket and wearing an orange shirt. This picture represents the activity of sleeping, which is calm and quiet."",
    ""description_brief"": ""A child is sleeping in bed under a blanket."",
    ""needs_inspection"": false,
    ""reason"": """"
}"
extra_cards/food/柑.jpg,food,"{""en"":""Tangerine"",""zh"":""柑"",""yue"":""柑"",""ko"":""귤""}",JPEG,756,1051,This is a tangerine. It is round and orange with small dots on the skin. The top has a small stem area with lines coming out from it.,qwen3-vl-plus,A round orange fruit called a tangerine.,False,False,,"{
    ""en"": ""Tangerine"",
    ""zh"": ""柑"",
    ""yue"": ""柑"",
    ""ko"": ""귤"",
    ""description"": ""This is a tangerine. It is round and orange with small dots on the skin. The top has a small stem area with lines coming out from it."",
    ""description_brief"": ""A round orange fruit called a tangerine."",
    ""needs_inspection"": false,
    ""reason"": """"
}"
extra_cards/food/柚子.jpg,food,"{""en"":""Pomelo"",""zh"":""柚子"",""yue"":""柚子"",""ko"":""포멜로""}",JPEG,756,1051,"This is a pomelo, a large citrus fruit with green skin and yellow flesh. The image shows one whole pomelo and one slice beside it. Pomelos are sweet and juicy, and you can eat them by peeling off the thick skin.",qwen3-vl-plus,A big green fruit called pomelo with sweet yellow inside.,False,False,,"{
    ""en"": ""Pomelo"",
    ""zh"": ""柚子"",
    ""yue"": ""柚子"",
    ""ko"": ""포멜로"",
    ""description"": ""This is a pomelo, a large citrus fruit with green skin and yellow flesh. The image shows one whole pomelo and one slice beside it. Pomelos are sweet and juicy, and you can eat them by peeling off the thick skin."",
    ""description_brief"": ""A big green fruit called pomelo with sweet yellow inside."",
    ""needs_inspection"": false,
    ""reason"": """"
}"
extra_cards/stationery/Pencil6.jpg,stationery,"{""en"":""Pencil6"",""zh"":""铅笔6"",""yue"":""鉛筆6"",""ko"":""연필6""}",JPEG,1028,756,"This is a green pencil with a pink eraser on top. The eraser is held by a gold metal band. The pencil is smooth and straight, and it is not sharpened at the writing end.",qwen3-vl-plus,A green pencil with a pink eraser and gold band.,False,False,,"{
    ""en"": ""Pencil6"",
    ""zh"": ""铅笔6"",
    ""yue"": ""鉛筆6"",
    ""ko"": ""연필6"",
    ""description"": ""This is a green pencil with a pink eraser on top. The eraser is held by a gold metal band. The pencil is smooth and straight, and it is not sharpened at the writing end."",
    ""description_brief"": ""A green pencil with a pink eraser and gold band."",
    ""needs_inspection"": false,
    ""reason"": """"
}"
extra_cards/stationery/Book6.jpg,stationery,"{""en"":""The Book of Answers by Carol Bolt"",""zh"":""卡罗尔·博尔特的《答案之书》"",""yue"":""卡羅爾·博爾特嘅《答案之書》"",""ko"":""캐롤 볼트의 '답변의 책'""}",JPEG,1142,904,"This is a black hardcover book with gold lettering on the front. The title is 'The Book of Answers' and the author is Carol Bolt. The pages are thick and off-white, and the book looks sturdy and well-made.",qwen3-vl-plus,A black book with gold words that says 'The Book of Answers'.,False,False,,"{
    ""en"": ""The Book of Answers by Carol Bolt"",
    ""zh"": ""卡罗尔·博尔特的《答案之书》"",
    ""yue"": ""卡羅爾·博爾特嘅《答案之書》"",
    ""ko"": ""캐롤 볼트의 '답변의 책'"",
    ""description"": ""This is a black hardcover book with gold lettering on the front. The title is 'The Book of Answers' and the author is Carol Bolt. The pages are thick and off-white, and the book looks sturdy and well-made."",
    ""description_brief"": ""A black book with gold words that says 'The Book of Answers'."",
    ""needs_inspection"": false,
    ""reason"": """"
}"
extra_cards/activities/brush teeth2.jpg,activities,"{""en"":""brush teeth"",""zh"":""刷牙"",""yue"":""刷牙"",""ko"":""이를 닦다""}",JPEG,596,596,"A child with orange hair is standing in front of a blue sink. They are holding a red toothbrush and brushing their teeth. The child is wearing a white shirt, gray skirt, and white boots.",qwen3-vl-plus,A child is brushing their teeth at the sink.,False,False,,"{
    ""en"": ""brush teeth"",
    ""zh"": ""刷牙"",
    ""yue"": ""刷牙"",
    ""ko"": ""이를 닦다"",
    ""description"": ""A child with orange hair is standing in front of a blue sink. They are holding a red toothbrush and brushing their teeth. The child is wearing a white shirt, gray skirt, and white boots."",
    ""description_brief"": ""A child is brushing their teeth at the sink."",
    ""needs_inspection"": false,
    ""reason"": """"
}"
extra_cards/toy/4-16印仔.jpg,toy,"{""en"":""Stamp"",""zh"":""印章"",""yue"":""印仔"",""ko"":""도장""}",JPEG,756,1051,"This image shows a yellow bunny-shaped stamp pressing onto paper. There is an open ink pad with blue ink next to it. Three blue bunny prints are visible on the paper, showing how the stamp works.",qwen3-vl-plus,A bunny stamp makes blue bunny prints on paper using an ink pad.,False,False,,"{
    ""en"": ""Stamp"",
    ""zh"": ""印章"",
    ""yue"": ""印仔"",
    ""ko"": ""도장"",
    ""description"": ""This image shows a yellow bunny-shaped stamp pressing onto paper. There is an open ink pad with blue ink next to it. Three blue bunny prints are visible on the paper, showing how the stamp works."",
    ""description_brief"": ""A bunny stamp makes blue bunny prints on paper using an ink pad."",
    ""needs_inspection"": false,
    ""reason"": """"
}"
extra_cards/stationery/Pens.jpg,stationery,"{""en"":""Pens"",""zh"":""笔"",""yue"":""筆"",""ko"":""펜""}",JPEG,1472,970,"This image shows many colorful pens lying on a white surface. Each pen has a clear plastic body and a colored cap. The pens are in different colors like blue, green, pink, red, yellow, orange, purple, black, and teal.",qwen3-vl-plus,Colorful pens for writing or drawing.,False,False,,"{
    ""en"": ""Pens"",
    ""zh"": ""笔"",
    ""yue"": ""筆"",
    ""ko"": ""펜"",
    ""description"": ""This image shows many colorful pens lying on a white surface. Each pen has a clear plastic body and a colored cap. The pens are in different colors like blue, green, pink, red, yellow, orange, purple, black, and teal."",
    ""description_brief"": ""Colorful pens for writing or drawing."",
    ""needs_inspection"": false,
    ""reason"": """"
}"
extra_cards/stationery/Book7.jpg,stationery,"{""en"":""Book7"",""zh"":""书7"",""yue"":""書7"",""ko"":""책7""}",JPEG,1020,1102,This is a red book with a smooth cover. The pages inside are white and thick. It is closed and standing upright on a white background.,qwen3-vl-plus,"A red book with white pages, standing up.",False,False,,"{
    ""en"": ""Book7"",
    ""zh"": ""书7"",
    ""yue"": ""書7"",
    ""ko"": ""책7"",
    ""description"": ""This is a red book with a smooth cover. The pages inside are white and thick. It is closed and standing upright on a white background."",
    ""description_brief"": ""A red book with white pages, standing up."",
    ""needs_inspection"": false,
    ""reason"": """"
}"
extra_cards/clothes/5-17書包.jpg,clothes,"{""en"":""Backpack"",""zh"":""书包"",""yue"":""書包"",""ko"":""가방""}",JPEG,756,1051,This is a green backpack with two shoulder straps. It has pink buckles on the front to close it. The backpack is drawn in a simple style with clear lines and bright colors.,qwen3-vl-plus,A green backpack with pink buckles for carrying school items.,False,False,,"{
    ""en"": ""Backpack"",
    ""zh"": ""书包"",
    ""yue"": ""書包"",
    ""ko"": ""가방"",
    ""description"": ""This is a green backpack with two shoulder straps. It has pink buckles on the front to close it. The backpack is drawn in a simple style with clear lines and bright colors."",
    ""description_brief"": ""A green backpack with pink buckles for carrying school items."",
    ""needs_inspection"": false,
    ""reason"": """"
}"
extra_cards/clothes/5-16帽.jpg,clothes,"{""en"":""Hat"",""zh"":""帽"",""yue"":""帽"",""ko"":""모자""}",JPEG,756,1051,"This is a colorful hat with a yellow top, red and blue stripes in the middle, and a green brim. It has a small green button on top and a curved visor at the front. The hat is drawn with thick black outlines to make it easy to see.",qwen3-vl-plus,"A colorful hat with yellow, red, blue, and green parts.",False,False,,"{
    ""en"": ""Hat"",
    ""zh"": ""帽"",
    ""yue"": ""帽"",
    ""ko"": ""모자"",
    ""description"": ""This is a colorful hat with a yellow top, red and blue stripes in the middle, and a green brim. It has a small green button on top and a curved visor at the front. The hat is drawn with thick black outlines to make it easy to see."",
    ""description_brief"": ""A colorful hat with yellow, red, blue, and green parts."",
    ""needs_inspection"": false,
    ""reason"": """"
}"
extra_cards/people/girl-5.jpg,people,"{""en"":""girl-5"",""zh"":""女孩-5"",""yue"":""女孩-5"",""ko"":""소녀-5""}",JPEG,300,606,"This image shows a girl with red curly hair. She is wearing an orange shirt with green trim, green shorts with orange trim, white socks, and orange shoes. She is standing with one hand on her hip and smiling.",qwen3-vl-plus,A girl with red hair wearing an orange and green outfit is standing and smiling.,False,False,,"{
    ""en"": ""girl-5"",
    ""zh"": ""女孩-5"",
    ""yue"": ""女孩-5"",
    ""ko"": ""소녀-5"",
    ""description"": ""This image shows a girl with red curly hair. She is wearing an orange shirt with green trim, green shorts with orange trim, white socks, and orange shoes. She is standing with one hand on her hip and smiling."",
    ""description_brief"": ""A girl with red hair wearing an orange and green outfit is standing and smiling."",
    ""needs_inspection"": false,
    ""reason"": """"
}"
extra_cards/activities/13a-27抹檯.jpg,activities,"{""en"":""Wipe table"",""zh"":""擦桌子"",""yue"":""抹檯"",""ko"":""테이블 닦기""}",JPEG,756,1051,A child is sitting at a brown table and wiping its surface with a white cloth. The child is wearing a yellow shirt and blue pants. This activity helps keep the table clean and tidy.,qwen3-vl-plus,Child wiping a table with a cloth.,False,False,,"{
    ""en"": ""Wipe table"",
    ""zh"": ""擦桌子"",
    ""yue"": ""抹檯"",
    ""ko"": ""테이블 닦기"",
    ""description"": ""A child is sitting at a brown table and wiping its surface with a white cloth. The child is wearing a yellow shirt and blue pants. This activity helps keep the table clean and tidy."",
    ""description_brief"": ""Child wiping a table with a cloth."",
    ""needs_inspection"": false,
    ""reason"": """"
}"
extra_cards/activities/13a-14食飯.jpg,activities,"{""en"":""Eating meal"",""zh"":""吃饭"",""yue"":""食飯"",""ko"":""식사하기""}",JPEG,756,1051,"A child is sitting at a brown table with food. There is rice in a red bowl, fish on a yellow plate, chicken on a green plate, and vegetables on a red plate. The child is smiling and holding a spoon.",qwen3-vl-plus,"A child is eating a meal with rice, fish, chicken, and vegetables.",False,False,,"{
    ""en"": ""Eating meal"",
    ""zh"": ""吃饭"",
    ""yue"": ""食飯"",
    ""ko"": ""식사하기"",
    ""description"": ""A child is sitting at a brown table with food. There is rice in a red bowl, fish on a yellow plate, chicken on a green plate, and vegetables on a red plate. The child is smiling and holding a spoon."",
    ""description_brief"": ""A child is eating a meal with rice, fish, chicken, and vegetables."",
    ""needs_inspection"": false,
    ""reason"": """"
}"
extra_cards/people/grandparents-1.jpg,people,"{""en"":""grandparents-1"",""zh"":""祖父母-1"",""yue"":""爺爺奶奶-1"",""ko"":""할아버지 할머니-1""}",JPEG,551,734,"This image shows an older man and woman standing together. The woman wears a pink sweater with 'I ❤️ Vegas' on it, light blue pants, and brown shoes. The man wears a green sweater, gray pants, and brown shoes. They are holding hands and smiling.",qwen3-vl-plus,An older man and woman holding hands and smiling.,False,False,,"{
    ""en"": ""grandparents-1"",
    ""zh"": ""祖父母-1"",
    ""yue"": ""爺爺奶奶-1"",
    ""ko"": ""할아버지 할머니-1"",
    ""description"": ""This image shows an older man and woman standing together. The woman wears a pink sweater with 'I ❤️ Vegas' on it, light blue pants, and brown shoes. The man wears a green sweater, gray pants, and brown shoes. They are holding hands and smiling."",
    ""description_brief"": ""An older man and woman holding hands and smiling."",
    ""needs_inspection"": false,
    ""reason"": """"
}"
extra_cards/activities/open-4704.jpg,activities,"{""en"":""open"",""zh"":""开"",""yue"":""開"",""ko"":""열기""}",JPEG,402,502,A girl in a yellow dress is standing in front of a wooden door. She is holding the door handle and pulling the door open. The word '開' is written below the image to show the action.,qwen3-vl-plus,A girl opens a door.,False,False,,"{
    ""en"": ""open"",
    ""zh"": ""开"",
    ""yue"": ""開"",
    ""ko"": ""열기"",
    ""description"": ""A girl in a yellow dress is standing in front of a wooden door. She is holding the door handle and pulling the door open. The word '開' is written below the image to show the action."",
    ""description_brief"": ""A girl opens a door."",
    ""needs_inspection"": false,
    ""reason"": """"
}"
extra_cards/stationery/Books.jpg,stationery,"{""en"":""Books"",""zh"":""书本"",""yue"":""書本"",""ko"":""책""}",JPEG,1254,1098,"This image shows a stack of four books. The top book is black with white pages. The other books have different colored covers, including red and blue. The books are stacked unevenly on top of each other.",qwen3-vl-plus,A pile of books stacked together.,False,False,,"{
    ""en"": ""Books"",
    ""zh"": ""书本"",
    ""yue"": ""書本"",
    ""ko"": ""책"",
    ""description"": ""This image shows a stack of four books. The top book is black with white pages. The other books have different colored covers, including red and blue. The books are stacked unevenly on top of each other."",
    ""description_brief"": ""A pile of books stacked together."",
    ""needs_inspection"": false,
    ""reason"": """"
}"
extra_cards/toy/4-17貼紙.jpg,toy,"{""en"":""Stickers"",""zh"":""贴纸"",""yue"":""貼紙"",""ko"":""스티커""}",JPEG,756,1051,"This image shows two sheets of stickers. One sheet has yellow smiley faces with different expressions. The other sheet has pictures of fruits like apples, bananas, and watermelon. These stickers are colorful and easy to see.",qwen3-vl-plus,Colorful stickers with smiley faces and fruit pictures.,False,False,,"{
    ""en"": ""Stickers"",
    ""zh"": ""贴纸"",
    ""yue"": ""貼紙"",
    ""ko"": ""스티커"",
    ""description"": ""This image shows two sheets of stickers. One sheet has yellow smiley faces with different expressions. The other sheet has pictures of fruits like apples, bananas, and watermelon. These stickers are colorful and easy to see."",
    ""description_brief"": ""Colorful stickers with smiley faces and fruit pictures."",
    ""needs_inspection"": false,
    ""reason"": """"
}"
extra_cards/stationery/Post-it notes.jpg,stationery,"{""en"":""Post-it notes"",""zh"":""便利贴"",""yue"":""便利貼"",""ko"":""포스트잇""}",JPEG,1200,808,"A hand is holding a yellow sticky note with writing on it. The note says 'Call Ben on 9426 1183'. Behind the note, there are more stacks of yellow sticky notes and a brown backing sheet with instructions.",qwen3-vl-plus,"A yellow sticky note with a phone number written on it, held by a hand.",False,False,,"{
    ""en"": ""Post-it notes"",
    ""zh"": ""便利贴"",
    ""yue"": ""便利貼"",
    ""ko"": ""포스트잇"",
    ""description"": ""A hand is holding a yellow sticky note with writing on it. The note says 'Call Ben on 9426 1183'. Behind the note, there are more stacks of yellow sticky notes and a brown backing sheet with instructions."",
    ""description_brief"": ""A yellow sticky note with a phone number written on it, held by a hand."",
    ""needs_inspection"": false,
    ""reason"": """"
}"
extra_cards/food/梨.jpg,food,"{""en"":""Pear"",""zh"":""梨"",""yue"":""梨"",""ko"":""배""}",JPEG,756,1051,This is a yellow pear with a green leaf on top. It has a smooth surface and small dots on its skin. Pears are sweet fruits that you can eat as a snack.,qwen3-vl-plus,"A yellow pear with a green leaf, good for eating.",False,False,,"{
    ""en"": ""Pear"",
    ""zh"": ""梨"",
    ""yue"": ""梨"",
    ""ko"": ""배"",
    ""description"": ""This is a yellow pear with a green leaf on top. It has a smooth surface and small dots on its skin. Pears are sweet fruits that you can eat as a snack."",
    ""description_brief"": ""A yellow pear with a green leaf, good for eating."",
    ""needs_inspection"": false,
    ""reason"": """"
}"
extra_cards/activities/bus time.jpg,activities,"{""en"":""bus"",""zh"":""巴士"",""yue"":""巴士"",""ko"":""버스""}",JPEG,596,596,"This is a red bus with black wheels and windows along the side. It has a door at the front for people to get on and off. The bus is shown from the side, so you can see its full length.",qwen3-vl-plus,"A red bus with windows and wheels, ready to take people places.",False,False,,"{
    ""en"": ""bus"",
    ""zh"": ""巴士"",
    ""yue"": ""巴士"",
    ""ko"": ""버스"",
    ""description"": ""This is a red bus with black wheels and windows along the side. It has a door at the front for people to get on and off. The bus is shown from the side, so you can see its full length."",
    ""description_brief"": ""A red bus with windows and wheels, ready to take people places."",
    ""needs_inspection"": false,
    ""reason"": """"
}"
extra_cards/activities/13a-11買.jpg,activities,"{""en"":""Buy"",""zh"":""买"",""yue"":""買"",""ko"":""구매""}",JPEG,756,1051,This image shows people at a store checkout. A woman is giving money to a cashier while holding a shopping cart. Another woman and child are waiting with their own cart nearby.,qwen3-vl-plus,People are buying things at the store checkout.,False,False,,"{
    ""en"": ""Buy"",
    ""zh"": ""买"",
    ""yue"": ""買"",
    ""ko"": ""구매"",
    ""description"": ""This image shows people at a store checkout. A woman is giving money to a cashier while holding a shopping cart. Another woman and child are waiting with their own cart nearby."",
    ""description_brief"": ""People are buying things at the store checkout."",
    ""needs_inspection"": false,
    ""reason"": """"
}"
extra_cards/activities/13a-26洗碗.jpg,activities,"{""en"":""Washing dishes"",""zh"":""洗碗"",""yue"":""洗碗"",""ko"":""그릇 씻기""}",JPEG,756,1051,"A child with curly black hair is washing dishes. They are wearing a yellow shirt, pink apron, and red gloves. Bubbles and water are around the dishes they are cleaning.",qwen3-vl-plus,A child is washing dishes with soap and water.,False,False,,"{
    ""en"": ""Washing dishes"",
    ""zh"": ""洗碗"",
    ""yue"": ""洗碗"",
    ""ko"": ""그릇 씻기"",
    ""description"": ""A child with curly black hair is washing dishes. They are wearing a yellow shirt, pink apron, and red gloves. Bubbles and water are around the dishes they are cleaning."",
    ""description_brief"": ""A child is washing dishes with soap and water."",
    ""needs_inspection"": false,
    ""reason"": """"
}"
extra_cards/people/mother-1.jpg,people,"{""en"":""mother-1"",""zh"":""妈妈-1"",""yue"":""媽媽-1"",""ko"":""엄마-1""}",JPEG,551,414,This image shows a woman holding a baby. The woman has brown hair and is wearing a purple shirt. The baby is wrapped in a yellow blanket and is smiling.,qwen3-vl-plus,A mom is holding her happy baby.,False,False,,"{
    ""en"": ""mother-1"",
    ""zh"": ""妈妈-1"",
    ""yue"": ""媽媽-1"",
    ""ko"": ""엄마-1"",
    ""description"": ""This image shows a woman holding a baby. The woman has brown hair and is wearing a purple shirt. The baby is wrapped in a yellow blanket and is smiling."",
    ""description_brief"": ""A mom is holding her happy baby."",
    ""needs_inspection"": false,
    ""reason"": """"
}"
extra_cards/activities/calendar-1.jpg,activities,"{""en"":""calendar-1"",""zh"":""日历-1"",""yue"":""月曆-1"",""ko"":""달력-1""}",JPEG,531,171,This is a calendar with numbers from 1 to 30 arranged in rows. Each number is inside its own square box. The calendar stands up on a black base so you can see it clearly.,qwen3-vl-plus,A standing calendar showing numbers 1 to 30 for tracking days.,False,False,,"{
    ""en"": ""calendar-1"",
    ""zh"": ""日历-1"",
    ""yue"": ""月曆-1"",
    ""ko"": ""달력-1"",
    ""description"": ""This is a calendar with numbers from 1 to 30 arranged in rows. Each number is inside its own square box. The calendar stands up on a black base so you can see it clearly."",
    ""description_brief"": ""A standing calendar showing numbers 1 to 30 for tracking days."",
    ""needs_inspection"": false,
    ""reason"": """"
}"
extra_cards/activities/outdoor activities.jpg,activities,"{""en"":""Outdoor Activities"",""zh"":""户外活动"",""yue"":""戶外活動"",""ko"":""외부 활동""}",JPEG,596,596,"This image shows a bright yellow sun with a happy face and spiky rays. Below the sun, there are Chinese characters that mean 'outdoor activities'. The picture is simple and clear, designed to help children understand it easily.",qwen3-vl-plus,A smiling sun with text that says 'outdoor activities' for easy understanding.,False,False,,"{
    ""en"": ""Outdoor Activities"",
    ""zh"": ""户外活动"",
    ""yue"": ""戶外活動"",
    ""ko"": ""외부 활동"",
    ""description"": ""This image shows a bright yellow sun with a happy face and spiky rays. Below the sun, there are Chinese characters that mean 'outdoor activities'. The picture is simple and clear, designed to help children understand it easily."",
    ""description_brief"": ""A smiling sun with text that says 'outdoor activities' for easy understanding."",
    ""needs_inspection"": false,
    ""reason"": """"
}"
extra_cards/clothes/5-18頸巾.jpg,clothes,"{""en"":""Scarf"",""zh"":""围巾"",""yue"":""頸巾"",""ko"":""목도리""}",JPEG,756,1051,This is a scarf. It is long and blue with purple ends and orange and yellow fringe. People wear it around their neck to stay warm.,qwen3-vl-plus,A blue scarf with purple ends and colorful fringe to keep you warm.,False,False,,"{
    ""en"": ""Scarf"",
    ""zh"": ""围巾"",
    ""yue"": ""頸巾"",
    ""ko"": ""목도리"",
    ""description"": ""This is a scarf. It is long and blue with purple ends and orange and yellow fringe. People wear it around their neck to stay warm."",
    ""description_brief"": ""A blue scarf with purple ends and colorful fringe to keep you warm."",
    ""needs_inspection"": false,
    ""reason"": """"
}"
extra_cards/transportation/6-01私家車.jpg,transportation,"{""en"":""Private car"",""zh"":""私家车"",""yue"":""私家車"",""ko"":""승용차""}",JPEG,756,1051,This is a blue private car with four wheels and windows. It has a front grille and headlights. The car is drawn in a simple style to help children recognize it easily.,qwen3-vl-plus,A blue private car for personal use.,False,False,,"{
    ""en"": ""Private car"",
    ""zh"": ""私家车"",
    ""yue"": ""私家車"",
    ""ko"": ""승용차"",
    ""description"": ""This is a blue private car with four wheels and windows. It has a front grille and headlights. The car is drawn in a simple style to help children recognize it easily."",
    ""description_brief"": ""A blue private car for personal use."",
    ""needs_inspection"": false,
    ""reason"": """"
}"
extra_cards/food/柿.jpg,food,"{""en"":""Persimmon"",""zh"":""柿子"",""yue"":""柿子"",""ko"":""감""}",JPEG,756,1051,This is a persimmon. It is orange and round with a green leafy top. Persimmons are sweet fruits that you can eat when they are soft.,qwen3-vl-plus,An orange fruit called a persimmon with a green leaf on top.,False,False,,"{
    ""en"": ""Persimmon"",
    ""zh"": ""柿子"",
    ""yue"": ""柿子"",
    ""ko"": ""감"",
    ""description"": ""This is a persimmon. It is orange and round with a green leafy top. Persimmons are sweet fruits that you can eat when they are soft."",
    ""description_brief"": ""An orange fruit called a persimmon with a green leaf on top."",
    ""needs_inspection"": false,
    ""reason"": """"
}"
extra_cards/stationery/Bulldog clips.jpg,stationery,"{""en"":""Bulldog clips"",""zh"":""长尾夹"",""yue"":""長尾夾"",""ko"":""클립""}",JPEG,480,310,"These are black bulldog clips with silver metal handles. They open and close to hold papers together. They are smooth and strong, and you can use them to keep your papers neat.",qwen3-vl-plus,Black clips that hold papers together.,False,False,,"{
    ""en"": ""Bulldog clips"",
    ""zh"": ""长尾夹"",
    ""yue"": ""長尾夾"",
    ""ko"": ""클립"",
    ""description"": ""These are black bulldog clips with silver metal handles. They open and close to hold papers together. They are smooth and strong, and you can use them to keep your papers neat."",
    ""description_brief"": ""Black clips that hold papers together."",
    ""needs_inspection"": false,
    ""reason"": """"
}"
extra_cards/stationery/Protractor.jpg,stationery,"{""en"":""Protractor"",""zh"":""量角器"",""yue"":""量角器"",""ko"":""각도기""}",JPEG,908,668,"This is a red protractor used to measure angles. It has numbers from 0 to 180 on both sides, and lines to help you see the angle clearly. You can place it on paper to measure how wide or narrow an angle is.",qwen3-vl-plus,A red tool for measuring angles from 0 to 180 degrees.,False,False,,"{
    ""en"": ""Protractor"",
    ""zh"": ""量角器"",
    ""yue"": ""量角器"",
    ""ko"": ""각도기"",
    ""description"": ""This is a red protractor used to measure angles. It has numbers from 0 to 180 on both sides, and lines to help you see the angle clearly. You can place it on paper to measure how wide or narrow an angle is."",
    ""description_brief"": ""A red tool for measuring angles from 0 to 180 degrees."",
    ""needs_inspection"": false,
    ""reason"": """"
}"
extra_cards/people/oldman-1.jpg,people,"{""en"":""oldman-1"",""zh"":""老人-1"",""yue"":""老人-1"",""ko"":""노인-1""}",JPEG,401,801,"This image shows an older man with a white beard and bald head. He is standing and holding a wooden walking stick for support. He is wearing a light brown shirt, dark brown pants, and brown shoes.",qwen3-vl-plus,An old man with a white beard holding a walking stick.,False,False,,"{
    ""en"": ""oldman-1"",
    ""zh"": ""老人-1"",
    ""yue"": ""老人-1"",
    ""ko"": ""노인-1"",
    ""description"": ""This image shows an older man with a white beard and bald head. He is standing and holding a wooden walking stick for support. He is wearing a light brown shirt, dark brown pants, and brown shoes."",
    ""description_brief"": ""An old man with a white beard holding a walking stick."",
    ""needs_inspection"": false,
    ""reason"": """"
}"
extra_cards/activities/13a-13倒.jpg,activities,"{""en"":""Pouring"",""zh"":""倒"",""yue"":""倒"",""ko"":""부어 넣기""}",JPEG,756,1051,A child is pouring milk from a carton into a blue cup. The child is sitting at a brown table and wearing a yellow shirt. This action shows how to carefully move liquid from one container to another.,qwen3-vl-plus,The child is pouring milk into a cup.,False,False,,"{
    ""en"": ""Pouring"",
    ""zh"": ""倒"",
    ""yue"": ""倒"",
    ""ko"": ""부어 넣기"",
    ""description"": ""A child is pouring milk from a carton into a blue cup. The child is sitting at a brown table and wearing a yellow shirt. This action shows how to carefully move liquid from one container to another."",
    ""description_brief"": ""The child is pouring milk into a cup."",
    ""needs_inspection"": false,
    ""reason"": """"
}"
extra_cards/activities/carpet time.jpg,activities,"{""en"":""Carpet Time"",""zh"":""地毯时间"",""yue"":""地毯時間"",""ko"":""카펫 타임""}",JPEG,596,596,This image shows a colorful rug with patterns and tassels on the sides. It is used for sitting during group activities like story time or circle time. The bright colors and clear shapes help children focus and feel calm.,qwen3-vl-plus,A colorful rug for sitting together during group activities.,False,False,,"{
    ""en"": ""Carpet Time"",
    ""zh"": ""地毯时间"",
    ""yue"": ""地毯時間"",
    ""ko"": ""카펫 타임"",
    ""description"": ""This image shows a colorful rug with patterns and tassels on the sides. It is used for sitting during group activities like story time or circle time. The bright colors and clear shapes help children focus and feel calm."",
    ""description_brief"": ""A colorful rug for sitting together during group activities."",
    ""needs_inspection"": false,
    ""reason"": """"
}"
extra_cards/activities/13a-12點頭.jpg,activities,"{""en"":""Nodding head"",""zh"":""点头"",""yue"":""點頭"",""ko"":""고개 끄덕이기""}",JPEG,756,1051,The image shows a child with short black hair and a green shirt. The child is smiling and moving their head up and down to show agreement or understanding. A curved line near the head shows the motion of nodding.,qwen3-vl-plus,A child is nodding their head to say yes or agree.,False,False,,"{
    ""en"": ""Nodding head"",
    ""zh"": ""点头"",
    ""yue"": ""點頭"",
    ""ko"": ""고개 끄덕이기"",
    ""description"": ""The image shows a child with short black hair and a green shirt. The child is smiling and moving their head up and down to show agreement or understanding. A curved line near the head shows the motion of nodding."",
    ""description_brief"": ""A child is nodding their head to say yes or agree."",
    ""needs_inspection"": false,
    ""reason"": """"
}"
extra_cards/stationery/Clippers.jpg,stationery,"{""en"":""Scissors"",""zh"":""剪刀"",""yue"":""剪刀"",""ko"":""가위""}",JPEG,916,1200,"This is a small pair of scissors with orange plastic handles. The blades are made of metal and are sharp for cutting paper or thin materials. A person is holding them gently in their hand, showing how they fit comfortably.",qwen3-vl-plus,Orange-handled scissors for cutting paper.,False,False,,"{
    ""en"": ""Scissors"",
    ""zh"": ""剪刀"",
    ""yue"": ""剪刀"",
    ""ko"": ""가위"",
    ""description"": ""This is a small pair of scissors with orange plastic handles. The blades are made of metal and are sharp for cutting paper or thin materials. A person is holding them gently in their hand, showing how they fit comfortably."",
    ""description_brief"": ""Orange-handled scissors for cutting paper."",
    ""needs_inspection"": false,
    ""reason"": """"
}"
extra_cards/clothes/5-19手襪.jpg,clothes,"{""en"":""Gloves"",""zh"":""手套"",""yue"":""手套"",""ko"":""장갑""}",JPEG,756,1051,This image shows a pair of blue gloves with green cuffs. Gloves cover your hands to keep them warm or protected. They have five finger holes so each finger can fit inside.,qwen3-vl-plus,These are blue gloves with green edges to wear on your hands.,False,False,,"{
    ""en"": ""Gloves"",
    ""zh"": ""手套"",
    ""yue"": ""手套"",
    ""ko"": ""장갑"",
    ""description"": ""This image shows a pair of blue gloves with green cuffs. Gloves cover your hands to keep them warm or protected. They have five finger holes so each finger can fit inside."",
    ""description_brief"": ""These are blue gloves with green edges to wear on your hands."",
    ""needs_inspection"": false,
    ""reason"": """"
}"
extra_cards/activities/church.jpg,activities,"{""en"":""church"",""zh"":""教堂"",""yue"":""教堂"",""ko"":""교회""}",JPEG,596,596,This image shows a gray stone building with a tall tower and arched windows. The windows have colorful stained glass in rainbow patterns. There is a wooden door at the bottom of the tower.,qwen3-vl-plus,A church with colorful windows and a tall tower.,False,False,,"{
    ""en"": ""church"",
    ""zh"": ""教堂"",
    ""yue"": ""教堂"",
    ""ko"": ""교회"",
    ""description"": ""This image shows a gray stone building with a tall tower and arched windows. The windows have colorful stained glass in rainbow patterns. There is a wooden door at the bottom of the tower."",
    ""description_brief"": ""A church with colorful windows and a tall tower."",
    ""needs_inspection"": false,
    ""reason"": """"
}"
extra_cards/activities/painting.jpg,activities,"{""en"":""painting"",""zh"":""画画"",""yue"":""畫畫"",""ko"":""그림 그리기""}",JPEG,596,596,"This image shows a wooden easel with a white paper on it. On the paper, there is a simple drawing of a smiling face with curly hair. Below the paper, there are four small cups with paintbrushes in red, blue, green, and yellow paint.",qwen3-vl-plus,A child is painting a happy face on paper using an easel and colorful paints.,False,False,,"{
    ""en"": ""painting"",
    ""zh"": ""画画"",
    ""yue"": ""畫畫"",
    ""ko"": ""그림 그리기"",
    ""description"": ""This image shows a wooden easel with a white paper on it. On the paper, there is a simple drawing of a smiling face with curly hair. Below the paper, there are four small cups with paintbrushes in red, blue, green, and yellow paint."",
    ""description_brief"": ""A child is painting a happy face on paper using an easel and colorful paints."",
    ""needs_inspection"": false,
    ""reason"": """"
}"
extra_cards/stationery/Register.jpg,stationery,"{""en"":""Register"",""zh"":""登记簿"",""yue"":""登記冊"",""ko"":""등록부""}",JPEG,796,1200,"This is a notebook with lines and red columns. It has handwritten names, numbers, and notes. A black pen is lying on top, tied with a string to the wall.",qwen3-vl-plus,A notebook with writing and a pen tied to it.,False,False,,"{
    ""en"": ""Register"",
    ""zh"": ""登记簿"",
    ""yue"": ""登記冊"",
    ""ko"": ""등록부"",
    ""description"": ""This is a notebook with lines and red columns. It has handwritten names, numbers, and notes. A black pen is lying on top, tied with a string to the wall."",
    ""description_brief"": ""A notebook with writing and a pen tied to it."",
    ""needs_inspection"": false,
    ""reason"": """"
}"
extra_cards/food/棉花糖.jpg,food,"{""en"":""Cotton candy"",""zh"":""棉花糖"",""yue"":""棉花糖"",""ko"":""솜사탕""}",JPEG,756,1051,"This image shows cotton candy in different forms. There is a wrapped pink package, two round yellow pieces, and two stick-shaped pieces that are pink and blue. Cotton candy is sweet and soft, often eaten at fairs or parties.",qwen3-vl-plus,"Cotton candy is a sweet, fluffy treat that comes in many colors and shapes.",False,False,,"{
    ""en"": ""Cotton candy"",
    ""zh"": ""棉花糖"",
    ""yue"": ""棉花糖"",
    ""ko"": ""솜사탕"",
    ""description"": ""This image shows cotton candy in different forms. There is a wrapped pink package, two round yellow pieces, and two stick-shaped pieces that are pink and blue. Cotton candy is sweet and soft, often eaten at fairs or parties."",
    ""description_brief"": ""Cotton candy is a sweet, fluffy treat that comes in many colors and shapes."",
    ""needs_inspection"": false,
    ""reason"": """"
}"
extra_cards/transportation/6-02船.jpg,transportation,"{""en"":""Boat"",""zh"":""船"",""yue"":""船"",""ko"":""배""}",JPEG,756,1051,"This is a green boat with a red stripe floating on blue water. It has a white cabin with windows and a smokestack releasing gray smoke. The boat is simple and colorful, designed to be easy to recognize.",qwen3-vl-plus,A green boat with smoke coming out of its chimney.,False,False,,"{
    ""en"": ""Boat"",
    ""zh"": ""船"",
    ""yue"": ""船"",
    ""ko"": ""배"",
    ""description"": ""This is a green boat with a red stripe floating on blue water. It has a white cabin with windows and a smokestack releasing gray smoke. The boat is simple and colorful, designed to be easy to recognize."",
    ""description_brief"": ""A green boat with smoke coming out of its chimney."",
    ""needs_inspection"": false,
    ""reason"": """"
}"
extra_cards/food/楊桃.jpg,food,"{""en"":""Starfruit"",""zh"":""杨桃"",""yue"":""楊桃"",""ko"":""스타프루트""}",JPEG,756,1051,"This is a starfruit. It is yellow and has five ridges on the outside. When you cut it into slices, each piece looks like a star.",qwen3-vl-plus,A yellow fruit that looks like a star when sliced.,False,False,,"{
    ""en"": ""Starfruit"",
    ""zh"": ""杨桃"",
    ""yue"": ""楊桃"",
    ""ko"": ""스타프루트"",
    ""description"": ""This is a starfruit. It is yellow and has five ridges on the outside. When you cut it into slices, each piece looks like a star."",
    ""description_brief"": ""A yellow fruit that looks like a star when sliced."",
    ""needs_inspection"": false,
    ""reason"": """"
}"
extra_cards/stationery/Color pencils.jpg,stationery,"{""en"":""Color pencils"",""zh"":""彩色铅笔"",""yue"":""彩色鉛筆"",""ko"":""색연필""}",JPEG,720,478,"The image shows six colored pencils lying on a white background. Each pencil is a different color: red, blue, green, pink, purple, and black. The pencils are sharpened and ready to use for drawing or coloring.",qwen3-vl-plus,Six colorful pencils for drawing and coloring.,False,False,,"{
    ""en"": ""Color pencils"",
    ""zh"": ""彩色铅笔"",
    ""yue"": ""彩色鉛筆"",
    ""ko"": ""색연필"",
    ""description"": ""The image shows six colored pencils lying on a white background. Each pencil is a different color: red, blue, green, pink, purple, and black. The pencils are sharpened and ready to use for drawing or coloring."",
    ""description_brief"": ""Six colorful pencils for drawing and coloring."",
    ""needs_inspection"": false,
    ""reason"": """"
}"
extra_cards/activities/13a-24煮飯.jpg,activities,"{""en"":""Cooking rice"",""zh"":""煮饭"",""yue"":""煮飯"",""ko"":""밥을 짓다""}",JPEG,756,1051,"A girl with black curly hair is cooking in a wok on a stove. She is wearing a pink apron over a yellow shirt and holding a spatula. Steam is rising from the wok, showing that the food is hot.",qwen3-vl-plus,A girl is cooking food in a wok on a stove.,False,False,,"{
    ""en"": ""Cooking rice"",
    ""zh"": ""煮饭"",
    ""yue"": ""煮飯"",
    ""ko"": ""밥을 짓다"",
    ""description"": ""A girl with black curly hair is cooking in a wok on a stove. She is wearing a pink apron over a yellow shirt and holding a spatula. Steam is rising from the wok, showing that the food is hot."",
    ""description_brief"": ""A girl is cooking food in a wok on a stove."",
    ""needs_inspection"": false,
    ""reason"": """"
}"
extra_cards/activities/park.jpg,activities,"{""en"":""Hiking"",""zh"":""爬山"",""yue"":""行山"",""ko"":""등산""}",JPEG,596,596,"This image shows a green park with many trees, two benches, and colorful flower beds. The ground is grassy and flat, making it easy to walk on. The Chinese text at the bottom says '爬山', which means hiking or climbing a hill.",qwen3-vl-plus,"A park with trees, benches, and flowers for hiking.",False,False,,"{
    ""en"": ""Hiking"",
    ""zh"": ""爬山"",
    ""yue"": ""行山"",
    ""ko"": ""등산"",
    ""description"": ""This image shows a green park with many trees, two benches, and colorful flower beds. The ground is grassy and flat, making it easy to walk on. The Chinese text at the bottom says '爬山', which means hiking or climbing a hill."",
    ""description_brief"": ""A park with trees, benches, and flowers for hiking."",
    ""needs_inspection"": false,
    ""reason"": """"
}"
extra_cards/transportation/6-03飛機.jpg,transportation,"{""en"":""Airplane"",""zh"":""飞机"",""yue"":""飛機"",""ko"":""비행기""}",JPEG,756,1051,"This is a drawing of an airplane. It has wings, a tail, and engines under the wings. The airplane is white with green stripes and windows along the side.",qwen3-vl-plus,A white airplane with green stripes that flies in the sky.,False,False,,"{
    ""en"": ""Airplane"",
    ""zh"": ""飞机"",
    ""yue"": ""飛機"",
    ""ko"": ""비행기"",
    ""description"": ""This is a drawing of an airplane. It has wings, a tail, and engines under the wings. The airplane is white with green stripes and windows along the side."",
    ""description_brief"": ""A white airplane with green stripes that flies in the sky."",
    ""needs_inspection"": false,
    ""reason"": """"
}"
extra_cards/clothes/5-20泳衣.jpg,clothes,"{""en"":""Swimsuit"",""zh"":""泳衣"",""yue"":""泳衣"",""ko"":""수영복""}",JPEG,756,1051,This is a blue swimsuit with orange sides. It has thin straps over the shoulders and covers the body from chest to upper legs. It is designed for swimming in water.,qwen3-vl-plus,A blue and orange swimsuit for swimming.,False,False,,"{
    ""en"": ""Swimsuit"",
    ""zh"": ""泳衣"",
    ""yue"": ""泳衣"",
    ""ko"": ""수영복"",
    ""description"": ""This is a blue swimsuit with orange sides. It has thin straps over the shoulders and covers the body from chest to upper legs. It is designed for swimming in water."",
    ""description_brief"": ""A blue and orange swimsuit for swimming."",
    ""needs_inspection"": false,
    ""reason"": """"
}"
extra_cards/people/parents-1.jpg,people,"{""en"":""parents-1"",""zh"":""父母-1"",""yue"":""父母-1"",""ko"":""부모-1""}",JPEG,501,801,This image shows two adults standing close together. The man has brown hair and is wearing a blue shirt and dark pants. The woman has curly blonde hair and is wearing a pink top and light blue pants. They are holding each other gently.,qwen3-vl-plus,"A man and a woman standing together, holding each other.",False,False,,"{
    ""en"": ""parents-1"",
    ""zh"": ""父母-1"",
    ""yue"": ""父母-1"",
    ""ko"": ""부모-1"",
    ""description"": ""This image shows two adults standing close together. The man has brown hair and is wearing a blue shirt and dark pants. The woman has curly blonde hair and is wearing a pink top and light blue pants. They are holding each other gently."",
    ""description_brief"": ""A man and a woman standing together, holding each other."",
    ""needs_inspection"": false,
    ""reason"": """"
}"
extra_cards/clothes/5-21泳褲.jpg,clothes,"{""en"":""Swim trunks"",""zh"":""泳裤"",""yue"":""泳褲"",""ko"":""수영복 바지""}",JPEG,756,1051,This is a pair of blue swim trunks with a purple side panel. They are short and made for swimming. The waistband is elastic and fits snugly around the body.,qwen3-vl-plus,Blue swim trunks for swimming.,False,False,,"{
    ""en"": ""Swim trunks"",
    ""zh"": ""泳裤"",
    ""yue"": ""泳褲"",
    ""ko"": ""수영복 바지"",
    ""description"": ""This is a pair of blue swim trunks with a purple side panel. They are short and made for swimming. The waistband is elastic and fits snugly around the body."",
    ""description_brief"": ""Blue swim trunks for swimming."",
    ""needs_inspection"": false,
    ""reason"": """"
}"
extra_cards/stationery/Rubber bands.jpg,stationery,"{""en"":""Rubber bands"",""zh"":""橡皮筋"",""yue"":""橡皮筋"",""ko"":""고무 밴드""}",JPEG,600,285,"These are brown rubber bands. They are stretchy and can be used to hold things together. They are small, flat, and circular.",qwen3-vl-plus,Brown rubber bands for holding items together.,False,False,,"{
    ""en"": ""Rubber bands"",
    ""zh"": ""橡皮筋"",
    ""yue"": ""橡皮筋"",
    ""ko"": ""고무 밴드"",
    ""description"": ""These are brown rubber bands. They are stretchy and can be used to hold things together. They are small, flat, and circular."",
    ""description_brief"": ""Brown rubber bands for holding items together."",
    ""needs_inspection"": false,
    ""reason"": """"
}"
extra_cards/activities/pe.jpg,activities,"{""en"":""Physical Education Class"",""zh"":""体育课"",""yue"":""體育課"",""ko"":""체육 수업""}",JPEG,596,596,"This image shows children doing different physical activities in PE class. Some are running, jumping, skipping rope, or playing with a ball. Everyone is wearing comfortable clothes for moving and exercising.",qwen3-vl-plus,Kids are doing fun exercises and games in PE class.,False,False,,"{
    ""en"": ""Physical Education Class"",
    ""zh"": ""体育课"",
    ""yue"": ""體育課"",
    ""ko"": ""체육 수업"",
    ""description"": ""This image shows children doing different physical activities in PE class. Some are running, jumping, skipping rope, or playing with a ball. Everyone is wearing comfortable clothes for moving and exercising."",
    ""description_brief"": ""Kids are doing fun exercises and games in PE class."",
    ""needs_inspection"": false,
    ""reason"": """"
}"
extra_cards/food/榴槤.jpg,food,"{""en"":""Durian"",""zh"":""榴莲"",""yue"":""榴槤"",""ko"":""두리안""}",JPEG,756,1051,"This is a durian fruit. It has a hard, spiky green-brown shell and soft, yellow flesh inside. Some people like its taste, but it has a very strong smell.",qwen3-vl-plus,A spiky fruit with yellow inside called durian.,False,False,,"{
    ""en"": ""Durian"",
    ""zh"": ""榴莲"",
    ""yue"": ""榴槤"",
    ""ko"": ""두리안"",
    ""description"": ""This is a durian fruit. It has a hard, spiky green-brown shell and soft, yellow flesh inside. Some people like its taste, but it has a very strong smell."",
    ""description_brief"": ""A spiky fruit with yellow inside called durian."",
    ""needs_inspection"": false,
    ""reason"": """"
}"
extra_cards/clothes/apron.jpg,clothes,"{""en"":""apron"",""zh"":""围裙"",""yue"":""圍裙"",""ko"":""앞치마""}",JPEG,451,338,This is a white apron with yellow trim and ties. It has a scalloped edge at the bottom and a yellow waistband. People wear it to keep their clothes clean while cooking or doing messy jobs.,qwen3-vl-plus,A white apron with yellow edges to wear while cooking.,False,False,,"{
    ""en"": ""apron"",
    ""zh"": ""围裙"",
    ""yue"": ""圍裙"",
    ""ko"": ""앞치마"",
    ""description"": ""This is a white apron with yellow trim and ties. It has a scalloped edge at the bottom and a yellow waistband. People wear it to keep their clothes clean while cooking or doing messy jobs."",
    ""description_brief"": ""A white apron with yellow edges to wear while cooking."",
    ""needs_inspection"": false,
    ""reason"": """"
}"
extra_cards/activities/pe-1.jpg,activities,"{""en"":""Two children jumping with arms up"",""zh"":""两个孩子举着手跳跃"",""yue"":""兩個小朋友舉手跳高"",""ko"":""팔을 들어 올리고 뛰는 두 아이""}",JPEG,531,171,"The image shows two children standing on brown circles. One child has red hair and wears a blue shirt with a yellow cat face. The other child has orange hair, pink bows, and an orange shirt with a yellow smiley face. Both children have their arms raised high and are smiling.",qwen3-vl-plus,Two happy kids jumping with arms up.,False,False,,"{
    ""en"": ""Two children jumping with arms up"",
    ""zh"": ""两个孩子举着手跳跃"",
    ""yue"": ""兩個小朋友舉手跳高"",
    ""ko"": ""팔을 들어 올리고 뛰는 두 아이"",
    ""description"": ""The image shows two children standing on brown circles. One child has red hair and wears a blue shirt with a yellow cat face. The other child has orange hair, pink bows, and an orange shirt with a yellow smiley face. Both children have their arms raised high and are smiling."",
    ""description_brief"": ""Two happy kids jumping with arms up."",
    ""needs_inspection"": false,
    ""reason"": """"
}"
extra_cards/stationery/Color pencils2.jpg,stationery,"{""en"":""Color pencils"",""zh"":""彩色铅笔"",""yue"":""彩色鉛筆"",""ko"":""색연필""}",JPEG,720,480,"The image shows several colored pencils lying on a white background. Each pencil has a different color, including red, green, pink, blue, gray, orange, and yellow. The pencils are sharpened at one end and ready to use for drawing or coloring.",qwen3-vl-plus,A group of colorful pencils ready for drawing.,False,False,,"{
    ""en"": ""Color pencils"",
    ""zh"": ""彩色铅笔"",
    ""yue"": ""彩色鉛筆"",
    ""ko"": ""색연필"",
    ""description"": ""The image shows several colored pencils lying on a white background. Each pencil has a different color, including red, green, pink, blue, gray, orange, and yellow. The pencils are sharpened at one end and ready to use for drawing or coloring."",
    ""description_brief"": ""A group of colorful pencils ready for drawing."",
    ""needs_inspection"": false,
    ""reason"": """"
}"
extra_cards/people/厨师.jpg,people,"{""en"":""Chef"",""zh"":""厨师"",""yue"":""廚師"",""ko"":""요리사""}",JPEG,551,414,"This image shows a person wearing a white chef’s hat and coat. They are smiling and holding a wooden spoon in one hand and a gray pot in the other. The background is light green, and the person looks happy while cooking.",qwen3-vl-plus,A happy chef holding a spoon and a pot.,False,False,,"{
    ""en"": ""Chef"",
    ""zh"": ""厨师"",
    ""yue"": ""廚師"",
    ""ko"": ""요리사"",
    ""description"": ""This image shows a person wearing a white chef’s hat and coat. They are smiling and holding a wooden spoon in one hand and a gray pot in the other. The background is light green, and the person looks happy while cooking."",
    ""description_brief"": ""A happy chef holding a spoon and a pot."",
    ""needs_inspection"": false,
    ""reason"": """"
}"
extra_cards/transportation/6-04巴士.jpg,transportation,"{""en"":""Bus"",""zh"":""巴士"",""yue"":""巴士"",""ko"":""버스""}",JPEG,756,1051,"This is a brown double-decker bus with two levels of windows. The front sign says '中環7' in red, which means it goes to Central and is route number 7. It has big wheels and clear glass windows so people can see outside.",qwen3-vl-plus,A brown double-decker bus that takes people on route 7 to Central.,False,False,,"{
    ""en"": ""Bus"",
    ""zh"": ""巴士"",
    ""yue"": ""巴士"",
    ""ko"": ""버스"",
    ""description"": ""This is a brown double-decker bus with two levels of windows. The front sign says '中環7' in red, which means it goes to Central and is route number 7. It has big wheels and clear glass windows so people can see outside."",
    ""description_brief"": ""A brown double-decker bus that takes people on route 7 to Central."",
    ""needs_inspection"": false,
    ""reason"": """"
}"
extra_cards/food/橙.jpg,food,"{""en"":""Orange"",""zh"":""橙"",""yue"":""橙"",""ko"":""오렌지""}",JPEG,756,1051,This is a round orange fruit with a bright orange peel. It has small white dots on the surface and a small dark spot at the top. The fruit is drawn simply with clear lines to make it easy to recognize.,qwen3-vl-plus,"A round, orange-colored fruit called an orange.",False,False,,"{
    ""en"": ""Orange"",
    ""zh"": ""橙"",
    ""yue"": ""橙"",
    ""ko"": ""오렌지"",
    ""description"": ""This is a round orange fruit with a bright orange peel. It has small white dots on the surface and a small dark spot at the top. The fruit is drawn simply with clear lines to make it easy to recognize."",
    ""description_brief"": ""A round, orange-colored fruit called an orange."",
    ""needs_inspection"": false,
    ""reason"": """"
}"
extra_cards/stationery/Rubber stamp.jpg,stationery,"{""en"":""Rubber stamp"",""zh"":""橡皮印章"",""yue"":""橡皮圖章"",""ko"":""고무 도장""}",JPEG,802,602,"This is a rubber stamp set with a red ink pad, a bottle of black ink, and a handle for pressing. You can use it to make marks on paper by pressing the stamp down. The ink pad holds the ink so the stamp can pick it up easily.",qwen3-vl-plus,A rubber stamp with red ink pad and black ink bottle for making marks on paper.,False,False,,"{
    ""en"": ""Rubber stamp"",
    ""zh"": ""橡皮印章"",
    ""yue"": ""橡皮圖章"",
    ""ko"": ""고무 도장"",
    ""description"": ""This is a rubber stamp set with a red ink pad, a bottle of black ink, and a handle for pressing. You can use it to make marks on paper by pressing the stamp down. The ink pad holds the ink so the stamp can pick it up easily."",
    ""description_brief"": ""A rubber stamp with red ink pad and black ink bottle for making marks on paper."",
    ""needs_inspection"": false,
    ""reason"": """"
}"
extra_cards/activities/13a-25收拾碗筷.jpg,activities,"{""en"":""Clearing dishes and chopsticks"",""zh"":""收拾碗筷"",""yue"":""收拾碗筷"",""ko"":""그릇과 젓가락 정리하기""}",JPEG,756,1051,"A child is standing next to a round brown table. They are holding a green bowl and putting away dishes, including red bowls, a blue bowl with a spoon, and green chopsticks. The child looks happy while doing this task.",qwen3-vl-plus,A child is cleaning up bowls and chopsticks from the table.,False,False,,"{
    ""en"": ""Clearing dishes and chopsticks"",
    ""zh"": ""收拾碗筷"",
    ""yue"": ""收拾碗筷"",
    ""ko"": ""그릇과 젓가락 정리하기"",
    ""description"": ""A child is standing next to a round brown table. They are holding a green bowl and putting away dishes, including red bowls, a blue bowl with a spoon, and green chopsticks. The child looks happy while doing this task."",
    ""description_brief"": ""A child is cleaning up bowls and chopsticks from the table."",
    ""needs_inspection"": false,
    ""reason"": """"
}"
extra_cards/stationery/Rubber thimble.jpg,stationery,"{""en"":""Rubber thimble"",""zh"":""橡胶顶针"",""yue"":""橡膠頂針"",""ko"":""고무 손가락 보호대""}",JPEG,952,1100,"This is a small green rubber cover that fits over one finger. It has tiny bumps on the top to help grip things better. It can be used for writing, drawing, or handling small objects without slipping.",qwen3-vl-plus,A green rubber finger cover with bumps to help hold things securely.,False,False,,"{
    ""en"": ""Rubber thimble"",
    ""zh"": ""橡胶顶针"",
    ""yue"": ""橡膠頂針"",
    ""ko"": ""고무 손가락 보호대"",
    ""description"": ""This is a small green rubber cover that fits over one finger. It has tiny bumps on the top to help grip things better. It can be used for writing, drawing, or handling small objects without slipping."",
    ""description_brief"": ""A green rubber finger cover with bumps to help hold things securely."",
    ""needs_inspection"": false,
    ""reason"": """"
}"
extra_cards/places/12-01廳.jpg,places,"{""en"":""Living Room"",""zh"":""客厅"",""yue"":""廳"",""ko"":""거실""}",JPEG,756,1051,"This is a living room with a purple sofa, a yellow pillow, and a small wooden table. On the table, there is a blue vase with red and yellow flowers. Behind the sofa, there is a window with pink and white curtains.",qwen3-vl-plus,"A cozy living room with a purple sofa, flowers on a table, and curtains by the window.",False,False,,"{
    ""en"": ""Living Room"",
    ""zh"": ""客厅"",
    ""yue"": ""廳"",
    ""ko"": ""거실"",
    ""description"": ""This is a living room with a purple sofa, a yellow pillow, and a small wooden table. On the table, there is a blue vase with red and yellow flowers. Behind the sofa, there is a window with pink and white curtains."",
    ""description_brief"": ""A cozy living room with a purple sofa, flowers on a table, and curtains by the window."",
    ""needs_inspection"": false,
    ""reason"": """"
}"
extra_cards/transportation/6-05的士.jpg,transportation,"{""en"":""Taxi"",""zh"":""出租车"",""yue"":""的士"",""ko"":""택시""}",JPEG,756,1051,"This is a red taxi with a yellow sign on top that says 'TAXI'. It has black wheels, a gray bumper, and light blue windows. The car is drawn in a simple, clear style to help children recognize it easily.",qwen3-vl-plus,A red taxi with a yellow sign on top for riding in the city.,False,False,,"{
    ""en"": ""Taxi"",
    ""zh"": ""出租车"",
    ""yue"": ""的士"",
    ""ko"": ""택시"",
    ""description"": ""This is a red taxi with a yellow sign on top that says 'TAXI'. It has black wheels, a gray bumper, and light blue windows. The car is drawn in a simple, clear style to help children recognize it easily."",
    ""description_brief"": ""A red taxi with a yellow sign on top for riding in the city."",
    ""needs_inspection"": false,
    ""reason"": """"
}"
extra_cards/stationery/Color pencils3.jpg,stationery,"{""en"":""Color pencils"",""zh"":""彩色铅笔"",""yue"":""彩色鉛筆"",""ko"":""색연필""}",JPEG,960,722,"The image shows five colored pencils on a white background. The pencils are red, orange, black, pink, and green. Each pencil has a sharpened tip and is lying in different directions.",qwen3-vl-plus,"Five colored pencils: red, orange, black, pink, and green.",False,False,,"{
    ""en"": ""Color pencils"",
    ""zh"": ""彩色铅笔"",
    ""yue"": ""彩色鉛筆"",
    ""ko"": ""색연필"",
    ""description"": ""The image shows five colored pencils on a white background. The pencils are red, orange, black, pink, and green. Each pencil has a sharpened tip and is lying in different directions."",
    ""description_brief"": ""Five colored pencils: red, orange, black, pink, and green."",
    ""needs_inspection"": false,
    ""reason"": """"
}"
extra_cards/clothes/belt.jpg,clothes,"{""en"":""belt"",""zh"":""皮带"",""yue"":""皮帶"",""ko"":""벨트""}",JPEG,451,338,This is a brown belt with a light-colored buckle. It has holes along one end to adjust the size. The belt is shown in a curved shape against a soft green background.,qwen3-vl-plus,A brown belt with a buckle for wearing around your waist.,False,False,,"{
    ""en"": ""belt"",
    ""zh"": ""皮带"",
    ""yue"": ""皮帶"",
    ""ko"": ""벨트"",
    ""description"": ""This is a brown belt with a light-colored buckle. It has holes along one end to adjust the size. The belt is shown in a curved shape against a soft green background."",
    ""description_brief"": ""A brown belt with a buckle for wearing around your waist."",
    ""needs_inspection"": false,
    ""reason"": """"
}"
extra_cards/places/12-02睡房.jpg,places,"{""en"":""Bedroom"",""zh"":""睡房"",""yue"":""睡房"",""ko"":""침실""}",JPEG,756,1051,"This is a bedroom. It has a bed with blue covers, a small table with a lamp, a tall brown closet, and a window with pink curtains. The walls are light yellow and the floor is also yellow.",qwen3-vl-plus,"A bedroom with a bed, lamp, closet, and window.",False,False,,"{
    ""en"": ""Bedroom"",
    ""zh"": ""睡房"",
    ""yue"": ""睡房"",
    ""ko"": ""침실"",
    ""description"": ""This is a bedroom. It has a bed with blue covers, a small table with a lamp, a tall brown closet, and a window with pink curtains. The walls are light yellow and the floor is also yellow."",
    ""description_brief"": ""A bedroom with a bed, lamp, closet, and window."",
    ""needs_inspection"": false,
    ""reason"": """"
}"
extra_cards/food/橙汁.jpg,food,"{""en"":""Orange juice"",""zh"":""橙汁"",""yue"":""橙汁"",""ko"":""오렌지 주스""}",JPEG,756,1051,"This image shows a glass of orange juice next to a whole orange. The juice is bright orange and fills about half the glass. The orange has a smooth, round shape with small dots on its skin.",qwen3-vl-plus,A glass of orange juice with an orange beside it.,False,False,,"{
    ""en"": ""Orange juice"",
    ""zh"": ""橙汁"",
    ""yue"": ""橙汁"",
    ""ko"": ""오렌지 주스"",
    ""description"": ""This image shows a glass of orange juice next to a whole orange. The juice is bright orange and fills about half the glass. The orange has a smooth, round shape with small dots on its skin."",
    ""description_brief"": ""A glass of orange juice with an orange beside it."",
    ""needs_inspection"": false,
    ""reason"": """"
}"
extra_cards/activities/pickuptoys.png,activities,"{""en"":""pickuptoys"",""zh"":""收拾玩具"",""yue"":""收玩具"",""ko"":""장난감 정리하기""}",PNG,1772,1772,"A girl in pink pajamas is picking up toys from a yellow box. She is holding a teddy bear and a block with the letter B. Other toys like a soccer ball, basketball, and blocks are visible in or near the box.",qwen3-vl-plus,The girl is putting away her toys into a box.,False,False,,"{
    ""en"": ""pickuptoys"",
    ""zh"": ""收拾玩具"",
    ""yue"": ""收玩具"",
    ""ko"": ""장난감 정리하기"",
    ""description"": ""A girl in pink pajamas is picking up toys from a yellow box. She is holding a teddy bear and a block with the letter B. Other toys like a soccer ball, basketball, and blocks are visible in or near the box."",
    ""description_brief"": ""The girl is putting away her toys into a box."",
    ""needs_inspection"": false,
    ""reason"": """"
}"
extra_cards/stationery/Ruler.jpg,stationery,"{""en"":""Ruler"",""zh"":""尺子"",""yue"":""尺"",""ko"":""자""}",JPEG,1200,566,"This is a metal ruler with numbers and lines marked on it. It is used to measure how long or wide something is. The ruler has two sides, one with centimeters and the other with inches.",qwen3-vl-plus,A metal ruler for measuring length in centimeters and inches.,False,False,,"{
    ""en"": ""Ruler"",
    ""zh"": ""尺子"",
    ""yue"": ""尺"",
    ""ko"": ""자"",
    ""description"": ""This is a metal ruler with numbers and lines marked on it. It is used to measure how long or wide something is. The ruler has two sides, one with centimeters and the other with inches."",
    ""description_brief"": ""A metal ruler for measuring length in centimeters and inches."",
    ""needs_inspection"": false,
    ""reason"": """"
}"
extra_cards/clothes/blouse.jpg,clothes,"{""en"":""blouse"",""zh"":""女式衬衫"",""yue"":""女裝襯衫"",""ko"":""블라우스""}",JPEG,451,338,This is a light pink blouse with long sleeves and buttons down the front. It has a collar and cuffs at the wrists. The drawing shows it clearly against a soft green background.,qwen3-vl-plus,A pink button-up blouse with long sleeves and a collar.,False,False,,"{
    ""en"": ""blouse"",
    ""zh"": ""女式衬衫"",
    ""yue"": ""女裝襯衫"",
    ""ko"": ""블라우스"",
    ""description"": ""This is a light pink blouse with long sleeves and buttons down the front. It has a collar and cuffs at the wrists. The drawing shows it clearly against a soft green background."",
    ""description_brief"": ""A pink button-up blouse with long sleeves and a collar."",
    ""needs_inspection"": false,
    ""reason"": """"
}"
extra_cards/food/檸檬.jpg,food,"{""en"":""Lemon"",""zh"":""柠檬"",""yue"":""檸檬"",""ko"":""레몬""}",JPEG,756,1051,"This is a yellow lemon with a smooth, curved shape. It has small dark dots on its skin and a bright yellow color. Lemons are sour fruits often used in drinks or cooking.",qwen3-vl-plus,A yellow lemon that is sour and used in food and drinks.,False,False,,"{
    ""en"": ""Lemon"",
    ""zh"": ""柠檬"",
    ""yue"": ""檸檬"",
    ""ko"": ""레몬"",
    ""description"": ""This is a yellow lemon with a smooth, curved shape. It has small dark dots on its skin and a bright yellow color. Lemons are sour fruits often used in drinks or cooking."",
    ""description_brief"": ""A yellow lemon that is sour and used in food and drinks."",
    ""needs_inspection"": false,
    ""reason"": """"
}"
extra_cards/stationery/Color pencils4.jpg,stationery,"{""en"":""Color pencils"",""zh"":""彩色铅笔"",""yue"":""彩色鉛筆"",""ko"":""색연필""}",JPEG,1200,870,"The image shows ten colored pencils arranged in a fan shape. Each pencil has a different color, including red, yellow, green, blue, brown, and orange. One dark red pencil crosses over the others in the middle.",qwen3-vl-plus,A group of colorful pencils fanned out with one crossing over them.,False,False,,"{
    ""en"": ""Color pencils"",
    ""zh"": ""彩色铅笔"",
    ""yue"": ""彩色鉛筆"",
    ""ko"": ""색연필"",
    ""description"": ""The image shows ten colored pencils arranged in a fan shape. Each pencil has a different color, including red, yellow, green, blue, brown, and orange. One dark red pencil crosses over the others in the middle."",
    ""description_brief"": ""A group of colorful pencils fanned out with one crossing over them."",
    ""needs_inspection"": false,
    ""reason"": """"
}"
extra_cards/transportation/6-06小巴.jpg,transportation,"{""en"":""Minibus"",""zh"":""小巴"",""yue"":""小巴"",""ko"":""마이크로버스""}",JPEG,756,1051,"This is a yellow minibus with a red roof. It has big windows on the side and front, black wheels, and headlights at the front. The word '小巴' is written below it to help identify the vehicle.",qwen3-vl-plus,A yellow minibus with a red roof for transportation.,False,False,,"{
    ""en"": ""Minibus"",
    ""zh"": ""小巴"",
    ""yue"": ""小巴"",
    ""ko"": ""마이크로버스"",
    ""description"": ""This is a yellow minibus with a red roof. It has big windows on the side and front, black wheels, and headlights at the front. The word '小巴' is written below it to help identify the vehicle."",
    ""description_brief"": ""A yellow minibus with a red roof for transportation."",
    ""needs_inspection"": false,
    ""reason"": """"
}"
extra_cards/activities/planners-1.jpg,activities,"{""en"":""Planner and Pen"",""zh"":""计划本和笔"",""yue"":""計劃簿同筆"",""ko"":""플래너와 펜""}",JPEG,521,167,"This image shows an open planner with pages that have lines for writing. A black pen is lying next to it, ready to be used. The planner has colorful tabs to help find different sections easily.",qwen3-vl-plus,A planner and pen for writing down tasks or notes.,False,False,,"{
    ""en"": ""Planner and Pen"",
    ""zh"": ""计划本和笔"",
    ""yue"": ""計劃簿同筆"",
    ""ko"": ""플래너와 펜"",
    ""description"": ""This image shows an open planner with pages that have lines for writing. A black pen is lying next to it, ready to be used. The planner has colorful tabs to help find different sections easily."",
    ""description_brief"": ""A planner and pen for writing down tasks or notes."",
    ""needs_inspection"": false,
    ""reason"": """"
}"
extra_cards/stationery/Compass.jpg,stationery,"{""en"":""Compass"",""zh"":""圆规"",""yue"":""圓規"",""ko"":""컴퍼스""}",JPEG,1233,990,"This is a green compass used for drawing circles. It has two arms: one with a sharp point to hold in place, and the other with a pencil to draw. You can adjust the size of the circle by moving the arms closer or farther apart.",qwen3-vl-plus,A green tool for drawing circles.,False,False,,"{
    ""en"": ""Compass"",
    ""zh"": ""圆规"",
    ""yue"": ""圓規"",
    ""ko"": ""컴퍼스"",
    ""description"": ""This is a green compass used for drawing circles. It has two arms: one with a sharp point to hold in place, and the other with a pencil to draw. You can adjust the size of the circle by moving the arms closer or farther apart."",
    ""description_brief"": ""A green tool for drawing circles."",
    ""needs_inspection"": false,
    ""reason"": """"
}"
extra_cards/transportation/6-07校車.jpg,transportation,"{""en"":""School Bus"",""zh"":""校车"",""yue"":""校車"",""ko"":""학교 버스""}",JPEG,756,1051,This is a white school bus with yellow stripes. It has big windows and black wheels. The words on the side say it is for school private minibus use.,qwen3-vl-plus,A white school bus with yellow stripes for taking students to school.,False,False,,"{
    ""en"": ""School Bus"",
    ""zh"": ""校车"",
    ""yue"": ""校車"",
    ""ko"": ""학교 버스"",
    ""description"": ""This is a white school bus with yellow stripes. It has big windows and black wheels. The words on the side say it is for school private minibus use."",
    ""description_brief"": ""A white school bus with yellow stripes for taking students to school."",
    ""needs_inspection"": false,
    ""reason"": """"
}"
extra_cards/food/檸檬茶.jpg,food,"{""en"":""Lemon Tea"",""zh"":""柠檬茶"",""yue"":""檸檬茶"",""ko"":""레몬차""}",JPEG,756,1051,This is a picture of a yellow drink box with a straw. It has a lemon drawing and the words 'Lemon Tea' on it. The drink is called Lemon Tea and it tastes like lemon and tea.,qwen3-vl-plus,A yellow box of lemon tea with a straw.,False,False,,"{
    ""en"": ""Lemon Tea"",
    ""zh"": ""柠檬茶"",
    ""yue"": ""檸檬茶"",
    ""ko"": ""레몬차"",
    ""description"": ""This is a picture of a yellow drink box with a straw. It has a lemon drawing and the words 'Lemon Tea' on it. The drink is called Lemon Tea and it tastes like lemon and tea."",
    ""description_brief"": ""A yellow box of lemon tea with a straw."",
    ""needs_inspection"": false,
    ""reason"": """"
}"
extra_cards/activities/play outside.jpg,activities,"{""en"":""Play Outside"",""zh"":""去外面玩"",""yue"":""去外面玩"",""ko"":""밖에 놀기""}",JPEG,596,596,"This image shows things you can use to play outside on a sunny day. There is a tree, a bicycle, a soccer ball, and a jump rope. The sun is shining brightly in the sky.",qwen3-vl-plus,"Let’s go outside to play with a bike, ball, or jump rope under the sun.",False,False,,"{
    ""en"": ""Play Outside"",
    ""zh"": ""去外面玩"",
    ""yue"": ""去外面玩"",
    ""ko"": ""밖에 놀기"",
    ""description"": ""This image shows things you can use to play outside on a sunny day. There is a tree, a bicycle, a soccer ball, and a jump rope. The sun is shining brightly in the sky."",
    ""description_brief"": ""Let’s go outside to play with a bike, ball, or jump rope under the sun."",
    ""needs_inspection"": false,
    ""reason"": """"
}"
extra_cards/stationery/Ruler2.jpg,stationery,"{""en"":""Ruler2"",""zh"":""尺子2"",""yue"":""尺子2"",""ko"":""자2""}",JPEG,1710,938,This is a bright orange ruler with black numbers and lines for measuring. It has the words 'TRUST IN THE LORD' printed on it in black letters. The ruler is straight and has measurements from 0 to 30 centimeters.,qwen3-vl-plus,An orange ruler with numbers and the words 'TRUST IN THE LORD'.,False,False,,"{
    ""en"": ""Ruler2"",
    ""zh"": ""尺子2"",
    ""yue"": ""尺子2"",
    ""ko"": ""자2"",
    ""description"": ""This is a bright orange ruler with black numbers and lines for measuring. It has the words 'TRUST IN THE LORD' printed on it in black letters. The ruler is straight and has measurements from 0 to 30 centimeters."",
    ""description_brief"": ""An orange ruler with numbers and the words 'TRUST IN THE LORD'."",
    ""needs_inspection"": false,
    ""reason"": """"
}"
extra_cards/clothes/boots.jpg,clothes,"{""en"":""boots"",""zh"":""靴子"",""yue"":""靴"",""ko"":""부츠""}",JPEG,451,339,These are yellow boots with green parts on the toes and tops. They have black soles and black rims at the top. The boots are standing side by side on a light brown background.,qwen3-vl-plus,Yellow and green boots for wearing on your feet.,False,False,,"{
    ""en"": ""boots"",
    ""zh"": ""靴子"",
    ""yue"": ""靴"",
    ""ko"": ""부츠"",
    ""description"": ""These are yellow boots with green parts on the toes and tops. They have black soles and black rims at the top. The boots are standing side by side on a light brown background."",
    ""description_brief"": ""Yellow and green boots for wearing on your feet."",
    ""needs_inspection"": false,
    ""reason"": """"
}"
extra_cards/stationery/Compass2.jpg,stationery,"{""en"":""Compass2"",""zh"":""圆规2"",""yue"":""圓規2"",""ko"":""컴퍼스2""}",JPEG,1054,834,"This is a drawing compass with red arms, a green handle, and a blue pencil attached. One end has a sharp metal point to hold the compass steady on paper. The other end holds a pencil to draw circles or arcs.",qwen3-vl-plus,A red and green compass with a blue pencil for drawing circles.,False,False,,"{
    ""en"": ""Compass2"",
    ""zh"": ""圆规2"",
    ""yue"": ""圓規2"",
    ""ko"": ""컴퍼스2"",
    ""description"": ""This is a drawing compass with red arms, a green handle, and a blue pencil attached. One end has a sharp metal point to hold the compass steady on paper. The other end holds a pencil to draw circles or arcs."",
    ""description_brief"": ""A red and green compass with a blue pencil for drawing circles."",
    ""needs_inspection"": false,
    ""reason"": """"
}"
extra_cards/food/水.jpg,food,"{""en"":""Water"",""zh"":""水"",""yue"":""水"",""ko"":""물""}",JPEG,756,1051,"This image shows a plastic bottle and a glass, both filled with water. The bottle has a purple label with the Chinese character for water. The glass is clear and shows blue-tinted water inside.",qwen3-vl-plus,A bottle and glass of water.,False,False,,"{
    ""en"": ""Water"",
    ""zh"": ""水"",
    ""yue"": ""水"",
    ""ko"": ""물"",
    ""description"": ""This image shows a plastic bottle and a glass, both filled with water. The bottle has a purple label with the Chinese character for water. The glass is clear and shows blue-tinted water inside."",
    ""description_brief"": ""A bottle and glass of water."",
    ""needs_inspection"": false,
    ""reason"": """"
}"
extra_cards/places/12-04洗手間.jpg,places,"{""en"":""Bathroom"",""zh"":""洗手间"",""yue"":""洗手間"",""ko"":""화장실""}",JPEG,756,1051,"This is a bathroom with a toilet, a sink on the left, and another sink with a mirror on the right. The floor has square tiles, and everything is clean and simple to see. This place is used for using the toilet and washing hands.",qwen3-vl-plus,A bathroom with a toilet and two sinks for washing hands.,False,False,,"{
    ""en"": ""Bathroom"",
    ""zh"": ""洗手间"",
    ""yue"": ""洗手間"",
    ""ko"": ""화장실"",
    ""description"": ""This is a bathroom with a toilet, a sink on the left, and another sink with a mirror on the right. The floor has square tiles, and everything is clean and simple to see. This place is used for using the toilet and washing hands."",
    ""description_brief"": ""A bathroom with a toilet and two sinks for washing hands."",
    ""needs_inspection"": false,
    ""reason"": """"
}"
extra_cards/stationery/Ruler3.jpg,stationery,"{""en"":""Ruler3"",""zh"":""尺子3"",""yue"":""尺3"",""ko"":""자3""}",JPEG,1725,1113,"This is a clear plastic ruler with black numbers and lines. It measures up to 30 centimeters on one side and 12 inches on the other. The words 'Shatter Resistant' are printed on it, meaning it is made to not break easily.",qwen3-vl-plus,A clear ruler that measures in centimeters and inches and does not break easily.,False,False,,"{
    ""en"": ""Ruler3"",
    ""zh"": ""尺子3"",
    ""yue"": ""尺3"",
    ""ko"": ""자3"",
    ""description"": ""This is a clear plastic ruler with black numbers and lines. It measures up to 30 centimeters on one side and 12 inches on the other. The words 'Shatter Resistant' are printed on it, meaning it is made to not break easily."",
    ""description_brief"": ""A clear ruler that measures in centimeters and inches and does not break easily."",
    ""needs_inspection"": false,
    ""reason"": """"
}"
extra_cards/clothes/cap.jpg,clothes,"{""en"":""cap"",""zh"":""帽子"",""yue"":""帽"",""ko"":""모자""}",JPEG,451,338,This is a drawing of a cap. The cap is purple and sits under a red and white beach ball. The beach ball has black lines separating the colors.,qwen3-vl-plus,A purple cap under a red and white beach ball.,False,False,,"{
    ""en"": ""cap"",
    ""zh"": ""帽子"",
    ""yue"": ""帽"",
    ""ko"": ""모자"",
    ""description"": ""This is a drawing of a cap. The cap is purple and sits under a red and white beach ball. The beach ball has black lines separating the colors."",
    ""description_brief"": ""A purple cap under a red and white beach ball."",
    ""needs_inspection"": false,
    ""reason"": """"
}"
extra_cards/clothes/coat.jpg,clothes,"{""en"":""coat"",""zh"":""外套"",""yue"":""外套"",""ko"":""코트""}",JPEG,450,339,This is a yellow coat with red collar and red pockets. It has four green buttons down the front. The sleeves are wide and the shape is simple and clear.,qwen3-vl-plus,A yellow coat with red collar and green buttons.,False,False,,"{
    ""en"": ""coat"",
    ""zh"": ""外套"",
    ""yue"": ""外套"",
    ""ko"": ""코트"",
    ""description"": ""This is a yellow coat with red collar and red pockets. It has four green buttons down the front. The sleeves are wide and the shape is simple and clear."",
    ""description_brief"": ""A yellow coat with red collar and green buttons."",
    ""needs_inspection"": false,
    ""reason"": """"
}"
extra_cards/stationery/Ruler4.jpg,stationery,"{""en"":""Ruler4"",""zh"":""尺子4"",""yue"":""尺4"",""ko"":""자4""}",JPEG,690,96,"This is a ruler with numbers from 1 to 12 on the top and numbers from 2 to 72 on the bottom. It has small lines between the numbers to help measure things accurately. The ruler is long and straight, and it can be used to draw straight lines or measure objects.",qwen3-vl-plus,A long ruler with numbers to measure and draw straight lines.,False,False,,"{
    ""en"": ""Ruler4"",
    ""zh"": ""尺子4"",
    ""yue"": ""尺4"",
    ""ko"": ""자4"",
    ""description"": ""This is a ruler with numbers from 1 to 12 on the top and numbers from 2 to 72 on the bottom. It has small lines between the numbers to help measure things accurately. The ruler is long and straight, and it can be used to draw straight lines or measure objects."",
    ""description_brief"": ""A long ruler with numbers to measure and draw straight lines."",
    ""needs_inspection"": false,
    ""reason"": """"
}"
extra_cards/transportation/6-08單車.jpg,transportation,"{""en"":""Bicycle"",""zh"":""自行车"",""yue"":""單車"",""ko"":""자전거""}",JPEG,756,1051,"This is a green bicycle with yellow handlebars and a yellow seat. It has two black wheels, pedals, and a chain guard. The image is simple and clear, showing the whole bike from the side.",qwen3-vl-plus,A green bicycle with yellow parts for riding.,False,False,,"{
    ""en"": ""Bicycle"",
    ""zh"": ""自行车"",
    ""yue"": ""單車"",
    ""ko"": ""자전거"",
    ""description"": ""This is a green bicycle with yellow handlebars and a yellow seat. It has two black wheels, pedals, and a chain guard. The image is simple and clear, showing the whole bike from the side."",
    ""description_brief"": ""A green bicycle with yellow parts for riding."",
    ""needs_inspection"": false,
    ""reason"": """"
}"
extra_cards/stationery/Ruler5.jpg,stationery,"{""en"":""Ruler"",""zh"":""尺子"",""yue"":""尺"",""ko"":""자""}",JPEG,820,634,This is a wooden ruler with numbers from 1 to 11. It has small lines between the numbers to help measure smaller lengths. The ruler is light brown and lies flat on a white background.,qwen3-vl-plus,A wooden ruler for measuring things.,False,False,,"{
    ""en"": ""Ruler"",
    ""zh"": ""尺子"",
    ""yue"": ""尺"",
    ""ko"": ""자"",
    ""description"": ""This is a wooden ruler with numbers from 1 to 11. It has small lines between the numbers to help measure smaller lengths. The ruler is light brown and lies flat on a white background."",
    ""description_brief"": ""A wooden ruler for measuring things."",
    ""needs_inspection"": false,
    ""reason"": """"
}"
extra_cards/transportation/6-09地鐵.jpg,transportation,"{""en"":""Subway"",""zh"":""地铁"",""yue"":""地鐵"",""ko"":""지하철""}",JPEG,756,1051,This image shows a gray subway train with a red front and windows. The train is on tracks near a station entrance with stairs. The word '地鐵' is written below the picture to help identify it.,qwen3-vl-plus,A gray subway train on tracks near a station.,False,False,,"{
    ""en"": ""Subway"",
    ""zh"": ""地铁"",
    ""yue"": ""地鐵"",
    ""ko"": ""지하철"",
    ""description"": ""This image shows a gray subway train with a red front and windows. The train is on tracks near a station entrance with stairs. The word '地鐵' is written below the picture to help identify it."",
    ""description_brief"": ""A gray subway train on tracks near a station."",
    ""needs_inspection"": false,
    ""reason"": """"
}"
extra_cards/stationery/Correction fluid.jpg,stationery,"{""en"":""Correction fluid"",""zh"":""修正液"",""yue"":""修正液"",""ko"":""수정액""}",JPEG,590,426,This is a small white bottle with a green cap. Inside the cap is a brush used to apply white liquid that covers mistakes on paper. It helps make writing look neat again.,qwen3-vl-plus,White liquid in a bottle to cover up writing mistakes.,False,False,,"{
    ""en"": ""Correction fluid"",
    ""zh"": ""修正液"",
    ""yue"": ""修正液"",
    ""ko"": ""수정액"",
    ""description"": ""This is a small white bottle with a green cap. Inside the cap is a brush used to apply white liquid that covers mistakes on paper. It helps make writing look neat again."",
    ""description_brief"": ""White liquid in a bottle to cover up writing mistakes."",
    ""needs_inspection"": false,
    ""reason"": """"
}"
extra_cards/places/12-05學校.jpg,places,"{""en"":""School"",""zh"":""学校"",""yue"":""學校"",""ko"":""학교""}",JPEG,756,1051,"This image shows a yellow school building with many windows and a gate at the front. The sign above the gate says 'XXX School' in Chinese characters. The sky is blue with white clouds, and there are green bushes near the fence.",qwen3-vl-plus,A yellow school building with a gate and windows under a blue sky.,False,False,,"{
    ""en"": ""School"",
    ""zh"": ""学校"",
    ""yue"": ""學校"",
    ""ko"": ""학교"",
    ""description"": ""This image shows a yellow school building with many windows and a gate at the front. The sign above the gate says 'XXX School' in Chinese characters. The sky is blue with white clouds, and there are green bushes near the fence."",
    ""description_brief"": ""A yellow school building with a gate and windows under a blue sky."",
    ""needs_inspection"": false,
    ""reason"": """"
}"
extra_cards/transportation/6-10火車.jpg,transportation,"{""en"":""Train"",""zh"":""火车"",""yue"":""火車"",""ko"":""기차""}",JPEG,756,1051,"This image shows a gray train with red doors and windows, moving on curved tracks. Green trees are beside the tracks. The train has a front window and red arrows on its nose.",qwen3-vl-plus,A gray train with red doors is on tracks near green trees.,False,False,,"{
    ""en"": ""Train"",
    ""zh"": ""火车"",
    ""yue"": ""火車"",
    ""ko"": ""기차"",
    ""description"": ""This image shows a gray train with red doors and windows, moving on curved tracks. Green trees are beside the tracks. The train has a front window and red arrows on its nose."",
    ""description_brief"": ""A gray train with red doors is on tracks near green trees."",
    ""needs_inspection"": false,
    ""reason"": """"
}"
extra_cards/activities/playground.jpg,activities,"{""en"":""Playground"",""zh"":""游乐场"",""yue"":""公園玩樂"",""ko"":""놀이터""}",JPEG,596,596,"This image shows a playground with a red and green slide, swings hanging from a wooden frame, and a yellow jump rope on the ground. The equipment is simple and colorful, designed for children to climb, swing, and jump safely. The text at the bottom says '去公園玩' which means 'Go to the park to play'.",qwen3-vl-plus,"Let’s go to the playground to play on the slide, swings, and jump rope.",False,False,,"{
    ""en"": ""Playground"",
    ""zh"": ""游乐场"",
    ""yue"": ""公園玩樂"",
    ""ko"": ""놀이터"",
    ""description"": ""This image shows a playground with a red and green slide, swings hanging from a wooden frame, and a yellow jump rope on the ground. The equipment is simple and colorful, designed for children to climb, swing, and jump safely. The text at the bottom says '去公園玩' which means 'Go to the park to play'."",
    ""description_brief"": ""Let’s go to the playground to play on the slide, swings, and jump rope."",
    ""needs_inspection"": false,
    ""reason"": """"
}"
extra_cards/food/汽水.jpg,food,"{""en"":""Soda"",""zh"":""汽水"",""yue"":""汽水"",""ko"":""사이다""}",JPEG,756,1051,"This image shows two soda cans. One can is green with a red circle and white design, and the other is orange-red. Both cans have pull tabs on top and are drawn in a simple cartoon style.",qwen3-vl-plus,Two colorful soda cans with pull tabs.,False,False,,"{
    ""en"": ""Soda"",
    ""zh"": ""汽水"",
    ""yue"": ""汽水"",
    ""ko"": ""사이다"",
    ""description"": ""This image shows two soda cans. One can is green with a red circle and white design, and the other is orange-red. Both cans have pull tabs on top and are drawn in a simple cartoon style."",
    ""description_brief"": ""Two colorful soda cans with pull tabs."",
    ""needs_inspection"": false,
    ""reason"": """"
}"
extra_cards/stationery/Connector pens.jpg,stationery,"{""en"":""Connector pens"",""zh"":""连接笔"",""yue"":""連接筆"",""ko"":""연결 펜""}",JPEG,1232,1160,"These are colorful pens that can be connected together. Some pens are standing in a circle, and others are lying flat. The pens have caps and come in many bright colors like red, blue, yellow, and purple.",qwen3-vl-plus,Colorful pens that connect together for drawing or organizing.,False,False,,"{
    ""en"": ""Connector pens"",
    ""zh"": ""连接笔"",
    ""yue"": ""連接筆"",
    ""ko"": ""연결 펜"",
    ""description"": ""These are colorful pens that can be connected together. Some pens are standing in a circle, and others are lying flat. The pens have caps and come in many bright colors like red, blue, yellow, and purple."",
    ""description_brief"": ""Colorful pens that connect together for drawing or organizing."",
    ""needs_inspection"": false,
    ""reason"": """"
}"
extra_cards/food/油角.jpg,food,"{""en"":""Yau Gok"",""zh"":""油角"",""yue"":""油角"",""ko"":""유각""}",JPEG,756,1051,"This image shows two golden-brown fried pastries with crimped edges. They are called Yau Gok and are a traditional Chinese snack, often eaten during Lunar New Year. The pastries look crispy and are filled with sweet or savory ingredients.",qwen3-vl-plus,"Two golden fried pastries called Yau Gok, a tasty snack for special occasions.",False,False,,"{
    ""en"": ""Yau Gok"",
    ""zh"": ""油角"",
    ""yue"": ""油角"",
    ""ko"": ""유각"",
    ""description"": ""This image shows two golden-brown fried pastries with crimped edges. They are called Yau Gok and are a traditional Chinese snack, often eaten during Lunar New Year. The pastries look crispy and are filled with sweet or savory ingredients."",
    ""description_brief"": ""Two golden fried pastries called Yau Gok, a tasty snack for special occasions."",
    ""needs_inspection"": false,
    ""reason"": """"
}"
extra_cards/places/12-06公園.jpg,places,"{""en"":""Park"",""zh"":""公园"",""yue"":""公園"",""ko"":""공원""}",JPEG,756,1051,"This image shows a park with three children playing. One child is climbing on a green jungle gym, another is swinging on a swing, and the third is running on a path. There are trees, grass, and a clear sky in the background.",qwen3-vl-plus,Children are playing at the park on swings and climbing equipment.,False,False,,"{
    ""en"": ""Park"",
    ""zh"": ""公园"",
    ""yue"": ""公園"",
    ""ko"": ""공원"",
    ""description"": ""This image shows a park with three children playing. One child is climbing on a green jungle gym, another is swinging on a swing, and the third is running on a path. There are trees, grass, and a clear sky in the background."",
    ""description_brief"": ""Children are playing at the park on swings and climbing equipment."",
    ""needs_inspection"": false,
    ""reason"": """"
}"
extra_cards/places/12-07廁所.jpg,places,"{""en"":""Toilet"",""zh"":""厕所"",""yue"":""廁所"",""ko"":""화장실""}",JPEG,756,1051,This image shows three toilet stalls with green doors. Each stall has a white toilet inside. The word '廁所' is written below the picture to help identify this place.,qwen3-vl-plus,This is a bathroom with three toilet stalls.,False,False,,"{
    ""en"": ""Toilet"",
    ""zh"": ""厕所"",
    ""yue"": ""廁所"",
    ""ko"": ""화장실"",
    ""description"": ""This image shows three toilet stalls with green doors. Each stall has a white toilet inside. The word '廁所' is written below the picture to help identify this place."",
    ""description_brief"": ""This is a bathroom with three toilet stalls."",
    ""needs_inspection"": false,
    ""reason"": """"
}"
extra_cards/activities/playtime 1.jpg,activities,"{""en"":""Playtime 1"",""zh"":""休息时间 1"",""yue"":""休息時間 1"",""ko"":""놀이시간 1""}",JPEG,596,596,"This image shows a playground with three black tire swings hanging from a wooden frame. On the left, there is a numbered grid from 1 to 8 and two red jump ropes on the ground. The text at the bottom says '休息時間' which means 'rest time' or 'playtime'.",qwen3-vl-plus,It’s playtime with tire swings and jump ropes at the playground.,False,False,,"{
    ""en"": ""Playtime 1"",
    ""zh"": ""休息时间 1"",
    ""yue"": ""休息時間 1"",
    ""ko"": ""놀이시간 1"",
    ""description"": ""This image shows a playground with three black tire swings hanging from a wooden frame. On the left, there is a numbered grid from 1 to 8 and two red jump ropes on the ground. The text at the bottom says '休息時間' which means 'rest time' or 'playtime'."",
    ""description_brief"": ""It’s playtime with tire swings and jump ropes at the playground."",
    ""needs_inspection"": false,
    ""reason"": """"
}"
extra_cards/clothes/gloves.jpg,clothes,"{""en"":""gloves"",""zh"":""手套"",""yue"":""手套"",""ko"":""장갑""}",JPEG,451,338,This image shows a pair of purple gloves. Each glove has five fingers and a ribbed cuff at the wrist. The gloves are drawn with thick black outlines and are placed on a light blue background.,qwen3-vl-plus,Purple gloves to keep hands warm.,False,False,,"{
    ""en"": ""gloves"",
    ""zh"": ""手套"",
    ""yue"": ""手套"",
    ""ko"": ""장갑"",
    ""description"": ""This image shows a pair of purple gloves. Each glove has five fingers and a ribbed cuff at the wrist. The gloves are drawn with thick black outlines and are placed on a light blue background."",
    ""description_brief"": ""Purple gloves to keep hands warm."",
    ""needs_inspection"": false,
    ""reason"": """"
}"
extra_cards/stationery/Crayons1.jpg,stationery,"{""en"":""Crayons1"",""zh"":""蜡笔1"",""yue"":""蠟筆1"",""ko"":""크레용1""}",JPEG,756,504,"This image shows a box of crayons with some crayons taken out. There is a white paper with scribbles made by crayons. The crayons are on a brown table, and the box has colorful designs.",qwen3-vl-plus,A box of crayons with some crayons and scribbles on paper.,False,False,,"{
    ""en"": ""Crayons1"",
    ""zh"": ""蜡笔1"",
    ""yue"": ""蠟筆1"",
    ""ko"": ""크레용1"",
    ""description"": ""This image shows a box of crayons with some crayons taken out. There is a white paper with scribbles made by crayons. The crayons are on a brown table, and the box has colorful designs."",
    ""description_brief"": ""A box of crayons with some crayons and scribbles on paper."",
    ""needs_inspection"": false,
    ""reason"": """"
}"
extra_cards/food/洋蔥.jpg,food,"{""en"":""Onion"",""zh"":""洋葱"",""yue"":""洋蔥"",""ko"":""양파""}",JPEG,756,1051,"This is a drawing of an onion. It has a round shape with layers and a light yellow color. The bottom has small roots, and the top has a curved stem.",qwen3-vl-plus,"A round, layered vegetable called an onion.",False,False,,"{
    ""en"": ""Onion"",
    ""zh"": ""洋葱"",
    ""yue"": ""洋蔥"",
    ""ko"": ""양파"",
    ""description"": ""This is a drawing of an onion. It has a round shape with layers and a light yellow color. The bottom has small roots, and the top has a curved stem."",
    ""description_brief"": ""A round, layered vegetable called an onion."",
    ""needs_inspection"": false,
    ""reason"": """"
}"
extra_cards/stationery/Scissors1.jpg,stationery,"{""en"":""Scissors1"",""zh"":""剪刀1"",""yue"":""剪刀1"",""ko"":""가위1""}",JPEG,720,406,This is a pair of small scissors with light blue plastic handles. The blades are made of metal and are sharp for cutting paper or thin materials. The handles have a loop design to help hold them securely while cutting.,qwen3-vl-plus,Small scissors with blue handles for cutting paper.,False,False,,"{
    ""en"": ""Scissors1"",
    ""zh"": ""剪刀1"",
    ""yue"": ""剪刀1"",
    ""ko"": ""가위1"",
    ""description"": ""This is a pair of small scissors with light blue plastic handles. The blades are made of metal and are sharp for cutting paper or thin materials. The handles have a loop design to help hold them securely while cutting."",
    ""description_brief"": ""Small scissors with blue handles for cutting paper."",
    ""needs_inspection"": false,
    ""reason"": """"
}"
extra_cards/stationery/Scissors10.jpg,stationery,"{""en"":""Scissors10"",""zh"":""剪刀10"",""yue"":""剪刀10"",""ko"":""가위10""}",JPEG,960,714,This is a pair of scissors with one pink handle and one blue handle. The blades are metal and shiny. The handles are made of plastic and have big holes for fingers.,qwen3-vl-plus,Pink and blue scissors for cutting paper.,False,False,,"{
    ""en"": ""Scissors10"",
    ""zh"": ""剪刀10"",
    ""yue"": ""剪刀10"",
    ""ko"": ""가위10"",
    ""description"": ""This is a pair of scissors with one pink handle and one blue handle. The blades are metal and shiny. The handles are made of plastic and have big holes for fingers."",
    ""description_brief"": ""Pink and blue scissors for cutting paper."",
    ""needs_inspection"": false,
    ""reason"": """"
}"
extra_cards/clothes/jacket.jpg,clothes,"{""en"":""jacket"",""zh"":""夹克"",""yue"":""外套"",""ko"":""자켓""}",JPEG,450,338,"This is a light blue jacket with a zipper down the front. It has long sleeves, pockets on both sides, and a darker blue collar and cuffs. The inside lining is purple, and it is shown flat against a soft beige background.",qwen3-vl-plus,A blue zip-up jacket with pockets and a purple lining.,False,False,,"{
    ""en"": ""jacket"",
    ""zh"": ""夹克"",
    ""yue"": ""外套"",
    ""ko"": ""자켓"",
    ""description"": ""This is a light blue jacket with a zipper down the front. It has long sleeves, pockets on both sides, and a darker blue collar and cuffs. The inside lining is purple, and it is shown flat against a soft beige background."",
    ""description_brief"": ""A blue zip-up jacket with pockets and a purple lining."",
    ""needs_inspection"": false,
    ""reason"": """"
}"
extra_cards/transportation/6-12輕鐵.jpg,transportation,"{""en"":""Light Rail"",""zh"":""轻轨"",""yue"":""輕鐵"",""ko"":""경전철""}",JPEG,756,1051,"This is a light rail train. It runs on tracks and has red doors, blue windows, and a yellow front. It is used to carry people in cities.",qwen3-vl-plus,A light rail train that travels on tracks to take people around the city.,False,False,,"{
    ""en"": ""Light Rail"",
    ""zh"": ""轻轨"",
    ""yue"": ""輕鐵"",
    ""ko"": ""경전철"",
    ""description"": ""This is a light rail train. It runs on tracks and has red doors, blue windows, and a yellow front. It is used to carry people in cities."",
    ""description_brief"": ""A light rail train that travels on tracks to take people around the city."",
    ""needs_inspection"": false,
    ""reason"": """"
}"
extra_cards/places/12-08傷殘人士廁所.jpg,places,"{""en"":""Accessible Toilet"",""zh"":""无障碍厕所"",""yue"":""傷殘人士廁所"",""ko"":""장애인 화장실""}",JPEG,756,1051,"This is a bathroom designed for people who use wheelchairs or need extra support. It has wide doors, grab bars near the toilet and sink, and enough space to move around safely. The floor is red and the walls are yellow to help with visibility.",qwen3-vl-plus,A bathroom with special features to help people who need extra support.,False,False,,"{
    ""en"": ""Accessible Toilet"",
    ""zh"": ""无障碍厕所"",
    ""yue"": ""傷殘人士廁所"",
    ""ko"": ""장애인 화장실"",
    ""description"": ""This is a bathroom designed for people who use wheelchairs or need extra support. It has wide doors, grab bars near the toilet and sink, and enough space to move around safely. The floor is red and the walls are yellow to help with visibility."",
    ""description_brief"": ""A bathroom with special features to help people who need extra support."",
    ""needs_inspection"": false,
    ""reason"": """"
}"
extra_cards/transportation/6-11電車.jpg,transportation,"{""en"":""Tram"",""zh"":""电车"",""yue"":""電車"",""ko"":""전차""}",JPEG,756,1051,This is a green tram with two levels and windows on both sides. It runs on tracks and has a pole on top that connects to wires for power. The driver can be seen inside the front window.,qwen3-vl-plus,A green tram that rides on tracks and uses overhead wires for power.,False,False,,"{
    ""en"": ""Tram"",
    ""zh"": ""电车"",
    ""yue"": ""電車"",
    ""ko"": ""전차"",
    ""description"": ""This is a green tram with two levels and windows on both sides. It runs on tracks and has a pole on top that connects to wires for power. The driver can be seen inside the front window."",
    ""description_brief"": ""A green tram that rides on tracks and uses overhead wires for power."",
    ""needs_inspection"": false,
    ""reason"": """"
}"
extra_cards/activities/playtime 2.jpg,activities,"{""en"":""playtime 2"",""zh"":""课间活动 2"",""yue"":""小息時間 2"",""ko"":""놀이시간 2""}",JPEG,596,596,"This image shows two children during break time. One child is standing with one foot on a soccer ball, and the other child is holding a jump rope. Both are wearing blue shirts and smiling, showing they are enjoying their playtime.",qwen3-vl-plus,Children playing with a soccer ball and jump rope during break time.,False,False,,"{
    ""en"": ""playtime 2"",
    ""zh"": ""课间活动 2"",
    ""yue"": ""小息時間 2"",
    ""ko"": ""놀이시간 2"",
    ""description"": ""This image shows two children during break time. One child is standing with one foot on a soccer ball, and the other child is holding a jump rope. Both are wearing blue shirts and smiling, showing they are enjoying their playtime."",
    ""description_brief"": ""Children playing with a soccer ball and jump rope during break time."",
    ""needs_inspection"": false,
    ""reason"": """"
}"
extra_cards/stationery/Crayons2.jpg,stationery,"{""en"":""Crayons2"",""zh"":""蜡笔2"",""yue"":""蠟筆2"",""ko"":""크레용2""}",JPEG,651,470,"This image shows a red box with 10 crayons inside. Some crayons are outside the box, and each has a different color tip like green, blue, orange, and red. The crayons have black paper wrappers with white lines and the brand name 'TEXTA' printed on them.",qwen3-vl-plus,A box of 10 colorful crayons with some lying outside the box.,False,False,,"{
    ""en"": ""Crayons2"",
    ""zh"": ""蜡笔2"",
    ""yue"": ""蠟筆2"",
    ""ko"": ""크레용2"",
    ""description"": ""This image shows a red box with 10 crayons inside. Some crayons are outside the box, and each has a different color tip like green, blue, orange, and red. The crayons have black paper wrappers with white lines and the brand name 'TEXTA' printed on them."",
    ""description_brief"": ""A box of 10 colorful crayons with some lying outside the box."",
    ""needs_inspection"": false,
    ""reason"": """"
}"
extra_cards/activities/pull-4801.jpg,activities,"{""en"":""pull"",""zh"":""拉"",""yue"":""拉"",""ko"":""당기기""}",JPEG,402,502,"A boy is pulling a red rope with both hands. He is wearing a yellow shirt, brown shorts, and brown shoes. His body is leaning back to use his strength to pull the rope.",qwen3-vl-plus,A boy is pulling a red rope with his hands.,False,False,,"{
    ""en"": ""pull"",
    ""zh"": ""拉"",
    ""yue"": ""拉"",
    ""ko"": ""당기기"",
    ""description"": ""A boy is pulling a red rope with both hands. He is wearing a yellow shirt, brown shorts, and brown shoes. His body is leaning back to use his strength to pull the rope."",
    ""description_brief"": ""A boy is pulling a red rope with his hands."",
    ""needs_inspection"": false,
    ""reason"": """"
}"
extra_cards/food/湯.jpg,food,"{""en"":""Soup"",""zh"":""汤"",""yue"":""湯"",""ko"":""국""}",JPEG,756,1051,"This image shows a red bowl filled with hot soup. There are small pieces of food floating in the yellow broth, and steam is rising from the top. The word '湯' is written below to help identify it.",qwen3-vl-plus,A hot bowl of soup with steam rising from it.,False,False,,"{
    ""en"": ""Soup"",
    ""zh"": ""汤"",
    ""yue"": ""湯"",
    ""ko"": ""국"",
    ""description"": ""This image shows a red bowl filled with hot soup. There are small pieces of food floating in the yellow broth, and steam is rising from the top. The word '湯' is written below to help identify it."",
    ""description_brief"": ""A hot bowl of soup with steam rising from it."",
    ""needs_inspection"": false,
    ""reason"": """"
}"
extra_cards/stationery/Crayons3.jpg,stationery,"{""en"":""Crayons"",""zh"":""蜡笔"",""yue"":""蠟筆"",""ko"":""크레용""}",JPEG,600,379,This image shows two crayons. One is red-orange and the other is blue. Both have black lines on their paper wrappers and are lying on a white background.,qwen3-vl-plus,"Two crayons, one red-orange and one blue, on a white surface.",False,False,,"{
    ""en"": ""Crayons"",
    ""zh"": ""蜡笔"",
    ""yue"": ""蠟筆"",
    ""ko"": ""크레용"",
    ""description"": ""This image shows two crayons. One is red-orange and the other is blue. Both have black lines on their paper wrappers and are lying on a white background."",
    ""description_brief"": ""Two crayons, one red-orange and one blue, on a white surface."",
    ""needs_inspection"": false,
    ""reason"": """"
}"
extra_cards/clothes/pajama.jpg,clothes,"{""en"":""pajama"",""zh"":""睡衣"",""yue"":""睡衣"",""ko"":""잠옷""}",JPEG,451,339,"This is a blue pajama set with stars, moons, and planets on it. It has long sleeves and long pants, and the buttons are on the front. The design is fun and space-themed, which some children might like.",qwen3-vl-plus,Blue pajamas with stars and planets for sleeping.,False,False,,"{
    ""en"": ""pajama"",
    ""zh"": ""睡衣"",
    ""yue"": ""睡衣"",
    ""ko"": ""잠옷"",
    ""description"": ""This is a blue pajama set with stars, moons, and planets on it. It has long sleeves and long pants, and the buttons are on the front. The design is fun and space-themed, which some children might like."",
    ""description_brief"": ""Blue pajamas with stars and planets for sleeping."",
    ""needs_inspection"": false,
    ""reason"": """"
}"
extra_cards/transportation/6-13山頂纜車.jpg,transportation,"{""en"":""Peak Tram"",""zh"":""山顶缆车"",""yue"":""山頂纜車"",""ko"":""피크 트램""}",JPEG,756,1051,"This image shows a red cable car on tracks going up a hill. Behind it, there are buildings and green grass. The sky is blue with white clouds above the tram.",qwen3-vl-plus,A red cable car going up a hill near buildings.,False,False,,"{
    ""en"": ""Peak Tram"",
    ""zh"": ""山顶缆车"",
    ""yue"": ""山頂纜車"",
    ""ko"": ""피크 트램"",
    ""description"": ""This image shows a red cable car on tracks going up a hill. Behind it, there are buildings and green grass. The sky is blue with white clouds above the tram."",
    ""description_brief"": ""A red cable car going up a hill near buildings."",
    ""needs_inspection"": false,
    ""reason"": """"
}"
extra_cards/stationery/Scissors11.jpg,stationery,"{""en"":""Scissors11"",""zh"":""剪刀11"",""yue"":""剪刀11"",""ko"":""가위11""}",JPEG,960,594,This is a pair of scissors with green plastic handles and metal blades. The handles are shaped to fit fingers comfortably. The blades are sharp and can cut paper or thin materials.,qwen3-vl-plus,Green-handled scissors for cutting paper.,False,False,,"{
    ""en"": ""Scissors11"",
    ""zh"": ""剪刀11"",
    ""yue"": ""剪刀11"",
    ""ko"": ""가위11"",
    ""description"": ""This is a pair of scissors with green plastic handles and metal blades. The handles are shaped to fit fingers comfortably. The blades are sharp and can cut paper or thin materials."",
    ""description_brief"": ""Green-handled scissors for cutting paper."",
    ""needs_inspection"": false,
    ""reason"": """"
}"
extra_cards/places/12-09超級市場.jpg,places,"{""en"":""Supermarket"",""zh"":""超级市场"",""yue"":""超級市場"",""ko"":""슈퍼마켓""}",JPEG,756,1051,"This image shows a supermarket with shelves full of drinks. Three people are shopping: one person is looking at drinks on the shelf, another is pushing a cart with items, and a child is also pushing a small cart. The sign above says 'Drinks' in both Chinese and English.",qwen3-vl-plus,People are shopping for drinks in a supermarket.,False,False,,"{
    ""en"": ""Supermarket"",
    ""zh"": ""超级市场"",
    ""yue"": ""超級市場"",
    ""ko"": ""슈퍼마켓"",
    ""description"": ""This image shows a supermarket with shelves full of drinks. Three people are shopping: one person is looking at drinks on the shelf, another is pushing a cart with items, and a child is also pushing a small cart. The sign above says 'Drinks' in both Chinese and English."",
    ""description_brief"": ""People are shopping for drinks in a supermarket."",
    ""needs_inspection"": false,
    ""reason"": """"
}"
extra_cards/activities/push-4802.jpg,activities,"{""en"":""push"",""zh"":""推"",""yue"":""推"",""ko"":""밀기""}",JPEG,402,502,A person is using their hands to push a tall wooden cabinet. They are leaning forward with their legs apart for balance. The word '推' is written below the image to show the action.,qwen3-vl-plus,Someone is pushing a cabinet with their hands.,False,False,,"{
    ""en"": ""push"",
    ""zh"": ""推"",
    ""yue"": ""推"",
    ""ko"": ""밀기"",
    ""description"": ""A person is using their hands to push a tall wooden cabinet. They are leaning forward with their legs apart for balance. The word '推' is written below the image to show the action."",
    ""description_brief"": ""Someone is pushing a cabinet with their hands."",
    ""needs_inspection"": false,
    ""reason"": """"
}"
extra_cards/clothes/pants.jpg,clothes,"{""en"":""pants"",""zh"":""裤子"",""yue"":""褲子"",""ko"":""바지""}",JPEG,450,338,"This is a pair of blue pants with light blue cuffs at the bottom. They have belt loops and a small yellow button near the waist. The pants are drawn in a simple, cartoon style on a soft beige background.",qwen3-vl-plus,Blue pants with rolled-up cuffs and a yellow button.,False,False,,"{
    ""en"": ""pants"",
    ""zh"": ""裤子"",
    ""yue"": ""褲子"",
    ""ko"": ""바지"",
    ""description"": ""This is a pair of blue pants with light blue cuffs at the bottom. They have belt loops and a small yellow button near the waist. The pants are drawn in a simple, cartoon style on a soft beige background."",
    ""description_brief"": ""Blue pants with rolled-up cuffs and a yellow button."",
    ""needs_inspection"": false,
    ""reason"": """"
}"
extra_cards/food/漢堡包.jpg,food,"{""en"":""Hamburger"",""zh"":""汉堡包"",""yue"":""漢堡包"",""ko"":""햄버거""}",JPEG,756,1051,"This is a hamburger with a round bun that has sesame seeds on top. Inside, there is green lettuce, red tomato, yellow cheese, and a meat patty. The colors are bright and the food looks neat and simple.",qwen3-vl-plus,"A hamburger with lettuce, tomato, cheese, and meat between two buns.",False,False,,"{
    ""en"": ""Hamburger"",
    ""zh"": ""汉堡包"",
    ""yue"": ""漢堡包"",
    ""ko"": ""햄버거"",
    ""description"": ""This is a hamburger with a round bun that has sesame seeds on top. Inside, there is green lettuce, red tomato, yellow cheese, and a meat patty. The colors are bright and the food looks neat and simple."",
    ""description_brief"": ""A hamburger with lettuce, tomato, cheese, and meat between two buns."",
    ""needs_inspection"": false,
    ""reason"": """"
}"
extra_cards/stationery/Scissors12.jpg,stationery,"{""en"":""Scissors"",""zh"":""剪刀"",""yue"":""剪刀"",""ko"":""가위""}",JPEG,1179,830,These are scissors with black plastic handles and shiny metal blades. The blades are sharp and pointed for cutting paper or fabric. They open and close when you squeeze the handles.,qwen3-vl-plus,Black-handled scissors for cutting paper or fabric.,False,False,,"{
    ""en"": ""Scissors"",
    ""zh"": ""剪刀"",
    ""yue"": ""剪刀"",
    ""ko"": ""가위"",
    ""description"": ""These are scissors with black plastic handles and shiny metal blades. The blades are sharp and pointed for cutting paper or fabric. They open and close when you squeeze the handles."",
    ""description_brief"": ""Black-handled scissors for cutting paper or fabric."",
    ""needs_inspection"": false,
    ""reason"": """"
}"
extra_cards/food/火腿.jpg,food,"{""en"":""Ham"",""zh"":""火腿"",""yue"":""火腿"",""ko"":""햄""}",JPEG,756,1051,"This image shows two slices of ham. The ham is pink with white lines that show the meat texture. It is flat and folded slightly, ready to eat.",qwen3-vl-plus,Two slices of pink ham with white lines.,False,False,,"{
    ""en"": ""Ham"",
    ""zh"": ""火腿"",
    ""yue"": ""火腿"",
    ""ko"": ""햄"",
    ""description"": ""This image shows two slices of ham. The ham is pink with white lines that show the meat texture. It is flat and folded slightly, ready to eat."",
    ""description_brief"": ""Two slices of pink ham with white lines."",
    ""needs_inspection"": false,
    ""reason"": """"
}"
extra_cards/activities/readabook.jpg,activities,"{""en"":""read a book"",""zh"":""看书"",""yue"":""睇書"",""ko"":""책 읽기""}",JPEG,596,596,This image shows a wooden bookshelf with three shelves. Each shelf holds many colorful books standing upright or stacked horizontally. The Chinese characters at the bottom mean 'read a book'.,qwen3-vl-plus,A bookshelf full of books to read.,False,False,,"{
    ""en"": ""read a book"",
    ""zh"": ""看书"",
    ""yue"": ""睇書"",
    ""ko"": ""책 읽기"",
    ""description"": ""This image shows a wooden bookshelf with three shelves. Each shelf holds many colorful books standing upright or stacked horizontally. The Chinese characters at the bottom mean 'read a book'."",
    ""description_brief"": ""A bookshelf full of books to read."",
    ""needs_inspection"": false,
    ""reason"": """"
}"
extra_cards/activities/read-4505.jpg,activities,"{""en"":""read-4505"",""zh"":""念书"",""yue"":""唸書"",""ko"":""읽기""}",JPEG,402,502,"A woman is sitting in a brown chair and reading a green book. She is wearing an orange dress and has long brown hair. The book has words on the cover, and she is holding it with both hands.",qwen3-vl-plus,A person is sitting and reading a book.,False,False,,"{
    ""en"": ""read-4505"",
    ""zh"": ""念书"",
    ""yue"": ""唸書"",
    ""ko"": ""읽기"",
    ""description"": ""A woman is sitting in a brown chair and reading a green book. She is wearing an orange dress and has long brown hair. The book has words on the cover, and she is holding it with both hands."",
    ""description_brief"": ""A person is sitting and reading a book."",
    ""needs_inspection"": false,
    ""reason"": """"
}"
extra_cards/clothes/raincoat.jpg,clothes,"{""en"":""raincoat"",""zh"":""雨衣"",""yue"":""雨衣"",""ko"":""비옷""}",JPEG,450,339,This is a yellow raincoat with a hood. It has buttons down the front and is shown in the rain. The raincoat helps keep you dry when it is raining outside.,qwen3-vl-plus,A yellow raincoat to wear when it rains.,False,False,,"{
    ""en"": ""raincoat"",
    ""zh"": ""雨衣"",
    ""yue"": ""雨衣"",
    ""ko"": ""비옷"",
    ""description"": ""This is a yellow raincoat with a hood. It has buttons down the front and is shown in the rain. The raincoat helps keep you dry when it is raining outside."",
    ""description_brief"": ""A yellow raincoat to wear when it rains."",
    ""needs_inspection"": false,
    ""reason"": """"
}"
extra_cards/places/12-11百貨公司.jpg,places,"{""en"":""Department Store"",""zh"":""百货公司"",""yue"":""百貨公司"",""ko"":""백화점""}",JPEG,756,1051,"This image shows a department store with many clothes and shoes on display. Two people are walking inside, looking at the items. The store has shelves and mannequins showing different outfits.",qwen3-vl-plus,"A place where you can buy clothes, shoes, and other things in one big store.",False,False,,"{
    ""en"": ""Department Store"",
    ""zh"": ""百货公司"",
    ""yue"": ""百貨公司"",
    ""ko"": ""백화점"",
    ""description"": ""This image shows a department store with many clothes and shoes on display. Two people are walking inside, looking at the items. The store has shelves and mannequins showing different outfits."",
    ""description_brief"": ""A place where you can buy clothes, shoes, and other things in one big store."",
    ""needs_inspection"": false,
    ""reason"": """"
}"
extra_cards/places/12-10歡樂天地.jpg,places,"{""en"":""Funland"",""zh"":""欢乐天地"",""yue"":""歡樂天地"",""ko"":""즐거운 세상""}",JPEG,756,1051,"This image shows a colorful indoor play area with two children playing games. One child is sitting at a table with balls, and another is standing near a claw machine with stuffed animals inside. The place has bright lights and fun machines for kids to enjoy.",qwen3-vl-plus,A fun place with games and toys for children to play.,False,False,,"{
    ""en"": ""Funland"",
    ""zh"": ""欢乐天地"",
    ""yue"": ""歡樂天地"",
    ""ko"": ""즐거운 세상"",
    ""description"": ""This image shows a colorful indoor play area with two children playing games. One child is sitting at a table with balls, and another is standing near a claw machine with stuffed animals inside. The place has bright lights and fun machines for kids to enjoy."",
    ""description_brief"": ""A fun place with games and toys for children to play."",
    ""needs_inspection"": false,
    ""reason"": """"
}"
extra_cards/stationery/Scissors14.jpg,stationery,"{""en"":""Scissors"",""zh"":""剪刀"",""yue"":""剪刀"",""ko"":""가위""}",JPEG,529,333,This is a red pair of scissors with black outlines. The blades are open and the handles have two finger holes. There is a small yellow circle where the blades connect.,qwen3-vl-plus,Red scissors with black edges for cutting paper.,False,False,,"{
    ""en"": ""Scissors"",
    ""zh"": ""剪刀"",
    ""yue"": ""剪刀"",
    ""ko"": ""가위"",
    ""description"": ""This is a red pair of scissors with black outlines. The blades are open and the handles have two finger holes. There is a small yellow circle where the blades connect."",
    ""description_brief"": ""Red scissors with black edges for cutting paper."",
    ""needs_inspection"": false,
    ""reason"": """"
}"
extra_cards/stationery/Crayons5.jpg,stationery,"{""en"":""Crayons5"",""zh"":""蜡笔5"",""yue"":""蠟筆5"",""ko"":""크레용5""}",JPEG,722,574,"This image shows five crayons in different colors: blue, yellow, orange, green, and brown. Each crayon has a picture of a train on its wrapper. The crayons are lying on a white background and are not being used.",qwen3-vl-plus,Five colorful crayons with train pictures on them.,False,False,,"{
    ""en"": ""Crayons5"",
    ""zh"": ""蜡笔5"",
    ""yue"": ""蠟筆5"",
    ""ko"": ""크레용5"",
    ""description"": ""This image shows five crayons in different colors: blue, yellow, orange, green, and brown. Each crayon has a picture of a train on its wrapper. The crayons are lying on a white background and are not being used."",
    ""description_brief"": ""Five colorful crayons with train pictures on them."",
    ""needs_inspection"": false,
    ""reason"": """"
}"
extra_cards/stationery/Scissors13.jpg,stationery,"{""en"":""Scissors13"",""zh"":""剪刀13"",""yue"":""剪刀13"",""ko"":""가위13""}",JPEG,1200,941,This is a pair of red-handled scissors with black plastic guards over the blades. The blades are silver and have small teeth near the tip. The handles are smooth and rounded for easy gripping.,qwen3-vl-plus,Red scissors with black blade covers and toothed tips.,False,False,,"{
    ""en"": ""Scissors13"",
    ""zh"": ""剪刀13"",
    ""yue"": ""剪刀13"",
    ""ko"": ""가위13"",
    ""description"": ""This is a pair of red-handled scissors with black plastic guards over the blades. The blades are silver and have small teeth near the tip. The handles are smooth and rounded for easy gripping."",
    ""description_brief"": ""Red scissors with black blade covers and toothed tips."",
    ""needs_inspection"": false,
    ""reason"": """"
}"
extra_cards/stationery/Crayons4.jpg,stationery,"{""en"":""Crayons4"",""zh"":""蜡笔4"",""yue"":""蠟筆4"",""ko"":""크레용4""}",JPEG,930,596,"This image shows a black plastic tray holding many colorful crayons. Some crayons are inside the tray, and others are outside on the white surface. The crayons come in different colors like yellow, green, red, blue, orange, pink, brown, and purple.",qwen3-vl-plus,Colorful crayons in a black tray with some lying outside.,False,False,,"{
    ""en"": ""Crayons4"",
    ""zh"": ""蜡笔4"",
    ""yue"": ""蠟筆4"",
    ""ko"": ""크레용4"",
    ""description"": ""This image shows a black plastic tray holding many colorful crayons. Some crayons are inside the tray, and others are outside on the white surface. The crayons come in different colors like yellow, green, red, blue, orange, pink, brown, and purple."",
    ""description_brief"": ""Colorful crayons in a black tray with some lying outside."",
    ""needs_inspection"": false,
    ""reason"": """"
}"
extra_cards/places/12-03廚房.jpg,places,"{""en"":""Kitchen"",""zh"":""厨房"",""yue"":""廚房"",""ko"":""주방""}",JPEG,756,1051,"This is a kitchen with white cabinets, a sink, and a stove. There is a pot on the stove and a small plant on the windowsill. The floor is light brown and there is a refrigerator on the right side.",qwen3-vl-plus,"A clean kitchen with cabinets, a sink, and a stove.",False,False,,"{
    ""en"": ""Kitchen"",
    ""zh"": ""厨房"",
    ""yue"": ""廚房"",
    ""ko"": ""주방"",
    ""description"": ""This is a kitchen with white cabinets, a sink, and a stove. There is a pot on the stove and a small plant on the windowsill. The floor is light brown and there is a refrigerator on the right side."",
    ""description_brief"": ""A clean kitchen with cabinets, a sink, and a stove."",
    ""needs_inspection"": false,
    ""reason"": """"
}"
extra_cards/clothes/scarf.jpg,clothes,"{""en"":""scarf"",""zh"":""围巾"",""yue"":""圍巾"",""ko"":""스카프""}",JPEG,451,339,"This is a red and yellow striped scarf. It has fringes at both ends. The scarf is drawn in a simple, curved shape on a light blue background.",qwen3-vl-plus,A red and yellow striped scarf with fringes.,False,False,,"{
    ""en"": ""scarf"",
    ""zh"": ""围巾"",
    ""yue"": ""圍巾"",
    ""ko"": ""스카프"",
    ""description"": ""This is a red and yellow striped scarf. It has fringes at both ends. The scarf is drawn in a simple, curved shape on a light blue background."",
    ""description_brief"": ""A red and yellow striped scarf with fringes."",
    ""needs_inspection"": false,
    ""reason"": """"
}"
extra_cards/food/燒賣.jpg,food,"{""en"":""Shumai"",""zh"":""烧卖"",""yue"":""燒賣"",""ko"":""샤오마이""}",JPEG,756,1051,"This is a drawing of shumai, a type of steamed dumpling. It is shown in a wooden steamer basket with steam rising from it. The dumplings are yellow and have visible fillings like meat and vegetables.",qwen3-vl-plus,"Hot shumai in a steamer basket, ready to eat.",False,False,,"{
    ""en"": ""Shumai"",
    ""zh"": ""烧卖"",
    ""yue"": ""燒賣"",
    ""ko"": ""샤오마이"",
    ""description"": ""This is a drawing of shumai, a type of steamed dumpling. It is shown in a wooden steamer basket with steam rising from it. The dumplings are yellow and have visible fillings like meat and vegetables."",
    ""description_brief"": ""Hot shumai in a steamer basket, ready to eat."",
    ""needs_inspection"": false,
    ""reason"": """"
}"
extra_cards/stationery/Crayons6.jpg,stationery,"{""en"":""Crayons6"",""zh"":""蜡笔6"",""yue"":""蠟筆6"",""ko"":""크레용6""}",JPEG,1168,916,"This image shows six crayons in different colors: blue, green, pink, orange, yellow, and brown. Each crayon has a paper wrapper with its color name printed on it. The crayons are arranged on a white background and look ready to use for drawing.",qwen3-vl-plus,Six colorful crayons laid out on a white surface.,False,False,,"{
    ""en"": ""Crayons6"",
    ""zh"": ""蜡笔6"",
    ""yue"": ""蠟筆6"",
    ""ko"": ""크레용6"",
    ""description"": ""This image shows six crayons in different colors: blue, green, pink, orange, yellow, and brown. Each crayon has a paper wrapper with its color name printed on it. The crayons are arranged on a white background and look ready to use for drawing."",
    ""description_brief"": ""Six colorful crayons laid out on a white surface."",
    ""needs_inspection"": false,
    ""reason"": """"
}"
extra_cards/stationery/Crayons7.jpg,stationery,"{""en"":""Crayons7"",""zh"":""蜡笔7支"",""yue"":""蠟筆7支"",""ko"":""크레용 7개""}",JPEG,706,545,"This image shows seven crayons standing upright in a row. Each crayon has a different color: red, yellow, green, dark red, blue, black, pink, and white. The crayons have gray paper wrappers around the middle and bottom parts.",qwen3-vl-plus,Seven colorful crayons lined up together.,False,False,,"{
    ""en"": ""Crayons7"",
    ""zh"": ""蜡笔7支"",
    ""yue"": ""蠟筆7支"",
    ""ko"": ""크레용 7개"",
    ""description"": ""This image shows seven crayons standing upright in a row. Each crayon has a different color: red, yellow, green, dark red, blue, black, pink, and white. The crayons have gray paper wrappers around the middle and bottom parts."",
    ""description_brief"": ""Seven colorful crayons lined up together."",
    ""needs_inspection"": false,
    ""reason"": """"
}"
extra_cards/activities/reading.jpg,activities,"{""en"":""reading"",""zh"":""阅读"",""yue"":""閱讀"",""ko"":""읽기""}",JPEG,596,596,The image shows a child holding a green book open with both hands. The child is looking at the book and smiling. The word '閱讀' is written below the picture to show the activity.,qwen3-vl-plus,A child is reading a green book.,False,False,,"{
    ""en"": ""reading"",
    ""zh"": ""阅读"",
    ""yue"": ""閱讀"",
    ""ko"": ""읽기"",
    ""description"": ""The image shows a child holding a green book open with both hands. The child is looking at the book and smiling. The word '閱讀' is written below the picture to show the activity."",
    ""description_brief"": ""A child is reading a green book."",
    ""needs_inspection"": false,
    ""reason"": """"
}"
extra_cards/places/12-12文具店.jpg,places,"{""en"":""Stationery Store"",""zh"":""文具店"",""yue"":""文具店"",""ko"":""문구점""}",JPEG,756,1051,"This image shows the inside of a stationery store. There are shelves with books, pens, pencils, and notebooks. A person is standing behind the counter near a red dollar sign.",qwen3-vl-plus,"A store that sells pens, pencils, books, and other school supplies.",False,False,,"{
    ""en"": ""Stationery Store"",
    ""zh"": ""文具店"",
    ""yue"": ""文具店"",
    ""ko"": ""문구점"",
    ""description"": ""This image shows the inside of a stationery store. There are shelves with books, pens, pencils, and notebooks. A person is standing behind the counter near a red dollar sign."",
    ""description_brief"": ""A store that sells pens, pencils, books, and other school supplies."",
    ""needs_inspection"": false,
    ""reason"": """"
}"
extra_cards/emotions/cry.jpg,emotions,"{""en"":""cry"",""zh"":""哭"",""yue"":""喊"",""ko"":""울다""}",JPEG,300,300,This image shows a person with tears on their face. Their eyes are sad and their mouth is turned down. This means they are feeling upset or hurt.,qwen3-vl-plus,I am crying because I feel sad.,False,False,,"{
    ""en"": ""cry"",
    ""zh"": ""哭"",
    ""yue"": ""喊"",
    ""ko"": ""울다"",
    ""description"": ""This image shows a person with tears on their face. Their eyes are sad and their mouth is turned down. This means they are feeling upset or hurt."",
    ""description_brief"": ""I am crying because I feel sad."",
    ""needs_inspection"": false,
    ""reason"": """"
}"
extra_cards/activities/reading-1.jpg,activities,"{""en"":""reading-1"",""zh"":""阅读-1"",""yue"":""閱讀-1"",""ko"":""읽기-1""}",JPEG,530,170,"This image shows a cartoon child with yellow hair reading a blue book. The child is sitting on a light purple shape, and there are light blue bubbles around them. This picture is meant to show the activity of reading in a simple and clear way.",qwen3-vl-plus,A child is reading a blue book.,False,False,,"{
    ""en"": ""reading-1"",
    ""zh"": ""阅读-1"",
    ""yue"": ""閱讀-1"",
    ""ko"": ""읽기-1"",
    ""description"": ""This image shows a cartoon child with yellow hair reading a blue book. The child is sitting on a light purple shape, and there are light blue bubbles around them. This picture is meant to show the activity of reading in a simple and clear way."",
    ""description_brief"": ""A child is reading a blue book."",
    ""needs_inspection"": false,
    ""reason"": """"
}"
extra_cards/places/12-13玩具店.jpg,places,"{""en"":""Toy Store"",""zh"":""玩具店"",""yue"":""玩具店"",""ko"":""장난감 가게""}",JPEG,756,1051,"This image shows a toy store with shelves full of toys. There are dolls, stuffed animals, toy cars, balls, and pretend kitchen sets. Two children are looking at the toys on the top shelf.",qwen3-vl-plus,A toy store with many colorful toys on shelves for children to choose from.,False,False,,"{
    ""en"": ""Toy Store"",
    ""zh"": ""玩具店"",
    ""yue"": ""玩具店"",
    ""ko"": ""장난감 가게"",
    ""description"": ""This image shows a toy store with shelves full of toys. There are dolls, stuffed animals, toy cars, balls, and pretend kitchen sets. Two children are looking at the toys on the top shelf."",
    ""description_brief"": ""A toy store with many colorful toys on shelves for children to choose from."",
    ""needs_inspection"": false,
    ""reason"": """"
}"
extra_cards/stationery/Scissors2.jpg,stationery,"{""en"":""Scissors2"",""zh"":""剪刀2"",""yue"":""剪刀2"",""ko"":""가위2""}",JPEG,1200,928,This is a pair of scissors with shiny metal blades and handles that are brown and yellow. The handles are shaped to fit fingers comfortably. These scissors are used for cutting paper or other thin materials.,qwen3-vl-plus,A pair of brown and yellow handled scissors for cutting paper.,False,False,,"{
    ""en"": ""Scissors2"",
    ""zh"": ""剪刀2"",
    ""yue"": ""剪刀2"",
    ""ko"": ""가위2"",
    ""description"": ""This is a pair of scissors with shiny metal blades and handles that are brown and yellow. The handles are shaped to fit fingers comfortably. These scissors are used for cutting paper or other thin materials."",
    ""description_brief"": ""A pair of brown and yellow handled scissors for cutting paper."",
    ""needs_inspection"": false,
    ""reason"": """"
}"
extra_cards/emotions/cold.jpg,emotions,"{""en"":""cold"",""zh"":""冷"",""yue"":""凍"",""ko"":""추움""}",JPEG,300,300,"This image shows a person wearing a winter hat and scarf, hugging themselves with their arms crossed. Wavy lines around the body show they feel cold. The word '冷' is written above to help identify the feeling.",qwen3-vl-plus,A person is shivering and hugging themselves because they feel cold.,False,False,,"{
    ""en"": ""cold"",
    ""zh"": ""冷"",
    ""yue"": ""凍"",
    ""ko"": ""추움"",
    ""description"": ""This image shows a person wearing a winter hat and scarf, hugging themselves with their arms crossed. Wavy lines around the body show they feel cold. The word '冷' is written above to help identify the feeling."",
    ""description_brief"": ""A person is shivering and hugging themselves because they feel cold."",
    ""needs_inspection"": false,
    ""reason"": """"
}"
extra_cards/food/牛油.jpg,food,"{""en"":""Butter"",""zh"":""牛油"",""yue"":""牛油"",""ko"":""버터""}",JPEG,756,1051,This is a block of yellow butter sitting on a piece of silver foil. Butter is made from milk and is often used to spread on bread or cook with. It looks smooth and solid in this picture.,qwen3-vl-plus,"A yellow block of butter on foil, used for cooking or spreading.",False,False,,"{
    ""en"": ""Butter"",
    ""zh"": ""牛油"",
    ""yue"": ""牛油"",
    ""ko"": ""버터"",
    ""description"": ""This is a block of yellow butter sitting on a piece of silver foil. Butter is made from milk and is often used to spread on bread or cook with. It looks smooth and solid in this picture."",
    ""description_brief"": ""A yellow block of butter on foil, used for cooking or spreading."",
    ""needs_inspection"": false,
    ""reason"": """"
}"
extra_cards/places/12-14服裝店.jpg,places,"{""en"":""Clothing Store"",""zh"":""服装店"",""yue"":""服裝店"",""ko"":""옷가게""}",JPEG,756,1051,This image shows a clothing store with clothes on display. There is a person behind the counter and mannequins wearing outfits. The store has bright colors and shelves with folded clothes.,qwen3-vl-plus,A clothing store with clothes on display and a person behind the counter.,False,False,,"{
    ""en"": ""Clothing Store"",
    ""zh"": ""服装店"",
    ""yue"": ""服裝店"",
    ""ko"": ""옷가게"",
    ""description"": ""This image shows a clothing store with clothes on display. There is a person behind the counter and mannequins wearing outfits. The store has bright colors and shelves with folded clothes."",
    ""description_brief"": ""A clothing store with clothes on display and a person behind the counter."",
    ""needs_inspection"": false,
    ""reason"": """"
}"
extra_cards/stationery/Scissors3.jpg,stationery,"{""en"":""Scissors"",""zh"":""剪刀"",""yue"":""剪刀"",""ko"":""가위""}",JPEG,720,396,This is a pair of black-handled scissors with shiny metal blades. The handles are smooth and rounded for easy gripping. The blades are sharp and open slightly to show they are ready to cut paper or fabric.,qwen3-vl-plus,Black scissors with metal blades for cutting paper or fabric.,False,False,,"{
    ""en"": ""Scissors"",
    ""zh"": ""剪刀"",
    ""yue"": ""剪刀"",
    ""ko"": ""가위"",
    ""description"": ""This is a pair of black-handled scissors with shiny metal blades. The handles are smooth and rounded for easy gripping. The blades are sharp and open slightly to show they are ready to cut paper or fabric."",
    ""description_brief"": ""Black scissors with metal blades for cutting paper or fabric."",
    ""needs_inspection"": false,
    ""reason"": """"
}"
extra_cards/food/牛奶.jpg,food,"{""en"":""Milk"",""zh"":""牛奶"",""yue"":""牛奶"",""ko"":""우유""}",JPEG,756,1051,"This image shows a carton of milk with a cow picture on it and a glass filled with milk. The word 'Milk' is written in English and Chinese on the carton. The milk in the glass looks light yellow, which is common for whole milk.",qwen3-vl-plus,A carton and glass of milk with a cow on the label.,False,False,,"{
    ""en"": ""Milk"",
    ""zh"": ""牛奶"",
    ""yue"": ""牛奶"",
    ""ko"": ""우유"",
    ""description"": ""This image shows a carton of milk with a cow picture on it and a glass filled with milk. The word 'Milk' is written in English and Chinese on the carton. The milk in the glass looks light yellow, which is common for whole milk."",
    ""description_brief"": ""A carton and glass of milk with a cow on the label."",
    ""needs_inspection"": false,
    ""reason"": """"
}"
extra_cards/emotions/donotdoit.jpg,emotions,"{""en"":""donotdoit"",""zh"":""不可以"",""yue"":""唔可以"",""ko"":""하지 마세요""}",JPEG,300,300,This image shows a person pointing their finger and looking upset. The word '不可以' above means 'not allowed' or 'stop'. This card helps children understand that something is not okay to do right now.,qwen3-vl-plus,This card means 'Do not do that' when someone is upset or saying no.,False,False,,"{
    ""en"": ""donotdoit"",
    ""zh"": ""不可以"",
    ""yue"": ""唔可以"",
    ""ko"": ""하지 마세요"",
    ""description"": ""This image shows a person pointing their finger and looking upset. The word '不可以' above means 'not allowed' or 'stop'. This card helps children understand that something is not okay to do right now."",
    ""description_brief"": ""This card means 'Do not do that' when someone is upset or saying no."",
    ""needs_inspection"": false,
    ""reason"": """"
}"
extra_cards/activities/recess-1.jpg,activities,"{""en"":""recess-1"",""zh"":""课间休息-1"",""yue"":""小息-1"",""ko"":""점심시간-1""}",JPEG,530,170,"This image shows a playground with a green climbing structure and a red slide. The ground is yellow, and there are light blue shapes behind the equipment. This is a place where children can play during recess.",qwen3-vl-plus,Playground with slide and climber for recess time.,False,False,,"{
    ""en"": ""recess-1"",
    ""zh"": ""课间休息-1"",
    ""yue"": ""小息-1"",
    ""ko"": ""점심시간-1"",
    ""description"": ""This image shows a playground with a green climbing structure and a red slide. The ground is yellow, and there are light blue shapes behind the equipment. This is a place where children can play during recess."",
    ""description_brief"": ""Playground with slide and climber for recess time."",
    ""needs_inspection"": false,
    ""reason"": """"
}"
extra_cards/food/牛肉.jpg,food,"{""en"":""Beef"",""zh"":""牛肉"",""yue"":""牛肉"",""ko"":""소고기""}",JPEG,756,1051,"This image shows steamed beef meatballs in a bamboo steamer. The meatballs are brown and have small green pieces on top. Steam is rising from the food, which means it is hot and ready to eat.",qwen3-vl-plus,"Steamed beef meatballs in a bamboo basket, hot and ready to eat.",False,False,,"{
    ""en"": ""Beef"",
    ""zh"": ""牛肉"",
    ""yue"": ""牛肉"",
    ""ko"": ""소고기"",
    ""description"": ""This image shows steamed beef meatballs in a bamboo steamer. The meatballs are brown and have small green pieces on top. Steam is rising from the food, which means it is hot and ready to eat."",
    ""description_brief"": ""Steamed beef meatballs in a bamboo basket, hot and ready to eat."",
    ""needs_inspection"": false,
    ""reason"": """"
}"
extra_cards/stationery/Date stamp.jpg,stationery,"{""en"":""Date stamp"",""zh"":""日期印章"",""yue"":""日期印"",""ko"":""날짜 도장""}",JPEG,960,808,"This is a yellow and black date stamp with red buttons. Inside, you can see white wheels with numbers and letters to make dates. You press it down to print the date on paper.",qwen3-vl-plus,A date stamp that prints the date when pressed.,False,False,,"{
    ""en"": ""Date stamp"",
    ""zh"": ""日期印章"",
    ""yue"": ""日期印"",
    ""ko"": ""날짜 도장"",
    ""description"": ""This is a yellow and black date stamp with red buttons. Inside, you can see white wheels with numbers and letters to make dates. You press it down to print the date on paper."",
    ""description_brief"": ""A date stamp that prints the date when pressed."",
    ""needs_inspection"": false,
    ""reason"": """"
}"
extra_cards/stationery/Diary1.jpg,stationery,"{""en"":""Diary1"",""zh"":""日记本1"",""yue"":""日記簿1"",""ko"":""일기장1""}",JPEG,720,462,"This is an open diary with lined pages for writing. Each page has dates and days of the week to help organize thoughts or events. The cover is dark blue, and the paper is light beige with clear lines for easy reading and writing.",qwen3-vl-plus,An open diary with lined pages for writing daily notes.,False,False,,"{
    ""en"": ""Diary1"",
    ""zh"": ""日记本1"",
    ""yue"": ""日記簿1"",
    ""ko"": ""일기장1"",
    ""description"": ""This is an open diary with lined pages for writing. Each page has dates and days of the week to help organize thoughts or events. The cover is dark blue, and the paper is light beige with clear lines for easy reading and writing."",
    ""description_brief"": ""An open diary with lined pages for writing daily notes."",
    ""needs_inspection"": false,
    ""reason"": """"
}"
extra_cards/food/瓜.jpg,food,"{""en"":""Cucumber"",""zh"":""黄瓜"",""yue"":""黃瓜"",""ko"":""오이""}",JPEG,756,1051,This is a green cucumber. It is long and smooth with small bumps on the skin. Cucumbers are often eaten raw in salads or as snacks.,qwen3-vl-plus,A green cucumber that you can eat fresh.,False,False,,"{
    ""en"": ""Cucumber"",
    ""zh"": ""黄瓜"",
    ""yue"": ""黃瓜"",
    ""ko"": ""오이"",
    ""description"": ""This is a green cucumber. It is long and smooth with small bumps on the skin. Cucumbers are often eaten raw in salads or as snacks."",
    ""description_brief"": ""A green cucumber that you can eat fresh."",
    ""needs_inspection"": false,
    ""reason"": """"
}"
extra_cards/emotions/happy.jpg,emotions,"{""en"":""happy"",""zh"":""高兴"",""yue"":""高興"",""ko"":""행복한""}",JPEG,300,300,"This image shows a person with a smile on their face. Their mouth is curved up, and their eyes look relaxed. This expression means they are feeling happy or pleased.",qwen3-vl-plus,A smiling face showing happiness.,False,False,,"{
    ""en"": ""happy"",
    ""zh"": ""高兴"",
    ""yue"": ""高興"",
    ""ko"": ""행복한"",
    ""description"": ""This image shows a person with a smile on their face. Their mouth is curved up, and their eyes look relaxed. This expression means they are feeling happy or pleased."",
    ""description_brief"": ""A smiling face showing happiness."",
    ""needs_inspection"": false,
    ""reason"": """"
}"
extra_cards/stationery/Scissors4.jpg,stationery,"{""en"":""Scissors"",""zh"":""剪刀"",""yue"":""剪刀"",""ko"":""가위""}",JPEG,576,421,This is a pair of metal scissors with two round handles and two sharp blades. The blades are open and ready to cut paper or fabric. The scissors are shiny and have a small screw in the middle holding them together.,qwen3-vl-plus,A pair of metal scissors for cutting paper or fabric.,False,False,,"{
    ""en"": ""Scissors"",
    ""zh"": ""剪刀"",
    ""yue"": ""剪刀"",
    ""ko"": ""가위"",
    ""description"": ""This is a pair of metal scissors with two round handles and two sharp blades. The blades are open and ready to cut paper or fabric. The scissors are shiny and have a small screw in the middle holding them together."",
    ""description_brief"": ""A pair of metal scissors for cutting paper or fabric."",
    ""needs_inspection"": false,
    ""reason"": """"
}"
extra_cards/places/12-15鞋店.jpg,places,"{""en"":""Shoe Store"",""zh"":""鞋店"",""yue"":""鞋店"",""ko"":""신발 가게""}",JPEG,756,1051,"This image shows a shoe store with shelves full of colorful shoes. Two girls are trying on shoes while sitting on a bench, and a shopkeeper is behind the counter. The sign says 'SHOES' in English and '鞋店' in Chinese.",qwen3-vl-plus,A shoe store where people try on and buy shoes.,False,False,,"{
    ""en"": ""Shoe Store"",
    ""zh"": ""鞋店"",
    ""yue"": ""鞋店"",
    ""ko"": ""신발 가게"",
    ""description"": ""This image shows a shoe store with shelves full of colorful shoes. Two girls are trying on shoes while sitting on a bench, and a shopkeeper is behind the counter. The sign says 'SHOES' in English and '鞋店' in Chinese."",
    ""description_brief"": ""A shoe store where people try on and buy shoes."",
    ""needs_inspection"": false,
    ""reason"": """"
}"
extra_cards/places/12-16街市.jpg,places,"{""en"":""Market"",""zh"":""街市"",""yue"":""街市"",""ko"":""시장""}",JPEG,756,1051,"This image shows a busy market with people buying fruits and vegetables. There are stalls labeled '生果' for fruit and '蔬菜' for vegetables, and a person in an apron is helping customers. Some people are holding shopping bags and looking at the food.",qwen3-vl-plus,A market where people buy fresh fruits and vegetables from different stalls.,False,False,,"{
    ""en"": ""Market"",
    ""zh"": ""街市"",
    ""yue"": ""街市"",
    ""ko"": ""시장"",
    ""description"": ""This image shows a busy market with people buying fruits and vegetables. There are stalls labeled '生果' for fruit and '蔬菜' for vegetables, and a person in an apron is helping customers. Some people are holding shopping bags and looking at the food."",
    ""description_brief"": ""A market where people buy fresh fruits and vegetables from different stalls."",
    ""needs_inspection"": false,
    ""reason"": """"
}"
extra_cards/food/瓜子.jpg,food,"{""en"":""Sunflower Seeds"",""zh"":""瓜子"",""yue"":""瓜子"",""ko"":""해바라기 씨""}",JPEG,756,1051,"This image shows red sunflower seed shells and yellow sunflower seeds inside. The seeds are small, flat, and oval-shaped. They are often eaten as a snack and can be found in bags at stores.",qwen3-vl-plus,"These are sunflower seeds, which you can eat as a snack.",False,False,,"{
    ""en"": ""Sunflower Seeds"",
    ""zh"": ""瓜子"",
    ""yue"": ""瓜子"",
    ""ko"": ""해바라기 씨"",
    ""description"": ""This image shows red sunflower seed shells and yellow sunflower seeds inside. The seeds are small, flat, and oval-shaped. They are often eaten as a snack and can be found in bags at stores."",
    ""description_brief"": ""These are sunflower seeds, which you can eat as a snack."",
    ""needs_inspection"": false,
    ""reason"": """"
}"
extra_cards/activities/ride-4508.jpg,activities,"{""en"":""ride a bike"",""zh"":""骑自行车"",""yue"":""踩單車"",""ko"":""자전거 타기""}",JPEG,402,502,"A person is riding a brown bicycle. They are wearing a green helmet, green shirt, blue shorts, and blue shoes. The person is leaning forward while holding the handlebars.",qwen3-vl-plus,Someone is riding a bike with a green helmet and blue shorts.,False,False,,"{
    ""en"": ""ride a bike"",
    ""zh"": ""骑自行车"",
    ""yue"": ""踩單車"",
    ""ko"": ""자전거 타기"",
    ""description"": ""A person is riding a brown bicycle. They are wearing a green helmet, green shirt, blue shorts, and blue shoes. The person is leaning forward while holding the handlebars."",
    ""description_brief"": ""Someone is riding a bike with a green helmet and blue shorts."",
    ""needs_inspection"": false,
    ""reason"": """"
}"
extra_cards/emotions/hot.jpg,emotions,"{""en"":""hot"",""zh"":""热"",""yue"":""熱"",""ko"":""더워요""}",JPEG,300,300,The person in the image is feeling hot. They are wiping sweat from their forehead with their hand. Steam lines above their head show they are very warm.,qwen3-vl-plus,I feel hot and sweaty.,False,False,,"{
    ""en"": ""hot"",
    ""zh"": ""热"",
    ""yue"": ""熱"",
    ""ko"": ""더워요"",
    ""description"": ""The person in the image is feeling hot. They are wiping sweat from their forehead with their hand. Steam lines above their head show they are very warm."",
    ""description_brief"": ""I feel hot and sweaty."",
    ""needs_inspection"": false,
    ""reason"": """"
}"
extra_cards/stationery/Scissors5.jpg,stationery,"{""en"":""Scissors5"",""zh"":""剪刀5"",""yue"":""剪刀5"",""ko"":""가위5""}",JPEG,960,603,"This is a pair of scissors with red plastic handles and metal blades. The blades are open and slightly worn, showing they have been used. The handles are shaped to fit fingers comfortably for cutting paper or other soft materials.",qwen3-vl-plus,Red-handled scissors for cutting paper.,False,False,,"{
    ""en"": ""Scissors5"",
    ""zh"": ""剪刀5"",
    ""yue"": ""剪刀5"",
    ""ko"": ""가위5"",
    ""description"": ""This is a pair of scissors with red plastic handles and metal blades. The blades are open and slightly worn, showing they have been used. The handles are shaped to fit fingers comfortably for cutting paper or other soft materials."",
    ""description_brief"": ""Red-handled scissors for cutting paper."",
    ""needs_inspection"": false,
    ""reason"": """"
}"
extra_cards/emotions/happy-2.jpg,emotions,"{""en"":""happy-2"",""zh"":""快乐-2"",""yue"":""開心-2"",""ko"":""행복-2""}",JPEG,300,300,"This image shows a person with arms raised high and a big smile, showing they feel happy. The word '快樂' is written above them, which means happy in Chinese. This picture helps show the feeling of being joyful or excited.",qwen3-vl-plus,A person raising their arms and smiling to show they are happy.,False,False,,"{
    ""en"": ""happy-2"",
    ""zh"": ""快乐-2"",
    ""yue"": ""開心-2"",
    ""ko"": ""행복-2"",
    ""description"": ""This image shows a person with arms raised high and a big smile, showing they feel happy. The word '快樂' is written above them, which means happy in Chinese. This picture helps show the feeling of being joyful or excited."",
    ""description_brief"": ""A person raising their arms and smiling to show they are happy."",
    ""needs_inspection"": false,
    ""reason"": """"
}"
extra_cards/stationery/Diary3.jpg,stationery,"{""en"":""Diary3"",""zh"":""日记本3"",""yue"":""日記簿3"",""ko"":""일기장3""}",JPEG,960,629,"This is an open daily planner from May 2000. Each page has lines for writing notes and shows one day at a time, with dates clearly marked in red. A black ribbon bookmark is placed between the pages to help find your place.",qwen3-vl-plus,An open diary with lined pages for writing daily notes and a black ribbon bookmark.,False,False,,"{
    ""en"": ""Diary3"",
    ""zh"": ""日记本3"",
    ""yue"": ""日記簿3"",
    ""ko"": ""일기장3"",
    ""description"": ""This is an open daily planner from May 2000. Each page has lines for writing notes and shows one day at a time, with dates clearly marked in red. A black ribbon bookmark is placed between the pages to help find your place."",
    ""description_brief"": ""An open diary with lined pages for writing daily notes and a black ribbon bookmark."",
    ""needs_inspection"": false,
    ""reason"": """"
}"
extra_cards/stationery/Scissors6.jpg,stationery,"{""en"":""Scissors"",""zh"":""剪刀"",""yue"":""剪刀"",""ko"":""가위""}",JPEG,960,574,"This is a pair of scissors with black plastic handles and silver metal blades. The blades are sharp and open in a V-shape. The handles have holes for fingers to fit through, making them easy to hold and use.",qwen3-vl-plus,These are scissors with black handles and metal blades for cutting paper or fabric.,False,False,,"{
    ""en"": ""Scissors"",
    ""zh"": ""剪刀"",
    ""yue"": ""剪刀"",
    ""ko"": ""가위"",
    ""description"": ""This is a pair of scissors with black plastic handles and silver metal blades. The blades are sharp and open in a V-shape. The handles have holes for fingers to fit through, making them easy to hold and use."",
    ""description_brief"": ""These are scissors with black handles and metal blades for cutting paper or fabric."",
    ""needs_inspection"": false,
    ""reason"": """"
}"
extra_cards/places/12-17商場.jpg,places,"{""en"":""Shopping Mall"",""zh"":""商场"",""yue"":""商場"",""ko"":""쇼핑몰""}",JPEG,756,1051,"This image shows a shopping mall with escalators going up and down. People are walking around, looking at clothes and toys. Signs in Chinese point to different sections like fashion, clothing, and toys.",qwen3-vl-plus,"A busy shopping mall with people, escalators, and stores selling clothes and toys.",False,False,,"{
    ""en"": ""Shopping Mall"",
    ""zh"": ""商场"",
    ""yue"": ""商場"",
    ""ko"": ""쇼핑몰"",
    ""description"": ""This image shows a shopping mall with escalators going up and down. People are walking around, looking at clothes and toys. Signs in Chinese point to different sections like fashion, clothing, and toys."",
    ""description_brief"": ""A busy shopping mall with people, escalators, and stores selling clothes and toys."",
    ""needs_inspection"": false,
    ""reason"": """"
}"
extra_cards/stationery/Diary2.jpg,stationery,"{""en"":""Diary2"",""zh"":""日记本2"",""yue"":""日記簿2"",""ko"":""일기장2""}",JPEG,720,473,"This is an open diary with lined pages for writing. It shows dates from May 2000, and one entry says 'Dad's 45th Birthday'. There is a black ribbon bookmark inside to help find your page.",qwen3-vl-plus,An open diary with writing space and a ribbon bookmark.,False,False,,"{
    ""en"": ""Diary2"",
    ""zh"": ""日记本2"",
    ""yue"": ""日記簿2"",
    ""ko"": ""일기장2"",
    ""description"": ""This is an open diary with lined pages for writing. It shows dates from May 2000, and one entry says 'Dad's 45th Birthday'. There is a black ribbon bookmark inside to help find your page."",
    ""description_brief"": ""An open diary with writing space and a ribbon bookmark."",
    ""needs_inspection"": false,
    ""reason"": """"
}"
extra_cards/activities/run-4502.jpg,activities,"{""en"":""run-4502"",""zh"":""跑步"",""yue"":""跑步"",""ko"":""달리기""}",JPEG,402,502,"The image shows a boy running. He is wearing a blue shirt, blue shorts, white socks, and brown shoes. His arms are moving and one leg is in the air, which shows he is in motion.",qwen3-vl-plus,A boy is running with his arms out and one leg lifted.,False,False,,"{
    ""en"": ""run-4502"",
    ""zh"": ""跑步"",
    ""yue"": ""跑步"",
    ""ko"": ""달리기"",
    ""description"": ""The image shows a boy running. He is wearing a blue shirt, blue shorts, white socks, and brown shoes. His arms are moving and one leg is in the air, which shows he is in motion."",
    ""description_brief"": ""A boy is running with his arms out and one leg lifted."",
    ""needs_inspection"": false,
    ""reason"": """"
}"
extra_cards/activities/science.jpg,activities,"{""en"":""Nature Exploration"",""zh"":""自然探索"",""yue"":""自然探索"",""ko"":""자연 탐험""}",JPEG,596,596,"This image shows a flower, a butterfly, a bee, and green leaves. A magnifying glass is looking at one leaf closely. It helps children notice small details in nature.",qwen3-vl-plus,Look at plants and bugs with a magnifying glass to explore nature.,False,False,,"{
    ""en"": ""Nature Exploration"",
    ""zh"": ""自然探索"",
    ""yue"": ""自然探索"",
    ""ko"": ""자연 탐험"",
    ""description"": ""This image shows a flower, a butterfly, a bee, and green leaves. A magnifying glass is looking at one leaf closely. It helps children notice small details in nature."",
    ""description_brief"": ""Look at plants and bugs with a magnifying glass to explore nature."",
    ""needs_inspection"": false,
    ""reason"": """"
}"
extra_cards/places/12-18圖書館.jpg,places,"{""en"":""Library"",""zh"":""图书馆"",""yue"":""圖書館"",""ko"":""도서관""}",JPEG,756,1051,"This image shows a library with bookshelves filled with colorful books. Four children are in the library; some are holding books, and one is reading. The children are wearing school uniforms and look happy while being quiet and calm.",qwen3-vl-plus,A quiet place with many books where children can read or borrow books.,False,False,,"{
    ""en"": ""Library"",
    ""zh"": ""图书馆"",
    ""yue"": ""圖書館"",
    ""ko"": ""도서관"",
    ""description"": ""This image shows a library with bookshelves filled with colorful books. Four children are in the library; some are holding books, and one is reading. The children are wearing school uniforms and look happy while being quiet and calm."",
    ""description_brief"": ""A quiet place with many books where children can read or borrow books."",
    ""needs_inspection"": false,
    ""reason"": """"
}"
extra_cards/places/12-19泳池.jpg,places,"{""en"":""Swimming Pool"",""zh"":""泳池"",""yue"":""泳池"",""ko"":""수영장""}",JPEG,756,1051,This is a drawing of a swimming pool. It has blue water and white edges. There are two ladders on the sides to help people get in and out of the water.,qwen3-vl-plus,A place with blue water where you can swim and play.,False,False,,"{
    ""en"": ""Swimming Pool"",
    ""zh"": ""泳池"",
    ""yue"": ""泳池"",
    ""ko"": ""수영장"",
    ""description"": ""This is a drawing of a swimming pool. It has blue water and white edges. There are two ladders on the sides to help people get in and out of the water."",
    ""description_brief"": ""A place with blue water where you can swim and play."",
    ""needs_inspection"": false,
    ""reason"": """"
}"
extra_cards/food/生日蛋糕.jpg,food,"{""en"":""Birthday Cake"",""zh"":""生日蛋糕"",""yue"":""生日蛋糕"",""ko"":""생일 케이크""}",JPEG,756,1051,This is a round yellow birthday cake with white frosting and red strawberries on top. There is one lit candle in the center and a pink sign that says '生日快乐' (Happy Birthday). The cake sits on a decorative white plate.,qwen3-vl-plus,A yellow birthday cake with one candle and strawberries on top.,False,False,,"{
    ""en"": ""Birthday Cake"",
    ""zh"": ""生日蛋糕"",
    ""yue"": ""生日蛋糕"",
    ""ko"": ""생일 케이크"",
    ""description"": ""This is a round yellow birthday cake with white frosting and red strawberries on top. There is one lit candle in the center and a pink sign that says '生日快乐' (Happy Birthday). The cake sits on a decorative white plate."",
    ""description_brief"": ""A yellow birthday cake with one candle and strawberries on top."",
    ""needs_inspection"": false,
    ""reason"": """"
}"
extra_cards/stationery/Scissors8.jpg,stationery,"{""en"":""Scissors8"",""zh"":""剪刀8"",""yue"":""剪刀8"",""ko"":""가위8""}",JPEG,960,548,This is a pair of plastic scissors with pink handles and gray blades. The blades are blunt and safe for children to use. The scissors are open and lying flat on a white background.,qwen3-vl-plus,Pink-handled plastic scissors for safe cutting.,False,False,,"{
    ""en"": ""Scissors8"",
    ""zh"": ""剪刀8"",
    ""yue"": ""剪刀8"",
    ""ko"": ""가위8"",
    ""description"": ""This is a pair of plastic scissors with pink handles and gray blades. The blades are blunt and safe for children to use. The scissors are open and lying flat on a white background."",
    ""description_brief"": ""Pink-handled plastic scissors for safe cutting."",
    ""needs_inspection"": false,
    ""reason"": """"
}"
extra_cards/emotions/hungry.jpg,emotions,"{""en"":""hungry"",""zh"":""饿"",""yue"":""肚餓"",""ko"":""배고픔""}",JPEG,300,300,"The image shows a person holding their stomach with one hand and thinking about food. A thought bubble above their head contains pictures of a hamburger, a bowl of noodles, and a dessert. The text '肚子餓' means they feel hungry and want to eat.",qwen3-vl-plus,I am hungry and want to eat food.,False,False,,"{
    ""en"": ""hungry"",
    ""zh"": ""饿"",
    ""yue"": ""肚餓"",
    ""ko"": ""배고픔"",
    ""description"": ""The image shows a person holding their stomach with one hand and thinking about food. A thought bubble above their head contains pictures of a hamburger, a bowl of noodles, and a dessert. The text '肚子餓' means they feel hungry and want to eat."",
    ""description_brief"": ""I am hungry and want to eat food."",
    ""needs_inspection"": false,
    ""reason"": """"
}"
extra_cards/activities/settable.png,activities,"{""en"":""settable"",""zh"":""摆桌子"",""yue"":""擺台"",""ko"":""식탁 세팅""}",PNG,1875,1875,"A person is standing at a table holding white plates and bowls. The table has green placemats, silverware, and clear glasses already placed on it. The person is smiling and appears ready to finish setting the table for a meal.",qwen3-vl-plus,"Someone is setting the table with plates, bowls, and glasses.",False,False,,"{
    ""en"": ""settable"",
    ""zh"": ""摆桌子"",
    ""yue"": ""擺台"",
    ""ko"": ""식탁 세팅"",
    ""description"": ""A person is standing at a table holding white plates and bowls. The table has green placemats, silverware, and clear glasses already placed on it. The person is smiling and appears ready to finish setting the table for a meal."",
    ""description_brief"": ""Someone is setting the table with plates, bowls, and glasses."",
    ""needs_inspection"": false,
    ""reason"": """"
}"
extra_cards/stationery/Diary5.jpg,stationery,"{""en"":""Diary5"",""zh"":""日记本5"",""yue"":""日記簿5"",""ko"":""다이어리5""}",JPEG,960,815,"This is a red desk calendar with white pages. It shows the date Tuesday, May 23, 2000. The pages have lines for writing notes and are held together by two white rings.",qwen3-vl-plus,A red calendar with white pages to write notes and track dates.,False,False,,"{
    ""en"": ""Diary5"",
    ""zh"": ""日记本5"",
    ""yue"": ""日記簿5"",
    ""ko"": ""다이어리5"",
    ""description"": ""This is a red desk calendar with white pages. It shows the date Tuesday, May 23, 2000. The pages have lines for writing notes and are held together by two white rings."",
    ""description_brief"": ""A red calendar with white pages to write notes and track dates."",
    ""needs_inspection"": false,
    ""reason"": """"
}"
extra_cards/stationery/Scissors7.jpg,stationery,"{""en"":""Scissors7"",""zh"":""剪刀7"",""yue"":""剪刀7"",""ko"":""가위7""}",JPEG,960,675,This is a pair of children's scissors with red blades and yellow handles. The handles are large and rounded to fit small hands easily. The tips are blunt for safety during use.,qwen3-vl-plus,Red and yellow scissors for cutting paper safely.,False,False,,"{
    ""en"": ""Scissors7"",
    ""zh"": ""剪刀7"",
    ""yue"": ""剪刀7"",
    ""ko"": ""가위7"",
    ""description"": ""This is a pair of children's scissors with red blades and yellow handles. The handles are large and rounded to fit small hands easily. The tips are blunt for safety during use."",
    ""description_brief"": ""Red and yellow scissors for cutting paper safely."",
    ""needs_inspection"": false,
    ""reason"": """"
}"
extra_cards/activities/shopping.jpg,activities,"{""en"":""shopping"",""zh"":""买东西"",""yue"":""買東西"",""ko"":""쇼핑""}",JPEG,596,596,"This image shows a red shopping basket with handles. Inside the basket are many colorful items like yogurt containers and other groceries. The Chinese characters below say 'buy things', which means going to get food or other items you need.",qwen3-vl-plus,A red basket full of groceries for shopping.,False,False,,"{
    ""en"": ""shopping"",
    ""zh"": ""买东西"",
    ""yue"": ""買東西"",
    ""ko"": ""쇼핑"",
    ""description"": ""This image shows a red shopping basket with handles. Inside the basket are many colorful items like yogurt containers and other groceries. The Chinese characters below say 'buy things', which means going to get food or other items you need."",
    ""description_brief"": ""A red basket full of groceries for shopping."",
    ""needs_inspection"": false,
    ""reason"": """"
}"
extra_cards/food/百力滋.jpg,food,"{""en"":""Pocky"",""zh"":""百力滋"",""yue"":""百力滋"",""ko"":""포키""}",JPEG,756,1051,"This image shows a green box and a white wrapper with green stripes, both containing long, thin, golden-brown sticks. These are Pocky, a snack that is crunchy on the outside and soft inside. The sticks are often coated with chocolate or other flavors.",qwen3-vl-plus,"A box and wrapper of Pocky sticks, which are crunchy snacks you can eat.",False,False,,"{
    ""en"": ""Pocky"",
    ""zh"": ""百力滋"",
    ""yue"": ""百力滋"",
    ""ko"": ""포키"",
    ""description"": ""This image shows a green box and a white wrapper with green stripes, both containing long, thin, golden-brown sticks. These are Pocky, a snack that is crunchy on the outside and soft inside. The sticks are often coated with chocolate or other flavors."",
    ""description_brief"": ""A box and wrapper of Pocky sticks, which are crunchy snacks you can eat."",
    ""needs_inspection"": false,
    ""reason"": """"
}"
extra_cards/stationery/Diary4.jpg,stationery,"{""en"":""Diary4"",""zh"":""日记本4"",""yue"":""日記簿4"",""ko"":""다이어리4""}",JPEG,475,960,"This is a red desk calendar with a flip page for each day. The top page shows Tuesday, May 23, 2000, and has small calendars for April and June. Below the date, there are lined pages for writing notes, and a quote at the bottom says, 'A man travels the world over in search of what he needs and returns home to find it.'",qwen3-vl-plus,A red desk calendar with daily pages and space to write notes.,False,False,,"{
    ""en"": ""Diary4"",
    ""zh"": ""日记本4"",
    ""yue"": ""日記簿4"",
    ""ko"": ""다이어리4"",
    ""description"": ""This is a red desk calendar with a flip page for each day. The top page shows Tuesday, May 23, 2000, and has small calendars for April and June. Below the date, there are lined pages for writing notes, and a quote at the bottom says, 'A man travels the world over in search of what he needs and returns home to find it.'"",
    ""description_brief"": ""A red desk calendar with daily pages and space to write notes."",
    ""needs_inspection"": false,
    ""reason"": """"
}"
extra_cards/stationery/Diary6.jpg,stationery,"{""en"":""Diary6"",""zh"":""日记本6"",""yue"":""日記簿6"",""ko"":""일기장6""}",JPEG,960,522,"This is a spiral-bound diary with lined pages for writing notes or schedules. It has handwritten entries, dates, and a ribbon bookmark to help find your place. The pages are cream-colored and include small calendars at the bottom for planning.",qwen3-vl-plus,A notebook with lines and a ribbon to write down daily plans or reminders.,False,False,,"{
    ""en"": ""Diary6"",
    ""zh"": ""日记本6"",
    ""yue"": ""日記簿6"",
    ""ko"": ""일기장6"",
    ""description"": ""This is a spiral-bound diary with lined pages for writing notes or schedules. It has handwritten entries, dates, and a ribbon bookmark to help find your place. The pages are cream-colored and include small calendars at the bottom for planning."",
    ""description_brief"": ""A notebook with lines and a ribbon to write down daily plans or reminders."",
    ""needs_inspection"": false,
    ""reason"": """"
}"
extra_cards/places/12-20沙灘.jpg,places,"{""en"":""Beach"",""zh"":""沙滩"",""yue"":""沙灘"",""ko"":""해변""}",JPEG,756,1051,"This image shows a sunny beach with sand, water, and a bright sun. A woman is sitting under a colorful umbrella in a chair, wearing sunglasses. Two children are playing in the sand near the water, one holding a bucket and the other holding a shovel.",qwen3-vl-plus,"A family enjoying a sunny day at the beach with sand, water, and an umbrella.",False,False,,"{
    ""en"": ""Beach"",
    ""zh"": ""沙滩"",
    ""yue"": ""沙灘"",
    ""ko"": ""해변"",
    ""description"": ""This image shows a sunny beach with sand, water, and a bright sun. A woman is sitting under a colorful umbrella in a chair, wearing sunglasses. Two children are playing in the sand near the water, one holding a bucket and the other holding a shovel."",
    ""description_brief"": ""A family enjoying a sunny day at the beach with sand, water, and an umbrella."",
    ""needs_inspection"": false,
    ""reason"": """"
}"
extra_cards/emotions/iammad.jpg,emotions,"{""en"":""I am mad"",""zh"":""我在生气"",""yue"":""我好嬲"",""ko"":""나 화났어""}",JPEG,300,300,This picture shows a person with arms crossed and a frowning face. The person looks upset or angry. The words above say 'I am mad' to help explain the feeling.,qwen3-vl-plus,I am mad because I feel angry.,False,False,,"{
    ""en"": ""I am mad"",
    ""zh"": ""我在生气"",
    ""yue"": ""我好嬲"",
    ""ko"": ""나 화났어"",
    ""description"": ""This picture shows a person with arms crossed and a frowning face. The person looks upset or angry. The words above say 'I am mad' to help explain the feeling."",
    ""description_brief"": ""I am mad because I feel angry."",
    ""needs_inspection"": false,
    ""reason"": """"
}"
extra_cards/stationery/Scissors9.jpg,stationery,"{""en"":""Scissors9"",""zh"":""剪刀9"",""yue"":""剪刀9"",""ko"":""가위9""}",JPEG,1200,934,This is a pair of red-handled scissors with metal blades. The handles are made of plastic and have a yellow pivot point in the middle. These scissors are used for cutting paper or other thin materials.,qwen3-vl-plus,Red scissors for cutting paper.,False,False,,"{
    ""en"": ""Scissors9"",
    ""zh"": ""剪刀9"",
    ""yue"": ""剪刀9"",
    ""ko"": ""가위9"",
    ""description"": ""This is a pair of red-handled scissors with metal blades. The handles are made of plastic and have a yellow pivot point in the middle. These scissors are used for cutting paper or other thin materials."",
    ""description_brief"": ""Red scissors for cutting paper."",
    ""needs_inspection"": false,
    ""reason"": """"
}"
extra_cards/food/粟米.jpg,food,"{""en"":""Corn"",""zh"":""玉米"",""yue"":""粟米"",""ko"":""옥수수""}",JPEG,756,1051,"This is a drawing of corn on the cob. The yellow kernels are visible, and the green husk is partially peeled back. Corn is a common food that can be eaten cooked or raw.",qwen3-vl-plus,A picture of corn with green leaves and yellow kernels.,False,False,,"{
    ""en"": ""Corn"",
    ""zh"": ""玉米"",
    ""yue"": ""粟米"",
    ""ko"": ""옥수수"",
    ""description"": ""This is a drawing of corn on the cob. The yellow kernels are visible, and the green husk is partially peeled back. Corn is a common food that can be eaten cooked or raw."",
    ""description_brief"": ""A picture of corn with green leaves and yellow kernels."",
    ""needs_inspection"": false,
    ""reason"": """"
}"
extra_cards/activities/shower.jpg,activities,"{""en"":""shower"",""zh"":""洗澡"",""yue"":""沖涼"",""ko"":""샤워""}",JPEG,596,596,"This image shows a shower head with water coming out in straight lines. The water is drawn as blue dashed lines to show it is flowing downward. Below the shower, there are Chinese characters that mean 'take a bath' or 'shower'.",qwen3-vl-plus,This is a shower with water coming out for bathing.,False,False,,"{
    ""en"": ""shower"",
    ""zh"": ""洗澡"",
    ""yue"": ""沖涼"",
    ""ko"": ""샤워"",
    ""description"": ""This image shows a shower head with water coming out in straight lines. The water is drawn as blue dashed lines to show it is flowing downward. Below the shower, there are Chinese characters that mean 'take a bath' or 'shower'."",
    ""description_brief"": ""This is a shower with water coming out for bathing."",
    ""needs_inspection"": false,
    ""reason"": """"
}"
extra_cards/food/益力多.jpg,food,"{""en"":""Yakult"",""zh"":""益力多"",""yue"":""益力多"",""ko"":""야쿠르트""}",JPEG,756,1051,This is a picture of a small yellow bottle with a red cap. The word 'Yaaa' is written on the bottle in red letters. It is a drink that many children like to drink because it tastes sweet and is good for your tummy.,qwen3-vl-plus,"A small yellow bottle of Yakult with a red cap, a sweet drink for kids.",False,False,,"{
    ""en"": ""Yakult"",
    ""zh"": ""益力多"",
    ""yue"": ""益力多"",
    ""ko"": ""야쿠르트"",
    ""description"": ""This is a picture of a small yellow bottle with a red cap. The word 'Yaaa' is written on the bottle in red letters. It is a drink that many children like to drink because it tastes sweet and is good for your tummy."",
    ""description_brief"": ""A small yellow bottle of Yakult with a red cap, a sweet drink for kids."",
    ""needs_inspection"": false,
    ""reason"": """"
}"
extra_cards/stationery/Diary7.jpg,stationery,"{""en"":""Diary7"",""zh"":""日记本7"",""yue"":""日記簿7"",""ko"":""다이어리7""}",JPEG,960,478,"This is a black ring-bound planner with white pages. It has red tabs for sections like Daily, Notes, Expenses, and Tel. Add. The pages show dates and lines for writing things down. It helps organize daily tasks and reminders in a clear way.",qwen3-vl-plus,A black planner with red tabs to help write down daily tasks and notes.,False,False,,"{
    ""en"": ""Diary7"",
    ""zh"": ""日记本7"",
    ""yue"": ""日記簿7"",
    ""ko"": ""다이어리7"",
    ""description"": ""This is a black ring-bound planner with white pages. It has red tabs for sections like Daily, Notes, Expenses, and Tel. Add. The pages show dates and lines for writing things down. It helps organize daily tasks and reminders in a clear way."",
    ""description_brief"": ""A black planner with red tabs to help write down daily tasks and notes."",
    ""needs_inspection"": false,
    ""reason"": """"
}"
extra_cards/places/12-21郊野公園.jpg,places,"{""en"":""Country Park"",""zh"":""郊野公园"",""yue"":""郊野公園"",""ko"":""자연공원""}",JPEG,756,1051,"This image shows a peaceful outdoor park with green grass, trees, and a wooden gazebo. There is a picnic table with benches and a path leading to the gazebo. Small flowers are growing near the grass, and the sky is blue with white clouds.",qwen3-vl-plus,"A quiet park with grass, trees, a gazebo, and a picnic table.",False,False,,"{
    ""en"": ""Country Park"",
    ""zh"": ""郊野公园"",
    ""yue"": ""郊野公園"",
    ""ko"": ""자연공원"",
    ""description"": ""This image shows a peaceful outdoor park with green grass, trees, and a wooden gazebo. There is a picnic table with benches and a path leading to the gazebo. Small flowers are growing near the grass, and the sky is blue with white clouds."",
    ""description_brief"": ""A quiet park with grass, trees, a gazebo, and a picnic table."",
    ""needs_inspection"": false,
    ""reason"": """"
}"
extra_cards/food/粥.jpg,food,"{""en"":""Porridge"",""zh"":""粥"",""yue"":""粥"",""ko"":""죽""}",JPEG,756,1051,"This is a red bowl filled with white porridge. Steam is rising from the bowl, which means it is hot and ready to eat. Porridge is soft and easy to swallow, often eaten for breakfast.",qwen3-vl-plus,A hot bowl of porridge in a red bowl.,False,False,,"{
    ""en"": ""Porridge"",
    ""zh"": ""粥"",
    ""yue"": ""粥"",
    ""ko"": ""죽"",
    ""description"": ""This is a red bowl filled with white porridge. Steam is rising from the bowl, which means it is hot and ready to eat. Porridge is soft and easy to swallow, often eaten for breakfast."",
    ""description_brief"": ""A hot bowl of porridge in a red bowl."",
    ""needs_inspection"": false,
    ""reason"": """"
}"
extra_cards/stationery/Set square2.jpg,stationery,"{""en"":""Set square"",""zh"":""三角尺"",""yue"":""三角尺"",""ko"":""자""}",JPEG,1096,794,This is a blue plastic triangle ruler. It has measurement markings in centimeters and inches along the edges. The center is cut out to make it lighter and easier to handle.,qwen3-vl-plus,A blue triangle ruler with measurements for drawing straight lines and angles.,False,False,,"{
    ""en"": ""Set square"",
    ""zh"": ""三角尺"",
    ""yue"": ""三角尺"",
    ""ko"": ""자"",
    ""description"": ""This is a blue plastic triangle ruler. It has measurement markings in centimeters and inches along the edges. The center is cut out to make it lighter and easier to handle."",
    ""description_brief"": ""A blue triangle ruler with measurements for drawing straight lines and angles."",
    ""needs_inspection"": false,
    ""reason"": """"
}"
extra_cards/emotions/idonotlikeit.jpg,emotions,"{""en"":""I don't like it"",""zh"":""我不喜欢"",""yue"":""我唔鍾意"",""ko"":""나는 좋아하지 않아요""}",JPEG,300,300,This image shows a person making a face that shows they do not like something. The person is saying 'Yuck!' which means they feel disgusted or unhappy about what they are seeing or tasting. This helps children understand how to express dislike in a simple and clear way.,qwen3-vl-plus,A person says 'Yuck!' because they don’t like something.,False,False,,"{
    ""en"": ""I don't like it"",
    ""zh"": ""我不喜欢"",
    ""yue"": ""我唔鍾意"",
    ""ko"": ""나는 좋아하지 않아요"",
    ""description"": ""This image shows a person making a face that shows they do not like something. The person is saying 'Yuck!' which means they feel disgusted or unhappy about what they are seeing or tasting. This helps children understand how to express dislike in a simple and clear way."",
    ""description_brief"": ""A person says 'Yuck!' because they don’t like something."",
    ""needs_inspection"": false,
    ""reason"": """"
}"
extra_cards/emotions/idonotwantit.jpg,emotions,"{""en"":""I don't want this"",""zh"":""我不要这个"",""yue"":""我唔要呢個"",""ko"":""이건 원하지 않아요""}",JPEG,300,300,"A person is standing next to a table with a glass of water. They are holding their hand out, palm facing forward, to say they do not want the glass. The text above says 'I don't want this' in Chinese characters.",qwen3-vl-plus,A person says no to a glass of water by holding up their hand.,False,False,,"{
    ""en"": ""I don't want this"",
    ""zh"": ""我不要这个"",
    ""yue"": ""我唔要呢個"",
    ""ko"": ""이건 원하지 않아요"",
    ""description"": ""A person is standing next to a table with a glass of water. They are holding their hand out, palm facing forward, to say they do not want the glass. The text above says 'I don't want this' in Chinese characters."",
    ""description_brief"": ""A person says no to a glass of water by holding up their hand."",
    ""needs_inspection"": false,
    ""reason"": """"
}"
extra_cards/places/12-22燒烤場.jpg,places,"{""en"":""Barbecue Area"",""zh"":""烧烤场"",""yue"":""燒烤場"",""ko"":""바베큐장""}",JPEG,756,1051,This image shows four children sitting at two stone barbecue grills outdoors. They are using tongs to cook food over the flames. The area is surrounded by green trees and has a clear blue sky above.,qwen3-vl-plus,Children are cooking food on outdoor grills at a barbecue area.,False,False,,"{
    ""en"": ""Barbecue Area"",
    ""zh"": ""烧烤场"",
    ""yue"": ""燒烤場"",
    ""ko"": ""바베큐장"",
    ""description"": ""This image shows four children sitting at two stone barbecue grills outdoors. They are using tongs to cook food over the flames. The area is surrounded by green trees and has a clear blue sky above."",
    ""description_brief"": ""Children are cooking food on outdoor grills at a barbecue area."",
    ""needs_inspection"": false,
    ""reason"": """"
}"
extra_cards/stationery/Set square.jpg,stationery,"{""en"":""Set square"",""zh"":""三角尺"",""yue"":""三角尺"",""ko"":""자""}",JPEG,1134,970,This is a blue plastic set square with measurement markings in centimeters. It has a triangular shape with a hole in the middle and is placed over a blue pencil. The pencil has a sharpened tip and is lying diagonally under the set square.,qwen3-vl-plus,A blue triangle ruler with a pencil underneath it.,False,False,,"{
    ""en"": ""Set square"",
    ""zh"": ""三角尺"",
    ""yue"": ""三角尺"",
    ""ko"": ""자"",
    ""description"": ""This is a blue plastic set square with measurement markings in centimeters. It has a triangular shape with a hole in the middle and is placed over a blue pencil. The pencil has a sharpened tip and is lying diagonally under the set square."",
    ""description_brief"": ""A blue triangle ruler with a pencil underneath it."",
    ""needs_inspection"": false,
    ""reason"": """"
}"
extra_cards/food/粽.jpg,food,"{""en"":""Zongzi"",""zh"":""粽子"",""yue"":""糉子"",""ko"":""종자""}",JPEG,756,1051,"This image shows a wrapped zongzi, which is made of sticky rice and fillings inside bamboo leaves. One zongzi is cut open to show the yellow rice and red filling inside. It is tied with a string and often eaten during festivals.",qwen3-vl-plus,"A sticky rice dumpling wrapped in leaves, sometimes with sweet or savory fillings.",False,False,,"{
    ""en"": ""Zongzi"",
    ""zh"": ""粽子"",
    ""yue"": ""糉子"",
    ""ko"": ""종자"",
    ""description"": ""This image shows a wrapped zongzi, which is made of sticky rice and fillings inside bamboo leaves. One zongzi is cut open to show the yellow rice and red filling inside. It is tied with a string and often eaten during festivals."",
    ""description_brief"": ""A sticky rice dumpling wrapped in leaves, sometimes with sweet or savory fillings."",
    ""needs_inspection"": false,
    ""reason"": """"
}"
extra_cards/places/12-23醫院.jpg,places,"{""en"":""Hospital"",""zh"":""医院"",""yue"":""醫院"",""ko"":""병원""}",JPEG,756,1051,"This image shows a hospital building with a red cross sign. There is an ambulance parked outside, and two medical workers—a doctor and a nurse—are standing in front. The scene is calm and clearly labeled to help children understand it is a place for health care.",qwen3-vl-plus,This is a hospital where doctors and nurses help people feel better.,False,False,,"{
    ""en"": ""Hospital"",
    ""zh"": ""医院"",
    ""yue"": ""醫院"",
    ""ko"": ""병원"",
    ""description"": ""This image shows a hospital building with a red cross sign. There is an ambulance parked outside, and two medical workers—a doctor and a nurse—are standing in front. The scene is calm and clearly labeled to help children understand it is a place for health care."",
    ""description_brief"": ""This is a hospital where doctors and nurses help people feel better."",
    ""needs_inspection"": false,
    ""reason"": """"
}"
extra_cards/stationery/Drawing pins.jpg,stationery,"{""en"":""Drawing pins"",""zh"":""图钉"",""yue"":""圖釘"",""ko"":""핀""}",JPEG,960,664,"This image shows many colorful drawing pins on a white surface. Some are scattered around, and others are inside a clear plastic bowl. The pins have round, bright heads and sharp metal points.",qwen3-vl-plus,Colorful drawing pins on a table with some in a bowl.,False,False,,"{
    ""en"": ""Drawing pins"",
    ""zh"": ""图钉"",
    ""yue"": ""圖釘"",
    ""ko"": ""핀"",
    ""description"": ""This image shows many colorful drawing pins on a white surface. Some are scattered around, and others are inside a clear plastic bowl. The pins have round, bright heads and sharp metal points."",
    ""description_brief"": ""Colorful drawing pins on a table with some in a bowl."",
    ""needs_inspection"": false,
    ""reason"": """"
}"
extra_cards/emotions/iforgot.jpg,emotions,"{""en"":""I forgot"",""zh"":""我忘了"",""yue"":""我唔記得"",""ko"":""나는 잊었어요""}",JPEG,300,300,"This picture shows a person touching their head with a confused look. There are question marks above their head, which means they cannot remember something. The words '我忘了' mean 'I forgot' in Chinese.",qwen3-vl-plus,Someone is thinking hard because they forgot something.,False,False,,"{
    ""en"": ""I forgot"",
    ""zh"": ""我忘了"",
    ""yue"": ""我唔記得"",
    ""ko"": ""나는 잊었어요"",
    ""description"": ""This picture shows a person touching their head with a confused look. There are question marks above their head, which means they cannot remember something. The words '我忘了' mean 'I forgot' in Chinese."",
    ""description_brief"": ""Someone is thinking hard because they forgot something."",
    ""needs_inspection"": false,
    ""reason"": """"
}"
extra_cards/stationery/Stapler1.jpg,stationery,"{""en"":""Stapler"",""zh"":""订书机"",""yue"":""訂書機"",""ko"":""스테플러""}",JPEG,960,657,This is a blue stapler. It has a shiny plastic body and a metal part that presses staples into paper. You can open the bottom to put in more staples.,qwen3-vl-plus,A blue stapler used to fasten papers together.,False,False,,"{
    ""en"": ""Stapler"",
    ""zh"": ""订书机"",
    ""yue"": ""訂書機"",
    ""ko"": ""스테플러"",
    ""description"": ""This is a blue stapler. It has a shiny plastic body and a metal part that presses staples into paper. You can open the bottom to put in more staples."",
    ""description_brief"": ""A blue stapler used to fasten papers together."",
    ""needs_inspection"": false,
    ""reason"": """"
}"
extra_cards/stationery/Drawing pins2.jpg,stationery,"{""en"":""Drawing pins"",""zh"":""图钉"",""yue"":""圖釘"",""ko"":""핀""}",JPEG,960,707,"This image shows many colorful drawing pins in a clear plastic bowl. Some drawing pins are also placed on the white surface around the bowl. The pins have round, bright heads and sharp metal points.",qwen3-vl-plus,Colorful drawing pins in a bowl and on a table.,False,False,,"{
    ""en"": ""Drawing pins"",
    ""zh"": ""图钉"",
    ""yue"": ""圖釘"",
    ""ko"": ""핀"",
    ""description"": ""This image shows many colorful drawing pins in a clear plastic bowl. Some drawing pins are also placed on the white surface around the bowl. The pins have round, bright heads and sharp metal points."",
    ""description_brief"": ""Colorful drawing pins in a bowl and on a table."",
    ""needs_inspection"": false,
    ""reason"": """"
}"
extra_cards/emotions/mad.jpg,emotions,"{""en"":""mad"",""zh"":""生气"",""yue"":""生氣"",""ko"":""화남""}",JPEG,300,300,"This picture shows a person with their arms crossed and a serious face. This means they are feeling mad or upset. It is okay to feel this way, and we can talk about it when ready.",qwen3-vl-plus,I am mad because something made me upset.,False,False,,"{
    ""en"": ""mad"",
    ""zh"": ""生气"",
    ""yue"": ""生氣"",
    ""ko"": ""화남"",
    ""description"": ""This picture shows a person with their arms crossed and a serious face. This means they are feeling mad or upset. It is okay to feel this way, and we can talk about it when ready."",
    ""description_brief"": ""I am mad because something made me upset."",
    ""needs_inspection"": false,
    ""reason"": """"
}"
extra_cards/activities/sit-4809.jpg,activities,"{""en"":""sit-4809"",""zh"":""坐-4809"",""yue"":""坐-4809"",""ko"":""앉기-4809""}",JPEG,402,502,"A woman is sitting on a green office chair. She is wearing a red dress and black shoes. Her body is straight, and her hands are resting on her lap.",qwen3-vl-plus,A woman is sitting on a chair with her back straight.,False,False,,"{
    ""en"": ""sit-4809"",
    ""zh"": ""坐-4809"",
    ""yue"": ""坐-4809"",
    ""ko"": ""앉기-4809"",
    ""description"": ""A woman is sitting on a green office chair. She is wearing a red dress and black shoes. Her body is straight, and her hands are resting on her lap."",
    ""description_brief"": ""A woman is sitting on a chair with her back straight."",
    ""needs_inspection"": false,
    ""reason"": """"
}"
extra_cards/food/糖.jpg,food,"{""en"":""Candy"",""zh"":""糖"",""yue"":""糖"",""ko"":""사탕""}",JPEG,756,1051,"This image shows different types of candy. There are wrapped candies in yellow and red, square candies in green and orange, and round candies spilling from a blue tube. The word '糖' is written at the bottom to label the picture.",qwen3-vl-plus,"This card shows candy, including wrapped, square, and round pieces.",False,False,,"{
    ""en"": ""Candy"",
    ""zh"": ""糖"",
    ""yue"": ""糖"",
    ""ko"": ""사탕"",
    ""description"": ""This image shows different types of candy. There are wrapped candies in yellow and red, square candies in green and orange, and round candies spilling from a blue tube. The word '糖' is written at the bottom to label the picture."",
    ""description_brief"": ""This card shows candy, including wrapped, square, and round pieces."",
    ""needs_inspection"": false,
    ""reason"": """"
}"
extra_cards/stationery/Stapler2.jpg,stationery,"{""en"":""Stapler"",""zh"":""订书机"",""yue"":""訂書機"",""ko"":""스테플러""}",JPEG,1200,683,This is a red and white stapler. It has a metal part that presses down to put staples into paper. You can use it to hold papers together.,qwen3-vl-plus,A red and white stapler used to fasten papers together.,False,False,,"{
    ""en"": ""Stapler"",
    ""zh"": ""订书机"",
    ""yue"": ""訂書機"",
    ""ko"": ""스테플러"",
    ""description"": ""This is a red and white stapler. It has a metal part that presses down to put staples into paper. You can use it to hold papers together."",
    ""description_brief"": ""A red and white stapler used to fasten papers together."",
    ""needs_inspection"": false,
    ""reason"": """"
}"
extra_cards/activities/singing.jpg,activities,"{""en"":""singing"",""zh"":""唱歌"",""yue"":""唱歌"",""ko"":""노래 부르기""}",JPEG,596,596,"The image shows two people with open mouths and musical notes coming out, which means they are singing. Both are wearing yellow shirts and have curly hair. This picture is used to show the activity of singing.",qwen3-vl-plus,Two people are singing with music notes coming from their mouths.,False,False,,"{
    ""en"": ""singing"",
    ""zh"": ""唱歌"",
    ""yue"": ""唱歌"",
    ""ko"": ""노래 부르기"",
    ""description"": ""The image shows two people with open mouths and musical notes coming out, which means they are singing. Both are wearing yellow shirts and have curly hair. This picture is used to show the activity of singing."",
    ""description_brief"": ""Two people are singing with music notes coming from their mouths."",
    ""needs_inspection"": false,
    ""reason"": """"
}"
extra_cards/places/12-24診所.jpg,places,"{""en"":""Clinic"",""zh"":""诊所"",""yue"":""診所"",""ko"":""진료소""}",JPEG,756,1051,"This image shows a family at a clinic. A woman, a man, and a child are standing near the reception desk and the examination room door. The walls are light blue, there is a green bench to sit on, and a nurse is visible behind the registration window.",qwen3-vl-plus,A family is visiting a clinic to see a doctor or nurse.,False,False,,"{
    ""en"": ""Clinic"",
    ""zh"": ""诊所"",
    ""yue"": ""診所"",
    ""ko"": ""진료소"",
    ""description"": ""This image shows a family at a clinic. A woman, a man, and a child are standing near the reception desk and the examination room door. The walls are light blue, there is a green bench to sit on, and a nurse is visible behind the registration window."",
    ""description_brief"": ""A family is visiting a clinic to see a doctor or nurse."",
    ""needs_inspection"": false,
    ""reason"": """"
}"
extra_cards/stationery/Diary8.jpg,stationery,"{""en"":""Diary8"",""zh"":""日记本8"",""yue"":""日記簿8"",""ko"":""다이어리8""}",JPEG,951,738,"This is a spiral-bound daily planner with pages for June 25 to July 1. Each day has lined spaces for writing activities or notes. The pages are cream-colored and the cover is black, making it easy to see and use.",qwen3-vl-plus,A black spiral planner with daily lined pages from June 25 to July 1.,False,False,,"{
    ""en"": ""Diary8"",
    ""zh"": ""日记本8"",
    ""yue"": ""日記簿8"",
    ""ko"": ""다이어리8"",
    ""description"": ""This is a spiral-bound daily planner with pages for June 25 to July 1. Each day has lined spaces for writing activities or notes. The pages are cream-colored and the cover is black, making it easy to see and use."",
    ""description_brief"": ""A black spiral planner with daily lined pages from June 25 to July 1."",
    ""needs_inspection"": false,
    ""reason"": """"
}"
extra_cards/activities/sleep-4504.jpg,activities,"{""en"":""sleep"",""zh"":""睡觉"",""yue"":""睡覺"",""ko"":""잠자기""}",JPEG,402,502,"A child is lying in bed with eyes closed, covered by a blue blanket. The bed has a wooden headboard and a light blue pillow. This image shows the activity of sleeping, which is a quiet time for rest.",qwen3-vl-plus,A child is sleeping in bed under a blanket.,False,False,,"{
    ""en"": ""sleep"",
    ""zh"": ""睡觉"",
    ""yue"": ""睡覺"",
    ""ko"": ""잠자기"",
    ""description"": ""A child is lying in bed with eyes closed, covered by a blue blanket. The bed has a wooden headboard and a light blue pillow. This image shows the activity of sleeping, which is a quiet time for rest."",
    ""description_brief"": ""A child is sleeping in bed under a blanket."",
    ""needs_inspection"": false,
    ""reason"": """"
}"
extra_cards/food/糖冬瓜.jpg,food,"{""en"":""Candied Winter Melon"",""zh"":""糖冬瓜"",""yue"":""糖冬瓜"",""ko"":""당근과""}",JPEG,756,1051,"This image shows pieces of candied winter melon. They are light green, cut into small chunks, and have a sugary coating. This sweet snack is often eaten during festivals or as a treat.",qwen3-vl-plus,"Sweet, sugary pieces of winter melon for snacking.",False,False,,"{
    ""en"": ""Candied Winter Melon"",
    ""zh"": ""糖冬瓜"",
    ""yue"": ""糖冬瓜"",
    ""ko"": ""당근과"",
    ""description"": ""This image shows pieces of candied winter melon. They are light green, cut into small chunks, and have a sugary coating. This sweet snack is often eaten during festivals or as a treat."",
    ""description_brief"": ""Sweet, sugary pieces of winter melon for snacking."",
    ""needs_inspection"": false,
    ""reason"": """"
}"
extra_cards/stationery/Stapler3.jpg,stationery,"{""en"":""Stapler"",""zh"":""订书机"",""yue"":""訂書機"",""ko"":""스테플러""}",JPEG,960,536,This is a stapler. It has a white handle and a black base. You press down on the handle to put staples into paper.,qwen3-vl-plus,A stapler that presses staples into paper.,False,False,,"{
    ""en"": ""Stapler"",
    ""zh"": ""订书机"",
    ""yue"": ""訂書機"",
    ""ko"": ""스테플러"",
    ""description"": ""This is a stapler. It has a white handle and a black base. You press down on the handle to put staples into paper."",
    ""description_brief"": ""A stapler that presses staples into paper."",
    ""needs_inspection"": false,
    ""reason"": """"
}"
extra_cards/emotions/sad.jpg,emotions,"{""en"":""sad"",""zh"":""失望"",""yue"":""失望"",""ko"":""실망""}",JPEG,300,300,"This picture shows a person with tears on their face. Their eyebrows are lowered and their mouth is turned down, which shows they feel sad or disappointed. This is a way to show how someone feels when things don’t go the way they hoped.",qwen3-vl-plus,This person looks sad because they are crying and their face shows disappointment.,False,False,,"{
    ""en"": ""sad"",
    ""zh"": ""失望"",
    ""yue"": ""失望"",
    ""ko"": ""실망"",
    ""description"": ""This picture shows a person with tears on their face. Their eyebrows are lowered and their mouth is turned down, which shows they feel sad or disappointed. This is a way to show how someone feels when things don’t go the way they hoped."",
    ""description_brief"": ""This person looks sad because they are crying and their face shows disappointment."",
    ""needs_inspection"": false,
    ""reason"": """"
}"
extra_cards/places/12-25郵局.jpg,places,"{""en"":""Post Office"",""zh"":""邮局"",""yue"":""郵局"",""ko"":""우체국""}",JPEG,756,1051,"This image shows the inside of a post office. There are two people behind the counter, and the sign above says '郵政局'. The room has doors open, a clock on the wall, and some shelves with boxes.",qwen3-vl-plus,This is a post office where you can send letters and packages.,False,False,,"{
    ""en"": ""Post Office"",
    ""zh"": ""邮局"",
    ""yue"": ""郵局"",
    ""ko"": ""우체국"",
    ""description"": ""This image shows the inside of a post office. There are two people behind the counter, and the sign above says '郵政局'. The room has doors open, a clock on the wall, and some shelves with boxes."",
    ""description_brief"": ""This is a post office where you can send letters and packages."",
    ""needs_inspection"": false,
    ""reason"": """"
}"
extra_cards/stationery/Envelope.jpg,stationery,"{""en"":""Envelope"",""zh"":""信封"",""yue"":""信封"",""ko"":""봉투""}",JPEG,600,260,This is a white envelope with red and blue stripes along the edges. It has the words 'AIR AMERICA' in the top left corner and 'VIA AIR MAIL' in red on the right side. The envelope is used to send letters through the mail.,qwen3-vl-plus,A white envelope with red and blue stripes for sending letters.,False,False,,"{
    ""en"": ""Envelope"",
    ""zh"": ""信封"",
    ""yue"": ""信封"",
    ""ko"": ""봉투"",
    ""description"": ""This is a white envelope with red and blue stripes along the edges. It has the words 'AIR AMERICA' in the top left corner and 'VIA AIR MAIL' in red on the right side. The envelope is used to send letters through the mail."",
    ""description_brief"": ""A white envelope with red and blue stripes for sending letters."",
    ""needs_inspection"": false,
    ""reason"": """"
}"
extra_cards/activities/sleep-boy.png,activities,"{""en"":""sleep-boy"",""zh"":""睡觉的男孩"",""yue"":""睡覺的男孩"",""ko"":""잠자는 소년""}",PNG,1875,1406,一个男孩正躺在床上睡觉，盖着蓝色的被子，头枕在白色的枕头上。他抱着一只棕色的小熊玩具，脸上看起来很放松。他的头顶上方有一个紫色的对话框，里面写着黄色的“Zzzz”，表示他正在熟睡。,qwen3-vl-plus,男孩抱着小熊在床上睡觉。,False,False,,"{
    ""en"": ""sleep-boy"",
    ""zh"": ""睡觉的男孩"",
    ""yue"": ""睡覺的男孩"",
    ""ko"": ""잠자는 소년"",
    ""description"": ""一个男孩正躺在床上睡觉，盖着蓝色的被子，头枕在白色的枕头上。他抱着一只棕色的小熊玩具，脸上看起来很放松。他的头顶上方有一个紫色的对话框，里面写着黄色的“Zzzz”，表示他正在熟睡。"",
    ""description_brief"": ""男孩抱着小熊在床上睡觉。"",
    ""needs_inspection"": false,
    ""reason"": """"
}"
extra_cards/stationery/Stapler4.jpg,stationery,"{""en"":""Stapler"",""zh"":""订书机"",""yue"":""訂書機"",""ko"":""스테플러""}",JPEG,960,739,This is a black stapler with a gray handle. It has metal parts that press together to fasten papers. You can open the top to put in staples and close it to use.,qwen3-vl-plus,A stapler holds papers together with small metal staples.,False,False,,"{
    ""en"": ""Stapler"",
    ""zh"": ""订书机"",
    ""yue"": ""訂書機"",
    ""ko"": ""스테플러"",
    ""description"": ""This is a black stapler with a gray handle. It has metal parts that press together to fasten papers. You can open the top to put in staples and close it to use."",
    ""description_brief"": ""A stapler holds papers together with small metal staples."",
    ""needs_inspection"": false,
    ""reason"": """"
}"
extra_cards/emotions/scared.jpg,emotions,"{""en"":""scared"",""zh"":""害怕"",""yue"":""驚嚇"",""ko"":""두려움""}",JPEG,300,300,"This picture shows a person with wide eyes and an open mouth, holding their hands up near their face. Lines above the head show they are feeling strong emotion. This is how someone looks when they feel scared or frightened.",qwen3-vl-plus,I feel scared when something surprises me or feels unsafe.,False,False,,"{
    ""en"": ""scared"",
    ""zh"": ""害怕"",
    ""yue"": ""驚嚇"",
    ""ko"": ""두려움"",
    ""description"": ""This picture shows a person with wide eyes and an open mouth, holding their hands up near their face. Lines above the head show they are feeling strong emotion. This is how someone looks when they feel scared or frightened."",
    ""description_brief"": ""I feel scared when something surprises me or feels unsafe."",
    ""needs_inspection"": false,
    ""reason"": """"
}"
extra_cards/activities/sleep-girl.png,activities,"{""en"":""sleep-girl"",""zh"":""睡觉的女孩"",""yue"":""睡覺的女孩"",""ko"":""잠자는 소녀""}",PNG,1875,1406,"A girl with brown skin and dark hair is sleeping in a bed with pink sheets and a purple blanket. She is smiling and dreaming of a white unicorn flying over a rainbow, with yellow flowers and butterflies nearby. The background is dark blue to show it is nighttime.",qwen3-vl-plus,A girl is sleeping peacefully and dreaming of a unicorn and rainbow.,False,False,,"{
    ""en"": ""sleep-girl"",
    ""zh"": ""睡觉的女孩"",
    ""yue"": ""睡覺的女孩"",
    ""ko"": ""잠자는 소녀"",
    ""description"": ""A girl with brown skin and dark hair is sleeping in a bed with pink sheets and a purple blanket. She is smiling and dreaming of a white unicorn flying over a rainbow, with yellow flowers and butterflies nearby. The background is dark blue to show it is nighttime."",
    ""description_brief"": ""A girl is sleeping peacefully and dreaming of a unicorn and rainbow."",
    ""needs_inspection"": false,
    ""reason"": """"
}"
extra_cards/stationery/Envelopes1.jpg,stationery,"{""en"":""Air Mail Envelope"",""zh"":""航空邮件信封"",""yue"":""航空郵件信封"",""ko"":""항공우편 봉투""}",JPEG,960,779,"This is a light gray envelope with red and blue stripes along the top edge. Inside, there is a blue patterned lining. It has a label that says 'AIR MAIL PAR AVION' in white letters on a dark blue background.",qwen3-vl-plus,A gray envelope with red and blue stripes for sending mail by airplane.,False,False,,"{
    ""en"": ""Air Mail Envelope"",
    ""zh"": ""航空邮件信封"",
    ""yue"": ""航空郵件信封"",
    ""ko"": ""항공우편 봉투"",
    ""description"": ""This is a light gray envelope with red and blue stripes along the top edge. Inside, there is a blue patterned lining. It has a label that says 'AIR MAIL PAR AVION' in white letters on a dark blue background."",
    ""description_brief"": ""A gray envelope with red and blue stripes for sending mail by airplane."",
    ""needs_inspection"": false,
    ""reason"": """"
}"
extra_cards/stationery/Stapler5.jpg,stationery,"{""en"":""Stapler"",""zh"":""订书机"",""yue"":""訂書機"",""ko"":""스테플러""}",JPEG,783,550,This is a blue stapler with metal parts inside. It opens to put in small metal staples and closes to press them through paper. It helps hold papers together neatly.,qwen3-vl-plus,A blue stapler that fastens papers together with small metal staples.,False,False,,"{
    ""en"": ""Stapler"",
    ""zh"": ""订书机"",
    ""yue"": ""訂書機"",
    ""ko"": ""스테플러"",
    ""description"": ""This is a blue stapler with metal parts inside. It opens to put in small metal staples and closes to press them through paper. It helps hold papers together neatly."",
    ""description_brief"": ""A blue stapler that fastens papers together with small metal staples."",
    ""needs_inspection"": false,
    ""reason"": """"
}"
extra_cards/emotions/sick.jpg,emotions,"{""en"":""sick"",""zh"":""生病了"",""yue"":""生病"",""ko"":""아파요""}",JPEG,300,300,"This image shows a person touching their forehead with one hand. There are lines above the head to show they feel hot or unwell. The person looks sad or uncomfortable, which means they might be sick.",qwen3-vl-plus,I feel sick and need help.,False,False,,"{
    ""en"": ""sick"",
    ""zh"": ""生病了"",
    ""yue"": ""生病"",
    ""ko"": ""아파요"",
    ""description"": ""This image shows a person touching their forehead with one hand. There are lines above the head to show they feel hot or unwell. The person looks sad or uncomfortable, which means they might be sick."",
    ""description_brief"": ""I feel sick and need help."",
    ""needs_inspection"": false,
    ""reason"": """"
}"
extra_cards/places/12-27戲院.jpg,places,"{""en"":""Theater"",""zh"":""剧院"",""yue"":""戲院"",""ko"":""극장""}",JPEG,756,1051,This image shows a cartoon rabbit flying happily in front of a stage with red curtains. Below the stage are rows of brown seats for people to sit and watch. The word '戲院' at the bottom means this is a place where performances happen.,qwen3-vl-plus,A happy rabbit flies above theater seats under red curtains.,False,False,,"{
    ""en"": ""Theater"",
    ""zh"": ""剧院"",
    ""yue"": ""戲院"",
    ""ko"": ""극장"",
    ""description"": ""This image shows a cartoon rabbit flying happily in front of a stage with red curtains. Below the stage are rows of brown seats for people to sit and watch. The word '戲院' at the bottom means this is a place where performances happen."",
    ""description_brief"": ""A happy rabbit flies above theater seats under red curtains."",
    ""needs_inspection"": false,
    ""reason"": """"
}"
extra_cards/places/12-26消防局.jpg,places,"{""en"":""Fire Station"",""zh"":""消防局"",""yue"":""消防局"",""ko"":""소방서""}",JPEG,756,1051,"This image shows a fire station building with red garage doors. A red fire truck is coming out of the open garage, and a firefighter is sitting inside. The words '消防局' are written above the garage in red letters.",qwen3-vl-plus,A fire station with a fire truck ready to go out.,False,False,,"{
    ""en"": ""Fire Station"",
    ""zh"": ""消防局"",
    ""yue"": ""消防局"",
    ""ko"": ""소방서"",
    ""description"": ""This image shows a fire station building with red garage doors. A red fire truck is coming out of the open garage, and a firefighter is sitting inside. The words '消防局' are written above the garage in red letters."",
    ""description_brief"": ""A fire station with a fire truck ready to go out."",
    ""needs_inspection"": false,
    ""reason"": """"
}"
extra_cards/stationery/Envelopes2.jpg,stationery,"{""en"":""Envelopes2"",""zh"":""信封2"",""yue"":""信封2"",""ko"":""봉투2""}",JPEG,1042,758,"This image shows a stack of light gray envelopes with red and blue striped borders. One envelope has a dark blue label that says 'AIR MAIL PAR AVION'. The envelopes are flat and neatly stacked, ready to hold letters or papers.",qwen3-vl-plus,A stack of gray envelopes with red and blue stripes and an air mail label.,False,False,,"{
    ""en"": ""Envelopes2"",
    ""zh"": ""信封2"",
    ""yue"": ""信封2"",
    ""ko"": ""봉투2"",
    ""description"": ""This image shows a stack of light gray envelopes with red and blue striped borders. One envelope has a dark blue label that says 'AIR MAIL PAR AVION'. The envelopes are flat and neatly stacked, ready to hold letters or papers."",
    ""description_brief"": ""A stack of gray envelopes with red and blue stripes and an air mail label."",
    ""needs_inspection"": false,
    ""reason"": """"
}"
extra_cards/food/紙包果汁.jpg,food,"{""en"":""Paper-pack juice"",""zh"":""纸包果汁"",""yue"":""紙包果汁"",""ko"":""종이팩 주스""}",JPEG,756,1051,This image shows two cartons of juice. One is red with an apple picture and says 'apple juice'. The other is orange with oranges pictured and says 'orange juice'. Both have straws and are in paper boxes.,qwen3-vl-plus,"Two juice boxes: one apple, one orange, both with straws.",False,False,,"{
    ""en"": ""Paper-pack juice"",
    ""zh"": ""纸包果汁"",
    ""yue"": ""紙包果汁"",
    ""ko"": ""종이팩 주스"",
    ""description"": ""This image shows two cartons of juice. One is red with an apple picture and says 'apple juice'. The other is orange with oranges pictured and says 'orange juice'. Both have straws and are in paper boxes."",
    ""description_brief"": ""Two juice boxes: one apple, one orange, both with straws."",
    ""needs_inspection"": false,
    ""reason"": """"
}"
extra_cards/emotions/thirsty.jpg,emotions,"{""en"":""thirsty"",""zh"":""口渴"",""yue"":""口渴"",""ko"":""목이 말라요""}",JPEG,300,300,The image shows a person holding a cup and drinking water. This means they feel thirsty and need to drink. Drinking helps when your mouth feels dry.,qwen3-vl-plus,I am thirsty and need to drink water.,False,False,,"{
    ""en"": ""thirsty"",
    ""zh"": ""口渴"",
    ""yue"": ""口渴"",
    ""ko"": ""목이 말라요"",
    ""description"": ""The image shows a person holding a cup and drinking water. This means they feel thirsty and need to drink. Drinking helps when your mouth feels dry."",
    ""description_brief"": ""I am thirsty and need to drink water."",
    ""needs_inspection"": false,
    ""reason"": """"
}"
extra_cards/stationery/Eraser.jpg,stationery,"{""en"":""Eraser"",""zh"":""橡皮擦"",""yue"":""橡皮擦"",""ko"":""지우개""}",JPEG,757,535,This is a pink eraser. It is smooth and shaped like a rectangle with rounded ends. You can use it to remove pencil marks from paper.,qwen3-vl-plus,A pink eraser for cleaning pencil mistakes.,False,False,,"{
    ""en"": ""Eraser"",
    ""zh"": ""橡皮擦"",
    ""yue"": ""橡皮擦"",
    ""ko"": ""지우개"",
    ""description"": ""This is a pink eraser. It is smooth and shaped like a rectangle with rounded ends. You can use it to remove pencil marks from paper."",
    ""description_brief"": ""A pink eraser for cleaning pencil mistakes."",
    ""needs_inspection"": false,
    ""reason"": """"
}"
extra_cards/places/12-28酒樓.jpg,places,"{""en"":""Restaurant"",""zh"":""酒楼"",""yue"":""酒樓"",""ko"":""식당""}",JPEG,756,1051,This image shows people sitting at round tables in a restaurant. They are eating food with chopsticks and drinking from small cups. The tables have pink tablecloths and steamers with dumplings on them.,qwen3-vl-plus,People are eating together at a restaurant with round tables and dim sum.,False,False,,"{
    ""en"": ""Restaurant"",
    ""zh"": ""酒楼"",
    ""yue"": ""酒樓"",
    ""ko"": ""식당"",
    ""description"": ""This image shows people sitting at round tables in a restaurant. They are eating food with chopsticks and drinking from small cups. The tables have pink tablecloths and steamers with dumplings on them."",
    ""description_brief"": ""People are eating together at a restaurant with round tables and dim sum."",
    ""needs_inspection"": false,
    ""reason"": """"
}"
extra_cards/food/維他奶.jpg,food,"{""en"":""Vitasoy"",""zh"":""维他奶"",""yue"":""維他奶"",""ko"":""비타소이""}",JPEG,756,1051,This is a picture of a blue and white carton with a straw. The carton has Chinese characters on it that say '維他奶'. It is a drink that some children like to drink with meals or as a snack.,qwen3-vl-plus,A blue and white carton of Vitasoy drink with a straw.,False,False,,"{
    ""en"": ""Vitasoy"",
    ""zh"": ""维他奶"",
    ""yue"": ""維他奶"",
    ""ko"": ""비타소이"",
    ""description"": ""This is a picture of a blue and white carton with a straw. The carton has Chinese characters on it that say '維他奶'. It is a drink that some children like to drink with meals or as a snack."",
    ""description_brief"": ""A blue and white carton of Vitasoy drink with a straw."",
    ""needs_inspection"": false,
    ""reason"": """"
}"
extra_cards/food/紫菜.jpg,food,"{""en"":""Seaweed"",""zh"":""紫菜"",""yue"":""紫菜"",""ko"":""김""}",JPEG,756,1051,This image shows a package of dried seaweed and some loose pieces beside it. The seaweed is dark green and comes in a clear plastic wrapper with blue edges. It is often used in soups or as a snack.,qwen3-vl-plus,"A package of dried seaweed, sometimes eaten as a snack or added to soup.",False,False,,"{
    ""en"": ""Seaweed"",
    ""zh"": ""紫菜"",
    ""yue"": ""紫菜"",
    ""ko"": ""김"",
    ""description"": ""This image shows a package of dried seaweed and some loose pieces beside it. The seaweed is dark green and comes in a clear plastic wrapper with blue edges. It is often used in soups or as a snack."",
    ""description_brief"": ""A package of dried seaweed, sometimes eaten as a snack or added to soup."",
    ""needs_inspection"": false,
    ""reason"": """"
}"
extra_cards/stationery/Stapler6.jpg,stationery,"{""en"":""Stapler"",""zh"":""订书机"",""yue"":""訂書機"",""ko"":""스테이플러""}",JPEG,960,703,This is a beige stapler used to join papers together. It has a metal part at the front where staples come out. There is a white label on top with numbers and words.,qwen3-vl-plus,A stapler that holds papers together with small metal staples.,False,False,,"{
    ""en"": ""Stapler"",
    ""zh"": ""订书机"",
    ""yue"": ""訂書機"",
    ""ko"": ""스테이플러"",
    ""description"": ""This is a beige stapler used to join papers together. It has a metal part at the front where staples come out. There is a white label on top with numbers and words."",
    ""description_brief"": ""A stapler that holds papers together with small metal staples."",
    ""needs_inspection"": false,
    ""reason"": """"
}"
extra_cards/activities/snack time.jpg,activities,"{""en"":""Snack Time"",""zh"":""点心时间"",""yue"":""點心時間"",""ko"":""간식 시간""}",JPEG,596,596,"This image shows a plate with snacks including a banana, grapes, an apple, digestive biscuits, and raisins. The text at the bottom says 'Snack Time' in Chinese characters. These foods are common and safe for children to eat during a break.",qwen3-vl-plus,"It’s snack time with fruits, biscuits, and raisins on a plate.",False,False,,"{
    ""en"": ""Snack Time"",
    ""zh"": ""点心时间"",
    ""yue"": ""點心時間"",
    ""ko"": ""간식 시간"",
    ""description"": ""This image shows a plate with snacks including a banana, grapes, an apple, digestive biscuits, and raisins. The text at the bottom says 'Snack Time' in Chinese characters. These foods are common and safe for children to eat during a break."",
    ""description_brief"": ""It’s snack time with fruits, biscuits, and raisins on a plate."",
    ""needs_inspection"": false,
    ""reason"": """"
}"
extra_cards/emotions/tired.jpg,emotions,"{""en"":""tired"",""zh"":""累了"",""yue"":""攰咗"",""ko"":""피곤함""}",JPEG,300,300,"The image shows a person resting their head on their arms, which are placed on a table. This posture often means the person feels tired and needs rest. The word above the person says '累了' in Chinese, which means 'tired'.",qwen3-vl-plus,I am tired and need to rest.,False,False,,"{
    ""en"": ""tired"",
    ""zh"": ""累了"",
    ""yue"": ""攰咗"",
    ""ko"": ""피곤함"",
    ""description"": ""The image shows a person resting their head on their arms, which are placed on a table. This posture often means the person feels tired and needs rest. The word above the person says '累了' in Chinese, which means 'tired'."",
    ""description_brief"": ""I am tired and need to rest."",
    ""needs_inspection"": false,
    ""reason"": """"
}"
extra_cards/stationery/Stapler7.jpg,stationery,"{""en"":""Stapler"",""zh"":""订书机"",""yue"":""訂書機"",""ko"":""스테플러""}",JPEG,960,598,This is a stapler. It has a dark brown top and a light beige base. You press down on the top to put staples into paper.,qwen3-vl-plus,A stapler that presses staples into paper.,False,False,,"{
    ""en"": ""Stapler"",
    ""zh"": ""订书机"",
    ""yue"": ""訂書機"",
    ""ko"": ""스테플러"",
    ""description"": ""This is a stapler. It has a dark brown top and a light beige base. You press down on the top to put staples into paper."",
    ""description_brief"": ""A stapler that presses staples into paper."",
    ""needs_inspection"": false,
    ""reason"": """"
}"
extra_cards/activities/play-4503.jpg,activities,"{""en"":""play"",""zh"":""玩"",""yue"":""玩"",""ko"":""놀이""}",JPEG,402,502,"A boy is crouching down and pushing a colorful toy car. He is wearing a blue shirt and has brown hair. The toy car is red, yellow, and blue with black wheels.",qwen3-vl-plus,A boy playing with a toy car.,False,False,,"{
    ""en"": ""play"",
    ""zh"": ""玩"",
    ""yue"": ""玩"",
    ""ko"": ""놀이"",
    ""description"": ""A boy is crouching down and pushing a colorful toy car. He is wearing a blue shirt and has brown hair. The toy car is red, yellow, and blue with black wheels."",
    ""description_brief"": ""A boy playing with a toy car."",
    ""needs_inspection"": false,
    ""reason"": """"
}"
extra_cards/stationery/Erasers1.jpg,stationery,"{""en"":""Erasers"",""zh"":""橡皮擦"",""yue"":""橡皮擦"",""ko"":""지우개""}",JPEG,606,398,"This image shows three erasers. One is black and white, one is white with small color spots, and one is pink. They are used to remove pencil marks from paper.",qwen3-vl-plus,"Three erasers: black and white, spotted white, and pink.",False,False,,"{
    ""en"": ""Erasers"",
    ""zh"": ""橡皮擦"",
    ""yue"": ""橡皮擦"",
    ""ko"": ""지우개"",
    ""description"": ""This image shows three erasers. One is black and white, one is white with small color spots, and one is pink. They are used to remove pencil marks from paper."",
    ""description_brief"": ""Three erasers: black and white, spotted white, and pink."",
    ""needs_inspection"": false,
    ""reason"": """"
}"
extra_cards/activities/stand-4810.jpg,activities,"{""en"":""stand"",""zh"":""站"",""yue"":""企"",""ko"":""서 있다""}",JPEG,402,502,"The image shows a woman standing next to a green office chair. She is wearing a red dress and black shoes. Her hands are gently held in front of her, and she is looking straight ahead.",qwen3-vl-plus,A woman is standing beside a chair.,False,False,,"{
    ""en"": ""stand"",
    ""zh"": ""站"",
    ""yue"": ""企"",
    ""ko"": ""서 있다"",
    ""description"": ""The image shows a woman standing next to a green office chair. She is wearing a red dress and black shoes. Her hands are gently held in front of her, and she is looking straight ahead."",
    ""description_brief"": ""A woman is standing beside a chair."",
    ""needs_inspection"": false,
    ""reason"": """"
}"
extra_cards/places/12-30快餐店.jpg,places,"{""en"":""Fast Food Restaurant"",""zh"":""快餐店"",""yue"":""快餐店"",""ko"":""패스트푸드점""}",JPEG,756,1051,"This image shows a fast food restaurant with three children sitting at a table eating meals. A girl in a yellow dress is standing near the counter, and a worker is behind the counter. The sign says '付款處' which means 'Payment Area'.",qwen3-vl-plus,Children are eating at a fast food restaurant with a counter and staff.,False,False,,"{
    ""en"": ""Fast Food Restaurant"",
    ""zh"": ""快餐店"",
    ""yue"": ""快餐店"",
    ""ko"": ""패스트푸드점"",
    ""description"": ""This image shows a fast food restaurant with three children sitting at a table eating meals. A girl in a yellow dress is standing near the counter, and a worker is behind the counter. The sign says '付款處' which means 'Payment Area'."",
    ""description_brief"": ""Children are eating at a fast food restaurant with a counter and staff."",
    ""needs_inspection"": false,
    ""reason"": """"
}"
extra_cards/food/肉.jpg,food,"{""en"":""Meat"",""zh"":""肉"",""yue"":""肉"",""ko"":""고기""}",JPEG,756,1051,"This image shows a drawing of raw meat. The meat is red with some white lines that show fat. It is drawn in a simple, clear style to help children understand what meat looks like.",qwen3-vl-plus,"This is a picture of meat, which is food we eat.",False,False,,"{
    ""en"": ""Meat"",
    ""zh"": ""肉"",
    ""yue"": ""肉"",
    ""ko"": ""고기"",
    ""description"": ""This image shows a drawing of raw meat. The meat is red with some white lines that show fat. It is drawn in a simple, clear style to help children understand what meat looks like."",
    ""description_brief"": ""This is a picture of meat, which is food we eat."",
    ""needs_inspection"": false,
    ""reason"": """"
}"
extra_cards/activities/speech-1.jpg,activities,"{""en"":""Reading a book with a child"",""zh"":""和孩子一起读书"",""yue"":""同小朋友一齊睇書"",""ko"":""아이와 함께 책 읽기""}",JPEG,530,170,"A woman is sitting and reading a colorful book to a child. The child is lying down and looking at the book. The book has pictures of animals on it, like a cat and a bird.",qwen3-vl-plus,Reading a storybook with a child.,False,False,,"{
    ""en"": ""Reading a book with a child"",
    ""zh"": ""和孩子一起读书"",
    ""yue"": ""同小朋友一齊睇書"",
    ""ko"": ""아이와 함께 책 읽기"",
    ""description"": ""A woman is sitting and reading a colorful book to a child. The child is lying down and looking at the book. The book has pictures of animals on it, like a cat and a bird."",
    ""description_brief"": ""Reading a storybook with a child."",
    ""needs_inspection"": false,
    ""reason"": """"
}"
extra_cards/stationery/Staples.jpg,stationery,"{""en"":""Staples"",""zh"":""订书钉"",""yue"":""訂書釘"",""ko"":""스테이플러 핀""}",JPEG,720,454,"This image shows small metal staples used to hold papers together. They come in a box labeled '5000' and are arranged in strips. Some staples are loose, and one is bent open to show its shape.",qwen3-vl-plus,Small metal pieces that hold papers together.,False,False,,"{
    ""en"": ""Staples"",
    ""zh"": ""订书钉"",
    ""yue"": ""訂書釘"",
    ""ko"": ""스테이플러 핀"",
    ""description"": ""This image shows small metal staples used to hold papers together. They come in a box labeled '5000' and are arranged in strips. Some staples are loose, and one is bent open to show its shape."",
    ""description_brief"": ""Small metal pieces that hold papers together."",
    ""needs_inspection"": false,
    ""reason"": """"
}"
extra_cards/places/12-29餐廳.jpg,places,"{""en"":""Restaurant"",""zh"":""餐厅"",""yue"":""餐廳"",""ko"":""식당""}",JPEG,756,1051,"This image shows a family sitting at a round table in a restaurant. A waiter is standing and holding a notepad to take their order. The table has a blue tablecloth, flowers, salt and pepper shakers, and folded paper napkins shaped like boats.",qwen3-vl-plus,A family is eating at a restaurant with a waiter taking their order.,False,False,,"{
    ""en"": ""Restaurant"",
    ""zh"": ""餐厅"",
    ""yue"": ""餐廳"",
    ""ko"": ""식당"",
    ""description"": ""This image shows a family sitting at a round table in a restaurant. A waiter is standing and holding a notepad to take their order. The table has a blue tablecloth, flowers, salt and pepper shakers, and folded paper napkins shaped like boats."",
    ""description_brief"": ""A family is eating at a restaurant with a waiter taking their order."",
    ""needs_inspection"": false,
    ""reason"": """"
}"
extra_cards/activities/story (2).jpg,activities,"{""en"":""Story"",""zh"":""说故事"",""yue"":""講故事"",""ko"":""이야기하기""}",JPEG,596,596,"This image shows a green open book with yellow pages. The words below the book say '說故事' in Chinese, which means 'tell a story'. This card is used to help children communicate that they want to hear or tell a story.",qwen3-vl-plus,I want to tell or hear a story.,False,False,,"{
    ""en"": ""Story"",
    ""zh"": ""说故事"",
    ""yue"": ""講故事"",
    ""ko"": ""이야기하기"",
    ""description"": ""This image shows a green open book with yellow pages. The words below the book say '說故事' in Chinese, which means 'tell a story'. This card is used to help children communicate that they want to hear or tell a story."",
    ""description_brief"": ""I want to tell or hear a story."",
    ""needs_inspection"": false,
    ""reason"": """"
}"
extra_cards/emotions/toonoisy.jpg,emotions,"{""en"":""too noisy"",""zh"":""太吵了"",""yue"":""好大聲"",""ko"":""너무 시끄러워요""}",JPEG,300,300,This picture shows a person covering their ears because the sound is too loud. They look uncomfortable and want the noise to stop. This helps us say we need quieter surroundings.,qwen3-vl-plus,I feel overwhelmed by loud sounds and need it to be quieter.,False,False,,"{
    ""en"": ""too noisy"",
    ""zh"": ""太吵了"",
    ""yue"": ""好大聲"",
    ""ko"": ""너무 시끄러워요"",
    ""description"": ""This picture shows a person covering their ears because the sound is too loud. They look uncomfortable and want the noise to stop. This helps us say we need quieter surroundings."",
    ""description_brief"": ""I feel overwhelmed by loud sounds and need it to be quieter."",
    ""needs_inspection"": false,
    ""reason"": """"
}"
extra_cards/stationery/Erasers2.jpg,stationery,"{""en"":""Erasers2"",""zh"":""橡皮擦2"",""yue"":""橡皮擦2"",""ko"":""지우개2""}",JPEG,360,360,"This image shows two erasers on a dark surface. One eraser is red and shaped like a wedge, while the other is white and rectangular. Both are smooth and made for rubbing out pencil marks.",qwen3-vl-plus,"Two erasers: one red and one white, used to erase pencil marks.",False,False,,"{
    ""en"": ""Erasers2"",
    ""zh"": ""橡皮擦2"",
    ""yue"": ""橡皮擦2"",
    ""ko"": ""지우개2"",
    ""description"": ""This image shows two erasers on a dark surface. One eraser is red and shaped like a wedge, while the other is white and rectangular. Both are smooth and made for rubbing out pencil marks."",
    ""description_brief"": ""Two erasers: one red and one white, used to erase pencil marks."",
    ""needs_inspection"": false,
    ""reason"": """"
}"
extra_cards/food/腸粉.jpg,food,"{""en"":""Rice noodle roll"",""zh"":""肠粉"",""yue"":""腸粉"",""ko"":""쌀국수 롤""}",JPEG,756,1051,"This is a plate of steamed rice noodle rolls. They are soft and white, served on a brown plate with sauce underneath. Steam rises from the food, showing it is hot and ready to eat.",qwen3-vl-plus,Hot rice noodle rolls on a plate with sauce.,False,False,,"{
    ""en"": ""Rice noodle roll"",
    ""zh"": ""肠粉"",
    ""yue"": ""腸粉"",
    ""ko"": ""쌀국수 롤"",
    ""description"": ""This is a plate of steamed rice noodle rolls. They are soft and white, served on a brown plate with sauce underneath. Steam rises from the food, showing it is hot and ready to eat."",
    ""description_brief"": ""Hot rice noodle rolls on a plate with sauce."",
    ""needs_inspection"": false,
    ""reason"": """"
}"
extra_cards/places/12-31美食廣場.jpg,places,"{""en"":""Food Court"",""zh"":""美食广场"",""yue"":""美食廣場"",""ko"":""푸드코트""}",JPEG,756,1051,"This image shows a food court with people eating at tables. There are different food stalls in the background, including one selling chicken and another serving noodles. Children and adults are sitting together, enjoying meals with chopsticks and drinks.",qwen3-vl-plus,A place where people eat different foods at tables with friends or family.,False,False,,"{
    ""en"": ""Food Court"",
    ""zh"": ""美食广场"",
    ""yue"": ""美食廣場"",
    ""ko"": ""푸드코트"",
    ""description"": ""This image shows a food court with people eating at tables. There are different food stalls in the background, including one selling chicken and another serving noodles. Children and adults are sitting together, enjoying meals with chopsticks and drinks."",
    ""description_brief"": ""A place where people eat different foods at tables with friends or family."",
    ""needs_inspection"": false,
    ""reason"": """"
}"
extra_cards/activities/sing-4709.jpg,activities,"{""en"":""sing-4709"",""zh"":""唱歌"",""yue"":""唱歌"",""ko"":""노래 부르기""}",JPEG,402,502,"This image shows a person holding a blue microphone and singing. The person has long, curly black hair and is wearing a red top. Their mouth is open wide as they sing into the microphone.",qwen3-vl-plus,A person is singing with a microphone.,False,False,,"{
    ""en"": ""sing-4709"",
    ""zh"": ""唱歌"",
    ""yue"": ""唱歌"",
    ""ko"": ""노래 부르기"",
    ""description"": ""This image shows a person holding a blue microphone and singing. The person has long, curly black hair and is wearing a red top. Their mouth is open wide as they sing into the microphone."",
    ""description_brief"": ""A person is singing with a microphone."",
    ""needs_inspection"": false,
    ""reason"": """"
}"
extra_cards/food/罐頭.jpg,food,"{""en"":""Canned food"",""zh"":""罐头"",""yue"":""罐頭"",""ko"":""캔 음식""}",JPEG,756,1051,"This image shows three cans of food. One is tall and red with a picture of soup, one is small and green, and one is flat and orange with a fish on it. These are metal containers that hold food inside.",qwen3-vl-plus,Canned food in different sizes and colors.,False,False,,"{
    ""en"": ""Canned food"",
    ""zh"": ""罐头"",
    ""yue"": ""罐頭"",
    ""ko"": ""캔 음식"",
    ""description"": ""This image shows three cans of food. One is tall and red with a picture of soup, one is small and green, and one is flat and orange with a fish on it. These are metal containers that hold food inside."",
    ""description_brief"": ""Canned food in different sizes and colors."",
    ""needs_inspection"": false,
    ""reason"": """"
}"
extra_cards/emotions/ukastonished-1.jpg,emotions,"{""en"":""Astonished"",""zh"":""惊讶"",""yue"":""驚訝"",""ko"":""놀람""}",JPEG,430,430,This picture shows a person with wide eyes and an open mouth. Their face looks surprised or shocked. This is how someone might look when they see something unexpected.,qwen3-vl-plus,Someone looks surprised with big eyes and an open mouth.,False,False,,"{
    ""en"": ""Astonished"",
    ""zh"": ""惊讶"",
    ""yue"": ""驚訝"",
    ""ko"": ""놀람"",
    ""description"": ""This picture shows a person with wide eyes and an open mouth. Their face looks surprised or shocked. This is how someone might look when they see something unexpected."",
    ""description_brief"": ""Someone looks surprised with big eyes and an open mouth."",
    ""needs_inspection"": false,
    ""reason"": """"
}"
extra_cards/emotions/ukcold-1.jpg,emotions,"{""en"":""Cold"",""zh"":""冷"",""yue"":""凍"",""ko"":""추움""}",JPEG,430,430,"This person is feeling cold. Their body is shaking a little, which shows they are chilly. They are wearing a blue shirt and have brown hair.",qwen3-vl-plus,I feel cold.,False,False,,"{
    ""en"": ""Cold"",
    ""zh"": ""冷"",
    ""yue"": ""凍"",
    ""ko"": ""추움"",
    ""description"": ""This person is feeling cold. Their body is shaking a little, which shows they are chilly. They are wearing a blue shirt and have brown hair."",
    ""description_brief"": ""I feel cold."",
    ""needs_inspection"": false,
    ""reason"": """"
}"
extra_cards/stationery/Face paints.jpg,stationery,"{""en"":""Face paints"",""zh"":""面部彩绘颜料"",""yue"":""臉部彩繪顏料"",""ko"":""얼굴 그리기 물감""}",JPEG,720,393,"This image shows many small containers of colorful paint on a yellow table. There are brushes and a cup with water nearby, ready for painting. A sheet with face outlines is also on the table to help guide the painting.",qwen3-vl-plus,Colorful paints and brushes for drawing on faces.,False,False,,"{
    ""en"": ""Face paints"",
    ""zh"": ""面部彩绘颜料"",
    ""yue"": ""臉部彩繪顏料"",
    ""ko"": ""얼굴 그리기 물감"",
    ""description"": ""This image shows many small containers of colorful paint on a yellow table. There are brushes and a cup with water nearby, ready for painting. A sheet with face outlines is also on the table to help guide the painting."",
    ""description_brief"": ""Colorful paints and brushes for drawing on faces."",
    ""needs_inspection"": false,
    ""reason"": """"
}"
extra_cards/food/芒果.jpg,food,"{""en"":""Mango"",""zh"":""芒果"",""yue"":""芒果"",""ko"":""망고""}",JPEG,756,1051,"This is a yellow mango. It has a smooth, curved shape and a small dark spot at one end. Mangoes are sweet fruits that many children enjoy eating.",qwen3-vl-plus,A yellow mango fruit.,False,False,,"{
    ""en"": ""Mango"",
    ""zh"": ""芒果"",
    ""yue"": ""芒果"",
    ""ko"": ""망고"",
    ""description"": ""This is a yellow mango. It has a smooth, curved shape and a small dark spot at one end. Mangoes are sweet fruits that many children enjoy eating."",
    ""description_brief"": ""A yellow mango fruit."",
    ""needs_inspection"": false,
    ""reason"": """"
}"
extra_cards/activities/story.jpg,activities,"{""en"":""Story"",""zh"":""故事"",""yue"":""講故事"",""ko"":""이야기""}",JPEG,596,596,"This image shows a big purple book with characters coming out of it. There is a wizard, a witch, a princess, a prince, and other story characters around the book. The text at the bottom says '說故事', which means telling stories.",qwen3-vl-plus,A book with story characters coming out to tell a story.,False,False,,"{
    ""en"": ""Story"",
    ""zh"": ""故事"",
    ""yue"": ""講故事"",
    ""ko"": ""이야기"",
    ""description"": ""This image shows a big purple book with characters coming out of it. There is a wizard, a witch, a princess, a prince, and other story characters around the book. The text at the bottom says '說故事', which means telling stories."",
    ""description_brief"": ""A book with story characters coming out to tell a story."",
    ""needs_inspection"": false,
    ""reason"": """"
}"
extra_cards/places/12-32太空館.jpg,places,"{""en"":""Planetarium"",""zh"":""太空馆"",""yue"":""太空館"",""ko"":""천문관""}",JPEG,756,1051,This is a drawing of a planetarium building. It has a large round dome on top and many windows on the sides. The building is surrounded by green grass and a blue sky with white clouds.,qwen3-vl-plus,This is a planetarium where you can learn about stars and space.,False,False,,"{
    ""en"": ""Planetarium"",
    ""zh"": ""太空馆"",
    ""yue"": ""太空館"",
    ""ko"": ""천문관"",
    ""description"": ""This is a drawing of a planetarium building. It has a large round dome on top and many windows on the sides. The building is surrounded by green grass and a blue sky with white clouds."",
    ""description_brief"": ""This is a planetarium where you can learn about stars and space."",
    ""needs_inspection"": false,
    ""reason"": """"
}"
extra_cards/stationery/Stencil ruler.jpg,stationery,"{""en"":""Stencil ruler"",""zh"":""模板尺子"",""yue"":""模板尺"",""ko"":""스텐실 자""}",JPEG,1348,952,This is a blue plastic ruler with letters of the alphabet cut out in the middle. It has measurement markings in centimeters and inches along the edges. You can use it to draw straight lines or trace letters for writing practice.,qwen3-vl-plus,A blue ruler with alphabet letters you can trace to help with writing.,False,False,,"{
    ""en"": ""Stencil ruler"",
    ""zh"": ""模板尺子"",
    ""yue"": ""模板尺"",
    ""ko"": ""스텐실 자"",
    ""description"": ""This is a blue plastic ruler with letters of the alphabet cut out in the middle. It has measurement markings in centimeters and inches along the edges. You can use it to draw straight lines or trace letters for writing practice."",
    ""description_brief"": ""A blue ruler with alphabet letters you can trace to help with writing."",
    ""needs_inspection"": false,
    ""reason"": """"
}"
extra_cards/food/芝士.jpg,food,"{""en"":""Cheese"",""zh"":""芝士"",""yue"":""芝士"",""ko"":""치즈""}",JPEG,756,1051,"This image shows two types of cheese. One is a yellow wedge with holes, like Swiss cheese. The other is two flat, square slices stacked together. Cheese is a food made from milk and can be eaten on sandwiches or by itself.",qwen3-vl-plus,Two kinds of cheese: a holey wedge and two flat slices.,False,False,,"{
    ""en"": ""Cheese"",
    ""zh"": ""芝士"",
    ""yue"": ""芝士"",
    ""ko"": ""치즈"",
    ""description"": ""This image shows two types of cheese. One is a yellow wedge with holes, like Swiss cheese. The other is two flat, square slices stacked together. Cheese is a food made from milk and can be eaten on sandwiches or by itself."",
    ""description_brief"": ""Two kinds of cheese: a holey wedge and two flat slices."",
    ""needs_inspection"": false,
    ""reason"": """"
}"
extra_cards/stationery/Felt marker.jpg,stationery,"{""en"":""Felt marker"",""zh"":""毡尖笔"",""yue"":""毡筆"",""ko"":""펜 마커""}",JPEG,697,438,This is a felt marker with a black tip and a light-colored body. It has a cap that can be put on to keep the tip from drying out. The marker says 'Xylene Free' which means it does not have some strong-smelling chemicals.,qwen3-vl-plus,A black-tipped felt marker with a removable cap for safe storage.,False,False,,"{
    ""en"": ""Felt marker"",
    ""zh"": ""毡尖笔"",
    ""yue"": ""毡筆"",
    ""ko"": ""펜 마커"",
    ""description"": ""This is a felt marker with a black tip and a light-colored body. It has a cap that can be put on to keep the tip from drying out. The marker says 'Xylene Free' which means it does not have some strong-smelling chemicals."",
    ""description_brief"": ""A black-tipped felt marker with a removable cap for safe storage."",
    ""needs_inspection"": false,
    ""reason"": """"
}"
extra_cards/activities/swimming (2).jpg,activities,"{""en"":""Swimming Lesson"",""zh"":""游泳课"",""yue"":""游水課"",""ko"":""수영 수업""}",JPEG,596,596,"This image shows a child swimming in water with green swim trunks. Above the child are three floating rings (red, blue, green) and a pair of red swimming goggles. The text at the bottom says '游泳課' which means swimming lesson.",qwen3-vl-plus,A child is swimming with float rings and goggles for a swimming lesson.,False,False,,"{
    ""en"": ""Swimming Lesson"",
    ""zh"": ""游泳课"",
    ""yue"": ""游水課"",
    ""ko"": ""수영 수업"",
    ""description"": ""This image shows a child swimming in water with green swim trunks. Above the child are three floating rings (red, blue, green) and a pair of red swimming goggles. The text at the bottom says '游泳課' which means swimming lesson."",
    ""description_brief"": ""A child is swimming with float rings and goggles for a swimming lesson."",
    ""needs_inspection"": false,
    ""reason"": """"
}"
extra_cards/stationery/Felt pens.jpg,stationery,"{""en"":""Felt pens"",""zh"":""毡尖笔"",""yue"":""毡筆"",""ko"":""펜""}",JPEG,679,477,"This image shows a set of colorful felt pens in a clear plastic case. Some pens are inside the case, and others are outside with their caps off. The pens have different colors like red, green, yellow, blue, pink, purple, black, and orange.",qwen3-vl-plus,A set of colorful felt pens for drawing and coloring.,False,False,,"{
    ""en"": ""Felt pens"",
    ""zh"": ""毡尖笔"",
    ""yue"": ""毡筆"",
    ""ko"": ""펜"",
    ""description"": ""This image shows a set of colorful felt pens in a clear plastic case. Some pens are inside the case, and others are outside with their caps off. The pens have different colors like red, green, yellow, blue, pink, purple, black, and orange."",
    ""description_brief"": ""A set of colorful felt pens for drawing and coloring."",
    ""needs_inspection"": false,
    ""reason"": """"
}"
extra_cards/places/12-33科學館.jpg,places,"{""en"":""Science Museum"",""zh"":""科学馆"",""yue"":""科學館"",""ko"":""과학관""}",JPEG,756,1051,"This is a drawing of a science museum building. It has stairs leading up to the entrance, large windows, and a modern design with pink and gray colors. The sky is light blue, and there is green grass near the steps.",qwen3-vl-plus,This is a science museum where you can learn about science through fun exhibits.,False,False,,"{
    ""en"": ""Science Museum"",
    ""zh"": ""科学馆"",
    ""yue"": ""科學館"",
    ""ko"": ""과학관"",
    ""description"": ""This is a drawing of a science museum building. It has stairs leading up to the entrance, large windows, and a modern design with pink and gray colors. The sky is light blue, and there is green grass near the steps."",
    ""description_brief"": ""This is a science museum where you can learn about science through fun exhibits."",
    ""needs_inspection"": false,
    ""reason"": """"
}"
extra_cards/stationery/Stencil.jpg,stationery,"{""en"":""Stencil"",""zh"":""模板"",""yue"":""模板"",""ko"":""스텐실""}",JPEG,1260,881,"This is an orange plastic stencil with cut-out shapes, letters, numbers, and symbols. It can be used to trace or draw these shapes on paper. The ruler edges help measure while drawing.",qwen3-vl-plus,"An orange stencil with letters, numbers, and shapes for tracing.",False,False,,"{
    ""en"": ""Stencil"",
    ""zh"": ""模板"",
    ""yue"": ""模板"",
    ""ko"": ""스텐실"",
    ""description"": ""This is an orange plastic stencil with cut-out shapes, letters, numbers, and symbols. It can be used to trace or draw these shapes on paper. The ruler edges help measure while drawing."",
    ""description_brief"": ""An orange stencil with letters, numbers, and shapes for tracing."",
    ""needs_inspection"": false,
    ""reason"": """"
}"
extra_cards/emotions/ukembarassed-1.jpg,emotions,"{""en"":""ukembarassed-1"",""zh"":""害羞-1"",""yue"":""害羞-1"",""ko"":""당황-1""}",JPEG,430,430,"This image shows a person with brown hair, rosy cheeks, and a straight mouth. The red cheeks suggest the person is feeling shy or embarrassed. The face is simple and clear to help children understand emotions easily.",qwen3-vl-plus,A person with red cheeks looks shy or embarrassed.,False,False,,"{
    ""en"": ""ukembarassed-1"",
    ""zh"": ""害羞-1"",
    ""yue"": ""害羞-1"",
    ""ko"": ""당황-1"",
    ""description"": ""This image shows a person with brown hair, rosy cheeks, and a straight mouth. The red cheeks suggest the person is feeling shy or embarrassed. The face is simple and clear to help children understand emotions easily."",
    ""description_brief"": ""A person with red cheeks looks shy or embarrassed."",
    ""needs_inspection"": false,
    ""reason"": """"
}"
extra_cards/emotions/ukconfused-1.jpg,emotions,"{""en"":""Confused face"",""zh"":""困惑的脸"",""yue"":""困惑的臉"",""ko"":""혼란스러운 표정""}",JPEG,430,430,"This image shows a person with yellow hair and a blue shirt. Their eyes are wide open and their mouth is slightly open, which can mean they are confused or unsure. This face helps show how someone might look when they don’t understand something.",qwen3-vl-plus,This face shows someone who is confused or doesn’t understand.,False,False,,"{
    ""en"": ""Confused face"",
    ""zh"": ""困惑的脸"",
    ""yue"": ""困惑的臉"",
    ""ko"": ""혼란스러운 표정"",
    ""description"": ""This image shows a person with yellow hair and a blue shirt. Their eyes are wide open and their mouth is slightly open, which can mean they are confused or unsure. This face helps show how someone might look when they don’t understand something."",
    ""description_brief"": ""This face shows someone who is confused or doesn’t understand."",
    ""needs_inspection"": false,
    ""reason"": """"
}"
extra_cards/places/12-34文化中心.jpg,places,"{""en"":""Cultural Center"",""zh"":""文化中心"",""yue"":""文化中心"",""ko"":""문화센터""}",JPEG,756,1051,This image shows a building with a tall clock tower in front of it. The building has a curved roof and is next to blue water. The sky is light blue with some white clouds.,qwen3-vl-plus,"A building with a clock tower near water, called a Cultural Center.",False,False,,"{
    ""en"": ""Cultural Center"",
    ""zh"": ""文化中心"",
    ""yue"": ""文化中心"",
    ""ko"": ""문화센터"",
    ""description"": ""This image shows a building with a tall clock tower in front of it. The building has a curved roof and is next to blue water. The sky is light blue with some white clouds."",
    ""description_brief"": ""A building with a clock tower near water, called a Cultural Center."",
    ""needs_inspection"": false,
    ""reason"": """"
}"
extra_cards/food/花生醬.jpg,food,"{""en"":""Peanut Butter"",""zh"":""花生酱"",""yue"":""花生醬"",""ko"":""땅콩버터""}",JPEG,756,1051,"This is a jar of peanut butter with a blue lid. Inside the jar, there are cartoon peanuts and a smiling peanut character. The label shows peanuts and bread with peanut butter spread on it.",qwen3-vl-plus,A jar of peanut butter with a happy peanut inside.,False,False,,"{
    ""en"": ""Peanut Butter"",
    ""zh"": ""花生酱"",
    ""yue"": ""花生醬"",
    ""ko"": ""땅콩버터"",
    ""description"": ""This is a jar of peanut butter with a blue lid. Inside the jar, there are cartoon peanuts and a smiling peanut character. The label shows peanuts and bread with peanut butter spread on it."",
    ""description_brief"": ""A jar of peanut butter with a happy peanut inside."",
    ""needs_inspection"": false,
    ""reason"": """"
}"
extra_cards/stationery/Sticky tape1.jpg,stationery,"{""en"":""Sticky tape"",""zh"":""胶带"",""yue"":""膠帶"",""ko"":""테이프""}",JPEG,720,692,This is a roll of sticky tape. It is orange and has a brown paper core with red writing on it. You can use it to stick things together.,qwen3-vl-plus,Orange sticky tape for sticking things.,False,False,,"{
    ""en"": ""Sticky tape"",
    ""zh"": ""胶带"",
    ""yue"": ""膠帶"",
    ""ko"": ""테이프"",
    ""description"": ""This is a roll of sticky tape. It is orange and has a brown paper core with red writing on it. You can use it to stick things together."",
    ""description_brief"": ""Orange sticky tape for sticking things."",
    ""needs_inspection"": false,
    ""reason"": """"
}"
extra_cards/activities/talk-4509.jpg,activities,"{""en"":""talk-4509"",""zh"":""讲"",""yue"":""講"",""ko"":""말하기""}",JPEG,402,502,This image shows a woman holding a phone to her ear and pointing up with one finger. She is wearing a green shirt and has blonde hair. The picture is meant to show someone talking on the phone or explaining something.,qwen3-vl-plus,A person talking on the phone and pointing up.,False,False,,"{
    ""en"": ""talk-4509"",
    ""zh"": ""讲"",
    ""yue"": ""講"",
    ""ko"": ""말하기"",
    ""description"": ""This image shows a woman holding a phone to her ear and pointing up with one finger. She is wearing a green shirt and has blonde hair. The picture is meant to show someone talking on the phone or explaining something."",
    ""description_brief"": ""A person talking on the phone and pointing up."",
    ""needs_inspection"": false,
    ""reason"": """"
}"
extra_cards/stationery/Fibretip pen1.jpg,stationery,"{""en"":""Fibretip pen"",""zh"":""纤维笔"",""yue"":""纖維筆"",""ko"":""펜촉 펜""}",JPEG,960,550,This is a green fibretip pen with a black grip and a pointed tip. The cap is off and placed beside the pen. It is used for writing or drawing on paper.,qwen3-vl-plus,A green pen with a soft tip for writing or drawing.,False,False,,"{
    ""en"": ""Fibretip pen"",
    ""zh"": ""纤维笔"",
    ""yue"": ""纖維筆"",
    ""ko"": ""펜촉 펜"",
    ""description"": ""This is a green fibretip pen with a black grip and a pointed tip. The cap is off and placed beside the pen. It is used for writing or drawing on paper."",
    ""description_brief"": ""A green pen with a soft tip for writing or drawing."",
    ""needs_inspection"": false,
    ""reason"": """"
}"
extra_cards/stationery/Stencil2.jpg,stationery,"{""en"":""Stencil2"",""zh"":""模板2"",""yue"":""模板2"",""ko"":""스텐실2""}",JPEG,1200,907,"This is a purple plastic stencil with cut-out shapes including a peace sign, heart, sun, star, flower, and the word 'LOVE'. It can be used to draw or trace these shapes on paper. The stencil is flat and has rounded corners for safe handling.",qwen3-vl-plus,"A purple stencil with peace, heart, sun, and love shapes for drawing.",False,False,,"{
    ""en"": ""Stencil2"",
    ""zh"": ""模板2"",
    ""yue"": ""模板2"",
    ""ko"": ""스텐실2"",
    ""description"": ""This is a purple plastic stencil with cut-out shapes including a peace sign, heart, sun, star, flower, and the word 'LOVE'. It can be used to draw or trace these shapes on paper. The stencil is flat and has rounded corners for safe handling."",
    ""description_brief"": ""A purple stencil with peace, heart, sun, and love shapes for drawing."",
    ""needs_inspection"": false,
    ""reason"": """"
}"
extra_cards/activities/swimming.jpg,activities,"{""en"":""swimming"",""zh"":""游泳"",""yue"":""游水"",""ko"":""수영""}",JPEG,596,596,"This image shows items used for swimming: a purple swimsuit, red swim trunks, goggles, colorful rings, and a green bag labeled 'Swimming things'. These are common things people wear or use when going to swim. The word '游泳' is written at the bottom to help identify the activity.",qwen3-vl-plus,These are things you need for swimming.,False,False,,"{
    ""en"": ""swimming"",
    ""zh"": ""游泳"",
    ""yue"": ""游水"",
    ""ko"": ""수영"",
    ""description"": ""This image shows items used for swimming: a purple swimsuit, red swim trunks, goggles, colorful rings, and a green bag labeled 'Swimming things'. These are common things people wear or use when going to swim. The word '游泳' is written at the bottom to help identify the activity."",
    ""description_brief"": ""These are things you need for swimming."",
    ""needs_inspection"": false,
    ""reason"": """"
}"
extra_cards/stationery/Sticky tape2.jpg,stationery,"{""en"":""Sticky tape"",""zh"":""透明胶带"",""yue"":""透明膠帶"",""ko"":""테이프""}",JPEG,720,458,This image shows two rolls of sticky tape. One roll is brown and the other is white with a blue center. The tape is used to stick things together and comes on a round roll.,qwen3-vl-plus,Two rolls of sticky tape for sticking things together.,False,False,,"{
    ""en"": ""Sticky tape"",
    ""zh"": ""透明胶带"",
    ""yue"": ""透明膠帶"",
    ""ko"": ""테이프"",
    ""description"": ""This image shows two rolls of sticky tape. One roll is brown and the other is white with a blue center. The tape is used to stick things together and comes on a round roll."",
    ""description_brief"": ""Two rolls of sticky tape for sticking things together."",
    ""needs_inspection"": false,
    ""reason"": """"
}"
extra_cards/emotions/ukhappy-1.jpg,emotions,"{""en"":""Happy Girl with Pigtails"",""zh"":""扎双马尾的快乐女孩"",""yue"":""紮雙馬尾嘅開心女孩"",""ko"":""꼬리머리의 행복한 소녀""}",JPEG,430,430,"This image shows a girl with yellow hair in two pigtails, held by blue bands. She has a big smile and black round eyes. She is wearing a blue shirt and looks happy.",qwen3-vl-plus,A smiling girl with yellow pigtails and a blue shirt.,False,False,,"{
    ""en"": ""Happy Girl with Pigtails"",
    ""zh"": ""扎双马尾的快乐女孩"",
    ""yue"": ""紮雙馬尾嘅開心女孩"",
    ""ko"": ""꼬리머리의 행복한 소녀"",
    ""description"": ""This image shows a girl with yellow hair in two pigtails, held by blue bands. She has a big smile and black round eyes. She is wearing a blue shirt and looks happy."",
    ""description_brief"": ""A smiling girl with yellow pigtails and a blue shirt."",
    ""needs_inspection"": false,
    ""reason"": """"
}"
extra_cards/places/12-35機場.jpg,places,"{""en"":""Airport"",""zh"":""机场"",""yue"":""機場"",""ko"":""공항""}",JPEG,756,1051,"This image shows an airplane on a runway in front of a large building with many windows. The airplane is white and orange, and it has wheels touching the ground. The sky is blue and there is green grass beside the runway.",qwen3-vl-plus,An airplane is on the runway at the airport.,False,False,,"{
    ""en"": ""Airport"",
    ""zh"": ""机场"",
    ""yue"": ""機場"",
    ""ko"": ""공항"",
    ""description"": ""This image shows an airplane on a runway in front of a large building with many windows. The airplane is white and orange, and it has wheels touching the ground. The sky is blue and there is green grass beside the runway."",
    ""description_brief"": ""An airplane is on the runway at the airport."",
    ""needs_inspection"": false,
    ""reason"": """"
}"
extra_cards/stationery/Fountain pen.jpg,stationery,"{""en"":""Fountain pen"",""zh"":""钢笔"",""yue"":""鋼筆"",""ko"":""만년필""}",JPEG,1086,772,"This is a fountain pen with a shiny silver body and a black grip section. The tip is gold-colored and has a fine point for writing. The cap is off and placed beside the pen, showing a gold clip on the inside.",qwen3-vl-plus,"A silver and black fountain pen with a gold tip, ready to write.",False,False,,"{
    ""en"": ""Fountain pen"",
    ""zh"": ""钢笔"",
    ""yue"": ""鋼筆"",
    ""ko"": ""만년필"",
    ""description"": ""This is a fountain pen with a shiny silver body and a black grip section. The tip is gold-colored and has a fine point for writing. The cap is off and placed beside the pen, showing a gold clip on the inside."",
    ""description_brief"": ""A silver and black fountain pen with a gold tip, ready to write."",
    ""needs_inspection"": false,
    ""reason"": """"
}"
extra_cards/stationery/Sticky tape3.jpg,stationery,"{""en"":""Sticky tape"",""zh"":""透明胶带"",""yue"":""透明膠紙"",""ko"":""테이프""}",JPEG,960,978,"This is a black plastic dispenser holding a roll of clear sticky tape. The tape can be pulled out and cut with the built-in serrated edge. It is used to stick things together, like paper or boxes.",qwen3-vl-plus,A dispenser with clear tape for sticking things together.,False,False,,"{
    ""en"": ""Sticky tape"",
    ""zh"": ""透明胶带"",
    ""yue"": ""透明膠紙"",
    ""ko"": ""테이프"",
    ""description"": ""This is a black plastic dispenser holding a roll of clear sticky tape. The tape can be pulled out and cut with the built-in serrated edge. It is used to stick things together, like paper or boxes."",
    ""description_brief"": ""A dispenser with clear tape for sticking things together."",
    ""needs_inspection"": false,
    ""reason"": """"
}"
extra_cards/activities/tea time.jpg,activities,"{""en"":""Tea Time"",""zh"":""下午茶时间"",""yue"":""下午茶時間"",""ko"":""티타임""}",JPEG,596,596,"This image shows a toaster with two pieces of toast popping out. Below the toaster, there is a sandwich with red filling between slices of bread. The text at the bottom says 'Afternoon Tea Time' in Chinese characters.",qwen3-vl-plus,It’s tea time with toast and a sandwich.,False,False,,"{
    ""en"": ""Tea Time"",
    ""zh"": ""下午茶时间"",
    ""yue"": ""下午茶時間"",
    ""ko"": ""티타임"",
    ""description"": ""This image shows a toaster with two pieces of toast popping out. Below the toaster, there is a sandwich with red filling between slices of bread. The text at the bottom says 'Afternoon Tea Time' in Chinese characters."",
    ""description_brief"": ""It’s tea time with toast and a sandwich."",
    ""needs_inspection"": false,
    ""reason"": """"
}"
extra_cards/food/荔枝.jpg,food,"{""en"":""Lychee"",""zh"":""荔枝"",""yue"":""荔枝"",""ko"":""리치""}",JPEG,756,1051,"This image shows three red lychee fruits hanging on a brown branch with green leaves. The fruits have bumpy skin and are drawn in a simple, clear style. This is a sweet fruit that grows on trees and is popular in many Asian countries.",qwen3-vl-plus,Three red lychees on a branch with green leaves.,False,False,,"{
    ""en"": ""Lychee"",
    ""zh"": ""荔枝"",
    ""yue"": ""荔枝"",
    ""ko"": ""리치"",
    ""description"": ""This image shows three red lychee fruits hanging on a brown branch with green leaves. The fruits have bumpy skin and are drawn in a simple, clear style. This is a sweet fruit that grows on trees and is popular in many Asian countries."",
    ""description_brief"": ""Three red lychees on a branch with green leaves."",
    ""needs_inspection"": false,
    ""reason"": """"
}"
extra_cards/food/茶.jpg,food,"{""en"":""Tea"",""zh"":""茶"",""yue"":""茶"",""ko"":""차""}",JPEG,756,1051,"This image shows a yellow cup with red liquid inside, sitting on a matching saucer. Two wavy lines above the cup show that the drink is hot. The word '茶' is written below to label what it is.",qwen3-vl-plus,A hot cup of tea in a yellow cup with steam rising.,False,False,,"{
    ""en"": ""Tea"",
    ""zh"": ""茶"",
    ""yue"": ""茶"",
    ""ko"": ""차"",
    ""description"": ""This image shows a yellow cup with red liquid inside, sitting on a matching saucer. Two wavy lines above the cup show that the drink is hot. The word '茶' is written below to label what it is."",
    ""description_brief"": ""A hot cup of tea in a yellow cup with steam rising."",
    ""needs_inspection"": false,
    ""reason"": """"
}"
extra_cards/food/茄子.jpg,food,"{""en"":""Eggplant"",""zh"":""茄子"",""yue"":""茄子"",""ko"":""가지""}",JPEG,756,1051,"This is a purple eggplant with a smooth, shiny skin. It has a green stem at the top. Eggplants are vegetables that can be cooked in many ways and are often used in stir-fries or stews.",qwen3-vl-plus,A purple vegetable called eggplant with a green top.,False,False,,"{
    ""en"": ""Eggplant"",
    ""zh"": ""茄子"",
    ""yue"": ""茄子"",
    ""ko"": ""가지"",
    ""description"": ""This is a purple eggplant with a smooth, shiny skin. It has a green stem at the top. Eggplants are vegetables that can be cooked in many ways and are often used in stir-fries or stews."",
    ""description_brief"": ""A purple vegetable called eggplant with a green top."",
    ""needs_inspection"": false,
    ""reason"": """"
}"
extra_cards/activities/television.jpg,activities,"{""en"":""watching television"",""zh"":""看电视"",""yue"":""睇電視"",""ko"":""텔레비전 보기""}",JPEG,596,596,"This image shows a television on a stand with shelves. The screen displays a picture of palm trees and a sunny beach. Below the TV, the Chinese characters mean 'watching television'.",qwen3-vl-plus,A TV showing a beach scene with palm trees.,False,False,,"{
    ""en"": ""watching television"",
    ""zh"": ""看电视"",
    ""yue"": ""睇電視"",
    ""ko"": ""텔레비전 보기"",
    ""description"": ""This image shows a television on a stand with shelves. The screen displays a picture of palm trees and a sunny beach. Below the TV, the Chinese characters mean 'watching television'."",
    ""description_brief"": ""A TV showing a beach scene with palm trees."",
    ""needs_inspection"": false,
    ""reason"": """"
}"
extra_cards/places/12-36海洋公園.jpg,places,"{""en"":""Ocean Park"",""zh"":""海洋公园"",""yue"":""海洋公園"",""ko"":""오션 파크""}",JPEG,756,1051,"This is a picture of Ocean Park. There is a cable car going up a green hill with colorful cabins. At the bottom, there is an entrance gate with turnstiles and a sign that says 'OCEAN PARK' with a seahorse logo on the hill.",qwen3-vl-plus,Ocean Park has a cable car ride up a green hill and an entrance gate with turnstiles.,False,False,,"{
    ""en"": ""Ocean Park"",
    ""zh"": ""海洋公园"",
    ""yue"": ""海洋公園"",
    ""ko"": ""오션 파크"",
    ""description"": ""This is a picture of Ocean Park. There is a cable car going up a green hill with colorful cabins. At the bottom, there is an entrance gate with turnstiles and a sign that says 'OCEAN PARK' with a seahorse logo on the hill."",
    ""description_brief"": ""Ocean Park has a cable car ride up a green hill and an entrance gate with turnstiles."",
    ""needs_inspection"": false,
    ""reason"": """"
}"
extra_cards/activities/think-4803.jpg,activities,"{""en"":""think"",""zh"":""想"",""yue"":""想"",""ko"":""생각하다""}",JPEG,402,502,"This image shows a girl with blonde hair in a ponytail, wearing a pink shirt. She is touching her chin with one hand and has the other hand on her hip, which suggests she is thinking. The Chinese character '想' below her means 'to think'.",qwen3-vl-plus,"A girl is thinking, shown by her hand on her chin and the word '想' below.",False,False,,"{
    ""en"": ""think"",
    ""zh"": ""想"",
    ""yue"": ""想"",
    ""ko"": ""생각하다"",
    ""description"": ""This image shows a girl with blonde hair in a ponytail, wearing a pink shirt. She is touching her chin with one hand and has the other hand on her hip, which suggests she is thinking. The Chinese character '想' below her means 'to think'."",
    ""description_brief"": ""A girl is thinking, shown by her hand on her chin and the word '想' below."",
    ""needs_inspection"": false,
    ""reason"": """"
}"
extra_cards/emotions/ukhot-1.jpg,emotions,"{""en"":""Sweating with a smile"",""zh"":""流汗但微笑"",""yue"":""流汗但笑住"",""ko"":""웃으면서 땀을 흘리는 모습""}",JPEG,430,430,"This image shows a person with dark skin and black hair wearing a blue shirt. They are smiling, but there are small drops of sweat on their face, showing they might feel warm or have been active. The cheeks are pink, which can mean they are happy or have been moving around.",qwen3-vl-plus,"A smiling person with sweat on their face, feeling warm or active.",False,False,,"{
    ""en"": ""Sweating with a smile"",
    ""zh"": ""流汗但微笑"",
    ""yue"": ""流汗但笑住"",
    ""ko"": ""웃으면서 땀을 흘리는 모습"",
    ""description"": ""This image shows a person with dark skin and black hair wearing a blue shirt. They are smiling, but there are small drops of sweat on their face, showing they might feel warm or have been active. The cheeks are pink, which can mean they are happy or have been moving around."",
    ""description_brief"": ""A smiling person with sweat on their face, feeling warm or active."",
    ""needs_inspection"": false,
    ""reason"": """"
}"
extra_cards/stationery/Globe.jpg,stationery,"{""en"":""Globe"",""zh"":""地球仪"",""yue"":""地球儀"",""ko"":""지구본""}",JPEG,702,960,"This is a globe that shows the Earth’s continents and oceans. The land areas are colored in pink, yellow, and green, while the oceans are blue. It sits on a black stand and can be turned to see different parts of the world.",qwen3-vl-plus,A round globe showing countries and oceans on a black base.,False,False,,"{
    ""en"": ""Globe"",
    ""zh"": ""地球仪"",
    ""yue"": ""地球儀"",
    ""ko"": ""지구본"",
    ""description"": ""This is a globe that shows the Earth’s continents and oceans. The land areas are colored in pink, yellow, and green, while the oceans are blue. It sits on a black stand and can be turned to see different parts of the world."",
    ""description_brief"": ""A round globe showing countries and oceans on a black base."",
    ""needs_inspection"": false,
    ""reason"": """"
}"
extra_cards/places/12-37山頂.jpg,places,"{""en"":""The Peak Tower"",""zh"":""山顶"",""yue"":""山頂"",""ko"":""피크 타워""}",JPEG,756,1051,"This is a drawing of The Peak Tower, a building with a curved roof and large windows. It sits on a hill with green grass nearby and has steps leading to the entrance. The sign on the building says 'THE PEAK TOWER' in English.",qwen3-vl-plus,The Peak Tower is a building on a hill with a curved roof and big windows.,False,False,,"{
    ""en"": ""The Peak Tower"",
    ""zh"": ""山顶"",
    ""yue"": ""山頂"",
    ""ko"": ""피크 타워"",
    ""description"": ""This is a drawing of The Peak Tower, a building with a curved roof and large windows. It sits on a hill with green grass nearby and has steps leading to the entrance. The sign on the building says 'THE PEAK TOWER' in English."",
    ""description_brief"": ""The Peak Tower is a building on a hill with a curved roof and big windows."",
    ""needs_inspection"": false,
    ""reason"": """"
}"
extra_cards/emotions/uksad-1.jpg,emotions,"{""en"":""Sad Girl with Tear"",""zh"":""流泪的悲伤女孩"",""yue"":""流淚的難過女孩"",""ko"":""눈물 흘리는 슬픈 소녀""}",JPEG,430,430,This image shows a girl with dark hair and brown skin. She has a sad face and one tear falling from her eye. She is wearing a blue shirt.,qwen3-vl-plus,A girl who looks sad with a tear on her cheek.,False,False,,"{
    ""en"": ""Sad Girl with Tear"",
    ""zh"": ""流泪的悲伤女孩"",
    ""yue"": ""流淚的難過女孩"",
    ""ko"": ""눈물 흘리는 슬픈 소녀"",
    ""description"": ""This image shows a girl with dark hair and brown skin. She has a sad face and one tear falling from her eye. She is wearing a blue shirt."",
    ""description_brief"": ""A girl who looks sad with a tear on her cheek."",
    ""needs_inspection"": false,
    ""reason"": """"
}"
extra_cards/stationery/Fibretip pens2.jpg,stationery,"{""en"":""Fibretip pens"",""zh"":""纤维笔"",""yue"":""纖維筆"",""ko"":""펜촉 펜""}",JPEG,1032,650,"These are fibretip pens with black barrels and colorful caps. The caps are red, yellow, green, blue, and one pen is uncapped showing a pink tip. They are smooth and easy to hold for drawing or writing.",qwen3-vl-plus,Colorful fibretip pens for drawing and writing.,False,False,,"{
    ""en"": ""Fibretip pens"",
    ""zh"": ""纤维笔"",
    ""yue"": ""纖維筆"",
    ""ko"": ""펜촉 펜"",
    ""description"": ""These are fibretip pens with black barrels and colorful caps. The caps are red, yellow, green, blue, and one pen is uncapped showing a pink tip. They are smooth and easy to hold for drawing or writing."",
    ""description_brief"": ""Colorful fibretip pens for drawing and writing."",
    ""needs_inspection"": false,
    ""reason"": """"
}"
extra_cards/emotions/uksleepy-1.jpg,emotions,"{""en"":""Sleepy Face"",""zh"":""困倦的脸"",""yue"":""睏倦嘅臉"",""ko"":""졸린 얼굴""}",JPEG,430,430,"This image shows a person with closed eyes and a calm mouth, which means they are feeling sleepy. The person has brown hair and is wearing a blue shirt. This face helps show that someone needs rest or is ready for sleep.",qwen3-vl-plus,This person looks sleepy and might need to rest.,False,False,,"{
    ""en"": ""Sleepy Face"",
    ""zh"": ""困倦的脸"",
    ""yue"": ""睏倦嘅臉"",
    ""ko"": ""졸린 얼굴"",
    ""description"": ""This image shows a person with closed eyes and a calm mouth, which means they are feeling sleepy. The person has brown hair and is wearing a blue shirt. This face helps show that someone needs rest or is ready for sleep."",
    ""description_brief"": ""This person looks sleepy and might need to rest."",
    ""needs_inspection"": false,
    ""reason"": """"
}"
extra_cards/stationery/Sticky tape4.jpg,stationery,"{""en"":""Sticky tape"",""zh"":""透明胶带"",""yue"":""透明膠帶"",""ko"":""테이프""}",JPEG,1042,892,This is a roll of clear sticky tape. It has a red and blue label inside with the word 'tesa' repeated. The tape is slightly pulled out from the roll and is used to stick things together.,qwen3-vl-plus,A roll of clear sticky tape for sticking things together.,False,False,,"{
    ""en"": ""Sticky tape"",
    ""zh"": ""透明胶带"",
    ""yue"": ""透明膠帶"",
    ""ko"": ""테이프"",
    ""description"": ""This is a roll of clear sticky tape. It has a red and blue label inside with the word 'tesa' repeated. The tape is slightly pulled out from the roll and is used to stick things together."",
    ""description_brief"": ""A roll of clear sticky tape for sticking things together."",
    ""needs_inspection"": false,
    ""reason"": """"
}"
extra_cards/food/菊花茶.jpg,food,"{""en"":""Chrysanthemum Tea"",""zh"":""菊花茶"",""yue"":""菊花茶"",""ko"":""국화차""}",JPEG,756,1051,This is a picture of a carton of chrysanthemum tea. The box is yellow and white with drawings of white flowers with yellow centers. The words '菊花茶' are written in red on the front and side of the box.,qwen3-vl-plus,A yellow and white box of chrysanthemum tea with flower pictures.,False,False,,"{
    ""en"": ""Chrysanthemum Tea"",
    ""zh"": ""菊花茶"",
    ""yue"": ""菊花茶"",
    ""ko"": ""국화차"",
    ""description"": ""This is a picture of a carton of chrysanthemum tea. The box is yellow and white with drawings of white flowers with yellow centers. The words '菊花茶' are written in red on the front and side of the box."",
    ""description_brief"": ""A yellow and white box of chrysanthemum tea with flower pictures."",
    ""needs_inspection"": false,
    ""reason"": """"
}"
extra_cards/places/12-38天壇大佛.jpg,places,"{""en"":""Tian Tan Buddha"",""zh"":""天坛大佛"",""yue"":""天壇大佛"",""ko"":""천탄대불""}",JPEG,756,1051,This image shows a large golden Buddha statue sitting on a lotus flower. The statue is outdoors with green hills and a blue sky behind it. There are stairs leading up to the statue with red flags on both sides.,qwen3-vl-plus,A big golden Buddha sitting on a lotus with stairs and flags around it.,False,False,,"{
    ""en"": ""Tian Tan Buddha"",
    ""zh"": ""天坛大佛"",
    ""yue"": ""天壇大佛"",
    ""ko"": ""천탄대불"",
    ""description"": ""This image shows a large golden Buddha statue sitting on a lotus flower. The statue is outdoors with green hills and a blue sky behind it. There are stairs leading up to the statue with red flags on both sides."",
    ""description_brief"": ""A big golden Buddha sitting on a lotus with stairs and flags around it."",
    ""needs_inspection"": false,
    ""reason"": """"
}"
extra_cards/activities/throwaway-4706.jpg,activities,"{""en"":""Throw away trash"",""zh"":""丢掉垃圾"",""yue"":""丟垃圾"",""ko"":""쓰레기 버리기""}",JPEG,402,502,A boy is putting a white bag into an orange trash bin. He is wearing a green shirt and blue pants. The bin has wheels and is standing on the floor.,qwen3-vl-plus,A boy throws trash into a bin.,False,False,,"{
    ""en"": ""Throw away trash"",
    ""zh"": ""丢掉垃圾"",
    ""yue"": ""丟垃圾"",
    ""ko"": ""쓰레기 버리기"",
    ""description"": ""A boy is putting a white bag into an orange trash bin. He is wearing a green shirt and blue pants. The bin has wheels and is standing on the floor."",
    ""description_brief"": ""A boy throws trash into a bin."",
    ""needs_inspection"": false,
    ""reason"": """"
}"
extra_cards/places/12-39青馬大橋.jpg,places,"{""en"":""Tsing Ma Bridge"",""zh"":""青马大桥"",""yue"":""青馬大橋"",""ko"":""칭마대교""}",JPEG,756,1051,This is a drawing of the Tsing Ma Bridge. It shows a large bridge with tall yellow towers and black cables over blue water. There are green hills in the front and brown land with small buildings in the back.,qwen3-vl-plus,"A big bridge with yellow towers over water, called Tsing Ma Bridge.",False,False,,"{
    ""en"": ""Tsing Ma Bridge"",
    ""zh"": ""青马大桥"",
    ""yue"": ""青馬大橋"",
    ""ko"": ""칭마대교"",
    ""description"": ""This is a drawing of the Tsing Ma Bridge. It shows a large bridge with tall yellow towers and black cables over blue water. There are green hills in the front and brown land with small buildings in the back."",
    ""description_brief"": ""A big bridge with yellow towers over water, called Tsing Ma Bridge."",
    ""needs_inspection"": false,
    ""reason"": """"
}"
extra_cards/stationery/Sticky tape5.jpg,stationery,"{""en"":""Sticky tape"",""zh"":""透明胶带"",""yue"":""透明膠紙"",""ko"":""테이프""}",JPEG,1078,1069,This is a black tape dispenser with a roll of clear sticky tape inside. The tape can be pulled out and cut using the sharp edge on the front. It is used to stick papers or objects together.,qwen3-vl-plus,A black tape dispenser with clear sticky tape for sticking things together.,False,False,,"{
    ""en"": ""Sticky tape"",
    ""zh"": ""透明胶带"",
    ""yue"": ""透明膠紙"",
    ""ko"": ""테이프"",
    ""description"": ""This is a black tape dispenser with a roll of clear sticky tape inside. The tape can be pulled out and cut using the sharp edge on the front. It is used to stick papers or objects together."",
    ""description_brief"": ""A black tape dispenser with clear sticky tape for sticking things together."",
    ""needs_inspection"": false,
    ""reason"": """"
}"
extra_cards/food/菜.jpg,food,"{""en"":""Bok choy"",""zh"":""白菜"",""yue"":""小白菜"",""ko"":""배추""}",JPEG,756,1051,"This is a drawing of bok choy, a green leafy vegetable with white stems. It is often used in cooking and has a mild taste. The leaves are bright green and the stem is thick and white.",qwen3-vl-plus,A green vegetable with white stems called bok choy.,False,False,,"{
    ""en"": ""Bok choy"",
    ""zh"": ""白菜"",
    ""yue"": ""小白菜"",
    ""ko"": ""배추"",
    ""description"": ""This is a drawing of bok choy, a green leafy vegetable with white stems. It is often used in cooking and has a mild taste. The leaves are bright green and the stem is thick and white."",
    ""description_brief"": ""A green vegetable with white stems called bok choy."",
    ""needs_inspection"": false,
    ""reason"": """"
}"
extra_cards/stationery/Glue pen.jpg,stationery,"{""en"":""Glue pen"",""zh"":""胶水笔"",""yue"":""膠水筆"",""ko"":""접착제 펜""}",JPEG,1394,910,This is a clear glue pen with a blue cap. It has a soft tip that lets you squeeze out glue easily. The glue dries clear and is safe for paper crafts.,qwen3-vl-plus,A glue pen with a blue cap for sticking paper together.,False,False,,"{
    ""en"": ""Glue pen"",
    ""zh"": ""胶水笔"",
    ""yue"": ""膠水筆"",
    ""ko"": ""접착제 펜"",
    ""description"": ""This is a clear glue pen with a blue cap. It has a soft tip that lets you squeeze out glue easily. The glue dries clear and is safe for paper crafts."",
    ""description_brief"": ""A glue pen with a blue cap for sticking paper together."",
    ""needs_inspection"": false,
    ""reason"": """"
}"
extra_cards/stationery/Globe2.jpg,stationery,"{""en"":""Globe2"",""zh"":""地球仪2"",""yue"":""地球儀2"",""ko"":""지구본2""}",JPEG,1094,1412,"This is a globe that shows the world’s countries and oceans. The land is colored in different shades like green, yellow, and red, while the water is blue. It sits on a blue stand with a ring around it to help turn it easily.",qwen3-vl-plus,A blue globe showing countries and oceans on a stand.,False,False,,"{
    ""en"": ""Globe2"",
    ""zh"": ""地球仪2"",
    ""yue"": ""地球儀2"",
    ""ko"": ""지구본2"",
    ""description"": ""This is a globe that shows the world’s countries and oceans. The land is colored in different shades like green, yellow, and red, while the water is blue. It sits on a blue stand with a ring around it to help turn it easily."",
    ""description_brief"": ""A blue globe showing countries and oceans on a stand."",
    ""needs_inspection"": false,
    ""reason"": """"
}"
extra_cards/activities/tidy time.jpg,activities,"{""en"":""tidy time"",""zh"":""打扫时间"",""yue"":""打掃時間"",""ko"":""정리 시간""}",JPEG,596,596,"This image shows a broom, a trash can with paper pieces inside, and a colorful rug on the floor. These items are used for cleaning up messes. It is a picture to help you know it’s time to clean your space.",qwen3-vl-plus,It’s time to clean up with the broom and trash can.,False,False,,"{
    ""en"": ""tidy time"",
    ""zh"": ""打扫时间"",
    ""yue"": ""打掃時間"",
    ""ko"": ""정리 시간"",
    ""description"": ""This image shows a broom, a trash can with paper pieces inside, and a colorful rug on the floor. These items are used for cleaning up messes. It is a picture to help you know it’s time to clean your space."",
    ""description_brief"": ""It’s time to clean up with the broom and trash can."",
    ""needs_inspection"": false,
    ""reason"": """"
}"
extra_cards/stationery/Sticky tape6.jpg,stationery,"{""en"":""Sticky tape"",""zh"":""胶带"",""yue"":""膠帶"",""ko"":""테이프""}",JPEG,1070,724,This is a roll of gray sticky tape. It has a shiny surface and can be pulled off the roll to stick things together. The inside of the roll has blue writing on white paper.,qwen3-vl-plus,Gray sticky tape for sticking things together.,False,False,,"{
    ""en"": ""Sticky tape"",
    ""zh"": ""胶带"",
    ""yue"": ""膠帶"",
    ""ko"": ""테이프"",
    ""description"": ""This is a roll of gray sticky tape. It has a shiny surface and can be pulled off the roll to stick things together. The inside of the roll has blue writing on white paper."",
    ""description_brief"": ""Gray sticky tape for sticking things together."",
    ""needs_inspection"": false,
    ""reason"": """"
}"
extra_cards/emotions/ukworries-1.jpg,emotions,"{""en"":""Worried Face"",""zh"":""担心的脸"",""yue"":""擔心的臉"",""ko"":""걱정하는 얼굴""}",JPEG,430,430,"This image shows a person with brown hair and a blue shirt. Their mouth is turned down, and there are small sweat drops on their face, which means they feel worried or nervous. This is a simple way to show someone is feeling uneasy.",qwen3-vl-plus,This person looks worried because their mouth is sad and they have sweat drops on their face.,False,False,,"{
    ""en"": ""Worried Face"",
    ""zh"": ""担心的脸"",
    ""yue"": ""擔心的臉"",
    ""ko"": ""걱정하는 얼굴"",
    ""description"": ""This image shows a person with brown hair and a blue shirt. Their mouth is turned down, and there are small sweat drops on their face, which means they feel worried or nervous. This is a simple way to show someone is feeling uneasy."",
    ""description_brief"": ""This person looks worried because their mouth is sad and they have sweat drops on their face."",
    ""needs_inspection"": false,
    ""reason"": """"
}"
extra_cards/activities/toilet break.jpg,activities,"{""en"":""toilet break"",""zh"":""上厕所"",""yue"":""去廁所"",""ko"":""화장실 가기""}",JPEG,596,596,"This image shows a toilet and a sink, which are found in a bathroom. These items are used for going to the bathroom and washing hands afterward. The picture helps show when it’s time to use the restroom.",qwen3-vl-plus,Time to go to the bathroom with a toilet and sink.,False,False,,"{
    ""en"": ""toilet break"",
    ""zh"": ""上厕所"",
    ""yue"": ""去廁所"",
    ""ko"": ""화장실 가기"",
    ""description"": ""This image shows a toilet and a sink, which are found in a bathroom. These items are used for going to the bathroom and washing hands afterward. The picture helps show when it’s time to use the restroom."",
    ""description_brief"": ""Time to go to the bathroom with a toilet and sink."",
    ""needs_inspection"": false,
    ""reason"": """"
}"
extra_cards/rituals/15-01坐好.jpg,rituals,"{""en"":""Sit properly"",""zh"":""坐好"",""yue"":""坐好"",""ko"":""바르게 앉기""}",JPEG,756,1051,"The image shows a child sitting on a brown chair with both feet flat on the floor. The child’s hands are resting on their lap, and their back is straight. This posture helps the child stay calm and ready to learn or listen.",qwen3-vl-plus,A child sitting correctly on a chair with feet on the floor and hands in lap.,False,False,,"{
    ""en"": ""Sit properly"",
    ""zh"": ""坐好"",
    ""yue"": ""坐好"",
    ""ko"": ""바르게 앉기"",
    ""description"": ""The image shows a child sitting on a brown chair with both feet flat on the floor. The child’s hands are resting on their lap, and their back is straight. This posture helps the child stay calm and ready to learn or listen."",
    ""description_brief"": ""A child sitting correctly on a chair with feet on the floor and hands in lap."",
    ""needs_inspection"": false,
    ""reason"": """"
}"
extra_cards/emotions/urdrivingmecrazy.jpg,emotions,"{""en"":""You're driving me crazy"",""zh"":""你让我非常生气"",""yue"":""你令我好攰"",""ko"":""너 때문에 미치겠어""}",JPEG,300,300,"This image shows a person with curly hair and glasses, raising their hands in frustration. Their mouth is open as if shouting, and there’s a speech bubble with loud sounds like 'AAARRGGHH!' to show they are very upset. The text above says they are feeling very angry because of something someone did.",qwen3-vl-plus,I am very angry right now because of you.,False,False,,"{
    ""en"": ""You're driving me crazy"",
    ""zh"": ""你让我非常生气"",
    ""yue"": ""你令我好攰"",
    ""ko"": ""너 때문에 미치겠어"",
    ""description"": ""This image shows a person with curly hair and glasses, raising their hands in frustration. Their mouth is open as if shouting, and there’s a speech bubble with loud sounds like 'AAARRGGHH!' to show they are very upset. The text above says they are feeling very angry because of something someone did."",
    ""description_brief"": ""I am very angry right now because of you."",
    ""needs_inspection"": false,
    ""reason"": """"
}"
extra_cards/stationery/Sticky tape7.jpg,stationery,"{""en"":""Sticky tape"",""zh"":""透明胶带"",""yue"":""透明膠紙"",""ko"":""투명 테이프""}",JPEG,1223,926,"This is a roll of clear sticky tape. It has a cardboard center and red labels inside that say 'POSTpak'. The tape is used to stick things together, like paper or boxes.",qwen3-vl-plus,Clear tape for sticking things together.,False,False,,"{
    ""en"": ""Sticky tape"",
    ""zh"": ""透明胶带"",
    ""yue"": ""透明膠紙"",
    ""ko"": ""투명 테이프"",
    ""description"": ""This is a roll of clear sticky tape. It has a cardboard center and red labels inside that say 'POSTpak'. The tape is used to stick things together, like paper or boxes."",
    ""description_brief"": ""Clear tape for sticking things together."",
    ""needs_inspection"": false,
    ""reason"": """"
}"
extra_cards/activities/toilet.jpg,activities,"{""en"":""toilet"",""zh"":""厕所"",""yue"":""廁所"",""ko"":""화장실""}",JPEG,596,596,This image shows a white toilet with a closed lid and a tank behind it. There is also a roll of blue toilet paper on a holder above the toilet. This is a place where people go to use the bathroom.,qwen3-vl-plus,This is a toilet for using the bathroom.,False,False,,"{
    ""en"": ""toilet"",
    ""zh"": ""厕所"",
    ""yue"": ""廁所"",
    ""ko"": ""화장실"",
    ""description"": ""This image shows a white toilet with a closed lid and a tank behind it. There is also a roll of blue toilet paper on a holder above the toilet. This is a place where people go to use the bathroom."",
    ""description_brief"": ""This is a toilet for using the bathroom."",
    ""needs_inspection"": false,
    ""reason"": """"
}"
extra_cards/stationery/Glue2.jpg,stationery,"{""en"":""Glue2"",""zh"":""胶水2"",""yue"":""膠水2"",""ko"":""접착제2""}",JPEG,535,960,This is a bottle of glue with a blue cap and a pointed tip for easy squeezing. It is made in Australia and works well with paper and cardboard. The bottle is clear so you can see how much glue is left inside.,qwen3-vl-plus,A clear glue bottle with a blue cap for sticking paper and cardboard.,False,False,,"{
    ""en"": ""Glue2"",
    ""zh"": ""胶水2"",
    ""yue"": ""膠水2"",
    ""ko"": ""접착제2"",
    ""description"": ""This is a bottle of glue with a blue cap and a pointed tip for easy squeezing. It is made in Australia and works well with paper and cardboard. The bottle is clear so you can see how much glue is left inside."",
    ""description_brief"": ""A clear glue bottle with a blue cap for sticking paper and cardboard."",
    ""needs_inspection"": false,
    ""reason"": """"
}"
extra_cards/stationery/Super glue.jpg,stationery,"{""en"":""Super glue"",""zh"":""超级胶水"",""yue"":""超級膠水"",""ko"":""슈퍼 글루""}",JPEG,1203,915,This is a small tube of super glue held in a person’s hand. It has a blue and yellow label with white text and a clear plastic tip for applying the glue. Super glue is used to stick things together quickly and strongly.,qwen3-vl-plus,A small tube of super glue for sticking things together.,False,False,,"{
    ""en"": ""Super glue"",
    ""zh"": ""超级胶水"",
    ""yue"": ""超級膠水"",
    ""ko"": ""슈퍼 글루"",
    ""description"": ""This is a small tube of super glue held in a person’s hand. It has a blue and yellow label with white text and a clear plastic tip for applying the glue. Super glue is used to stick things together quickly and strongly."",
    ""description_brief"": ""A small tube of super glue for sticking things together."",
    ""needs_inspection"": false,
    ""reason"": """"
}"
extra_cards/food/薄餅.jpg,food,"{""en"":""Pizza"",""zh"":""披萨"",""yue"":""薄餅"",""ko"":""피자""}",JPEG,756,1051,"This is a round pizza with cheese, tomato sauce, and small pieces of vegetables. One slice is pulled away from the rest. The pizza is cut into triangle pieces and has a golden crust.",qwen3-vl-plus,"A round pizza with one slice pulled out, ready to eat.",False,False,,"{
    ""en"": ""Pizza"",
    ""zh"": ""披萨"",
    ""yue"": ""薄餅"",
    ""ko"": ""피자"",
    ""description"": ""This is a round pizza with cheese, tomato sauce, and small pieces of vegetables. One slice is pulled away from the rest. The pizza is cut into triangle pieces and has a golden crust."",
    ""description_brief"": ""A round pizza with one slice pulled out, ready to eat."",
    ""needs_inspection"": false,
    ""reason"": """"
}"
extra_cards/rituals/15-03留心聽.jpg,rituals,"{""en"":""Listen Carefully"",""zh"":""留心听"",""yue"":""留心聽"",""ko"":""주의 깊게 듣기""}",JPEG,756,1051,"The image shows a child sitting on a chair with one hand near the ear, showing they are listening. The child is wearing a white shirt and blue shorts, and has a calm, happy face. This picture helps remind children to pay attention when someone is speaking.",qwen3-vl-plus,A child sitting and listening carefully with one hand near their ear.,False,False,,"{
    ""en"": ""Listen Carefully"",
    ""zh"": ""留心听"",
    ""yue"": ""留心聽"",
    ""ko"": ""주의 깊게 듣기"",
    ""description"": ""The image shows a child sitting on a chair with one hand near the ear, showing they are listening. The child is wearing a white shirt and blue shorts, and has a calm, happy face. This picture helps remind children to pay attention when someone is speaking."",
    ""description_brief"": ""A child sitting and listening carefully with one hand near their ear."",
    ""needs_inspection"": false,
    ""reason"": """"
}"
extra_cards/rituals/15-02安靜.jpg,rituals,"{""en"":""Quiet"",""zh"":""安静"",""yue"":""安靜"",""ko"":""조용히""}",JPEG,756,1051,"This image shows a child with short black hair wearing a white shirt and blue pants. The child is holding one finger up to their mouth, which means we should be quiet. This helps everyone stay calm and listen carefully.",qwen3-vl-plus,Put your finger on your lips to remind others to be quiet.,False,False,,"{
    ""en"": ""Quiet"",
    ""zh"": ""安静"",
    ""yue"": ""安靜"",
    ""ko"": ""조용히"",
    ""description"": ""This image shows a child with short black hair wearing a white shirt and blue pants. The child is holding one finger up to their mouth, which means we should be quiet. This helps everyone stay calm and listen carefully."",
    ""description_brief"": ""Put your finger on your lips to remind others to be quiet."",
    ""needs_inspection"": false,
    ""reason"": """"
}"
extra_cards/emotions/yell.jpg,emotions,"{""en"":""yell"",""zh"":""喊叫"",""yue"":""大叫"",""ko"":""소리 지르기""}",JPEG,300,300,"This image shows a person with their mouth open and pointing a finger, which means they are yelling. Yelling is when someone speaks very loudly, often to show strong feelings like anger or excitement. It’s important to know that yelling can be scary for some people, so we try to use calm voices when we can.",qwen3-vl-plus,Someone is yelling loudly and pointing their finger.,False,False,,"{
    ""en"": ""yell"",
    ""zh"": ""喊叫"",
    ""yue"": ""大叫"",
    ""ko"": ""소리 지르기"",
    ""description"": ""This image shows a person with their mouth open and pointing a finger, which means they are yelling. Yelling is when someone speaks very loudly, often to show strong feelings like anger or excitement. It’s important to know that yelling can be scary for some people, so we try to use calm voices when we can."",
    ""description_brief"": ""Someone is yelling loudly and pointing their finger."",
    ""needs_inspection"": false,
    ""reason"": """"
}"
extra_cards/stationery/Glue3.jpg,stationery,"{""en"":""Glue3"",""zh"":""胶水3"",""yue"":""膠水3"",""ko"":""접착제3""}",JPEG,787,1558,"This is a bottle of clear glue with a blue dropper top. A hand is squeezing the dropper to let a drop of glue come out. The glue is thick and clear, and it’s used for sticking things together.",qwen3-vl-plus,A bottle of clear glue with a blue dropper being squeezed to release glue.,False,False,,"{
    ""en"": ""Glue3"",
    ""zh"": ""胶水3"",
    ""yue"": ""膠水3"",
    ""ko"": ""접착제3"",
    ""description"": ""This is a bottle of clear glue with a blue dropper top. A hand is squeezing the dropper to let a drop of glue come out. The glue is thick and clear, and it’s used for sticking things together."",
    ""description_brief"": ""A bottle of clear glue with a blue dropper being squeezed to release glue."",
    ""needs_inspection"": false,
    ""reason"": """"
}"
extra_cards/food/菠蘿.jpg,food,"{""en"":""Pineapple"",""zh"":""菠萝"",""yue"":""菠蘿"",""ko"":""파인애플""}",JPEG,756,1051,This is a pineapple. It has a yellow body with diamond-shaped patterns and green spiky leaves on top. Pineapples are sweet and juicy fruits that grow in warm places.,qwen3-vl-plus,A yellow pineapple with green leaves on top.,False,False,,"{
    ""en"": ""Pineapple"",
    ""zh"": ""菠萝"",
    ""yue"": ""菠蘿"",
    ""ko"": ""파인애플"",
    ""description"": ""This is a pineapple. It has a yellow body with diamond-shaped patterns and green spiky leaves on top. Pineapples are sweet and juicy fruits that grow in warm places."",
    ""description_brief"": ""A yellow pineapple with green leaves on top."",
    ""needs_inspection"": false,
    ""reason"": """"
}"
extra_cards/festivals/14-01聖誕節.jpg,festivals,"{""en"":""Christmas"",""zh"":""圣诞节"",""yue"":""聖誕節"",""ko"":""크리스마스""}",JPEG,756,1051,This image shows Santa Claus holding a sack of gifts next to a decorated Christmas tree with a star on top. There are also two wrapped presents beside him. The text at the bottom says 'Christmas' in Chinese characters.,qwen3-vl-plus,Santa Claus with gifts and a Christmas tree.,False,False,,"{
    ""en"": ""Christmas"",
    ""zh"": ""圣诞节"",
    ""yue"": ""聖誕節"",
    ""ko"": ""크리스마스"",
    ""description"": ""This image shows Santa Claus holding a sack of gifts next to a decorated Christmas tree with a star on top. There are also two wrapped presents beside him. The text at the bottom says 'Christmas' in Chinese characters."",
    ""description_brief"": ""Santa Claus with gifts and a Christmas tree."",
    ""needs_inspection"": false,
    ""reason"": """"
}"
extra_cards/rituals/15-04望著.jpg,rituals,"{""en"":""Looking at each other"",""zh"":""看着对方"",""yue"":""望住對方"",""ko"":""서로 바라보기""}",JPEG,756,1051,"Two children are facing each other and looking into each other’s eyes. They both have smiles on their faces, showing they are happy to see each other. This is a simple way to show attention and connection between people.",qwen3-vl-plus,Two kids are looking at each other with happy faces.,False,False,,"{
    ""en"": ""Looking at each other"",
    ""zh"": ""看着对方"",
    ""yue"": ""望住對方"",
    ""ko"": ""서로 바라보기"",
    ""description"": ""Two children are facing each other and looking into each other’s eyes. They both have smiles on their faces, showing they are happy to see each other. This is a simple way to show attention and connection between people."",
    ""description_brief"": ""Two kids are looking at each other with happy faces."",
    ""needs_inspection"": false,
    ""reason"": """"
}"
extra_cards/food/薯仔.jpg,food,"{""en"":""Potato"",""zh"":""土豆"",""yue"":""薯仔"",""ko"":""감자""}",JPEG,756,1051,This image shows two yellow potatoes with brown outlines. Potatoes are round or oval-shaped vegetables that grow underground. They are often cooked and eaten as food.,qwen3-vl-plus,Two yellow potatoes shown on a white background.,False,False,,"{
    ""en"": ""Potato"",
    ""zh"": ""土豆"",
    ""yue"": ""薯仔"",
    ""ko"": ""감자"",
    ""description"": ""This image shows two yellow potatoes with brown outlines. Potatoes are round or oval-shaped vegetables that grow underground. They are often cooked and eaten as food."",
    ""description_brief"": ""Two yellow potatoes shown on a white background."",
    ""needs_inspection"": false,
    ""reason"": """"
}"
extra_cards/stationery/Glue1.jpg,stationery,"{""en"":""Glue"",""zh"":""胶水"",""yue"":""膠水"",""ko"":""접착제""}",JPEG,658,1290,This is a bottle of glue with a blue cap and a pointed tip for easy squeezing. The bottle is clear so you can see how much glue is left inside. It is used to stick paper or craft materials together.,qwen3-vl-plus,A bottle of glue with a blue top for sticking things together.,False,False,,"{
    ""en"": ""Glue"",
    ""zh"": ""胶水"",
    ""yue"": ""膠水"",
    ""ko"": ""접착제"",
    ""description"": ""This is a bottle of glue with a blue cap and a pointed tip for easy squeezing. The bottle is clear so you can see how much glue is left inside. It is used to stick paper or craft materials together."",
    ""description_brief"": ""A bottle of glue with a blue top for sticking things together."",
    ""needs_inspection"": false,
    ""reason"": """"
}"
extra_cards/activities/trip out.jpg,activities,"{""en"":""trip out"",""zh"":""旅行"",""yue"":""出遊"",""ko"":""여행""}",JPEG,596,596,"This image shows a green double-decker bus with many windows. The bus is used for traveling to different places. Below the bus, there are Chinese characters that mean 'travel'.",qwen3-vl-plus,A green bus for going on a trip.,False,False,,"{
    ""en"": ""trip out"",
    ""zh"": ""旅行"",
    ""yue"": ""出遊"",
    ""ko"": ""여행"",
    ""description"": ""This image shows a green double-decker bus with many windows. The bus is used for traveling to different places. Below the bus, there are Chinese characters that mean 'travel'."",
    ""description_brief"": ""A green bus for going on a trip."",
    ""needs_inspection"": false,
    ""reason"": """"
}"
extra_cards/stationery/Utility knife.jpg,stationery,"{""en"":""Utility knife"",""zh"":""美工刀"",""yue"":""美工刀"",""ko"":""실용 칼""}",JPEG,1080,696,"This is a yellow utility knife with a metal blade that can be snapped off when dull. It has a round knob to adjust the blade length and a slot to store extra blades. It is used for cutting paper, cardboard, or other materials safely when handled correctly.",qwen3-vl-plus,A yellow tool with a sharp blade for cutting paper and boxes.,False,False,,"{
    ""en"": ""Utility knife"",
    ""zh"": ""美工刀"",
    ""yue"": ""美工刀"",
    ""ko"": ""실용 칼"",
    ""description"": ""This is a yellow utility knife with a metal blade that can be snapped off when dull. It has a round knob to adjust the blade length and a slot to store extra blades. It is used for cutting paper, cardboard, or other materials safely when handled correctly."",
    ""description_brief"": ""A yellow tool with a sharp blade for cutting paper and boxes."",
    ""needs_inspection"": false,
    ""reason"": """"
}"
extra_cards/festivals/14-02聖誕老人.jpg,festivals,"{""en"":""Santa Claus"",""zh"":""圣诞老人"",""yue"":""聖誕老人"",""ko"":""산타 클로스""}",JPEG,756,1051,"This is a cartoon Santa Claus wearing a red suit with white fur trim, a red hat, and black boots. He is smiling with his eyes closed and carrying a brown sack full of colorful wrapped presents. He has a white beard and is holding a small piece of paper in one hand.",qwen3-vl-plus,A happy Santa Claus with a bag of gifts.,False,False,,"{
    ""en"": ""Santa Claus"",
    ""zh"": ""圣诞老人"",
    ""yue"": ""聖誕老人"",
    ""ko"": ""산타 클로스"",
    ""description"": ""This is a cartoon Santa Claus wearing a red suit with white fur trim, a red hat, and black boots. He is smiling with his eyes closed and carrying a brown sack full of colorful wrapped presents. He has a white beard and is holding a small piece of paper in one hand."",
    ""description_brief"": ""A happy Santa Claus with a bag of gifts."",
    ""needs_inspection"": false,
    ""reason"": """"
}"
extra_cards/activities/toys.jpg,activities,"{""en"":""toys"",""zh"":""玩具"",""yue"":""玩具"",""ko"":""장난감""}",JPEG,596,596,"This image shows different kinds of toys. There is a puzzle with a flower picture, colorful building blocks, pencils, and a marble run toy. These toys are bright and can be used for playing or learning.",qwen3-vl-plus,"These are toys you can play with, like puzzles, blocks, and pencils.",False,False,,"{
    ""en"": ""toys"",
    ""zh"": ""玩具"",
    ""yue"": ""玩具"",
    ""ko"": ""장난감"",
    ""description"": ""This image shows different kinds of toys. There is a puzzle with a flower picture, colorful building blocks, pencils, and a marble run toy. These toys are bright and can be used for playing or learning."",
    ""description_brief"": ""These are toys you can play with, like puzzles, blocks, and pencils."",
    ""needs_inspection"": false,
    ""reason"": """"
}"
extra_cards/stationery/Glue5.jpg,stationery,"{""en"":""Glue5"",""zh"":""胶水5号"",""yue"":""膠水5號"",""ko"":""접착제5""}",JPEG,1052,1200,"This is a yellow bottle of glue with a brush applicator. It is used to stick paper and cardboard together. The glue is safe for school and home use, and you can clean up extra glue with a damp cloth.",qwen3-vl-plus,Yellow glue bottle with brush for sticking paper and cardboard.,False,False,,"{
    ""en"": ""Glue5"",
    ""zh"": ""胶水5号"",
    ""yue"": ""膠水5號"",
    ""ko"": ""접착제5"",
    ""description"": ""This is a yellow bottle of glue with a brush applicator. It is used to stick paper and cardboard together. The glue is safe for school and home use, and you can clean up extra glue with a damp cloth."",
    ""description_brief"": ""Yellow glue bottle with brush for sticking paper and cardboard."",
    ""needs_inspection"": false,
    ""reason"": """"
}"
extra_cards/food/薯條.jpg,food,"{""en"":""French fries"",""zh"":""薯条"",""yue"":""薯條"",""ko"":""프렌치 프라이""}",JPEG,756,1051,"This image shows golden yellow French fries in a red paper container. Some fries are spilling out onto the white surface below. The picture is simple and clear, with bold outlines and bright colors to help children recognize the food easily.",qwen3-vl-plus,"A red container filled with yellow French fries, some spilled out.",False,False,,"{
    ""en"": ""French fries"",
    ""zh"": ""薯条"",
    ""yue"": ""薯條"",
    ""ko"": ""프렌치 프라이"",
    ""description"": ""This image shows golden yellow French fries in a red paper container. Some fries are spilling out onto the white surface below. The picture is simple and clear, with bold outlines and bright colors to help children recognize the food easily."",
    ""description_brief"": ""A red container filled with yellow French fries, some spilled out."",
    ""needs_inspection"": false,
    ""reason"": """"
}"
extra_cards/rituals/15-05舉手.jpg,rituals,"{""en"":""Raise hand"",""zh"":""举手"",""yue"":""舉手"",""ko"":""손 들기""}",JPEG,756,1051,"The image shows a child with short black hair wearing a white shirt. The child is raising one hand up high, with the palm facing forward and fingers together. This action is often used to ask a question or get attention in class.",qwen3-vl-plus,A child raising their hand to speak or ask a question.,False,False,,"{
    ""en"": ""Raise hand"",
    ""zh"": ""举手"",
    ""yue"": ""舉手"",
    ""ko"": ""손 들기"",
    ""description"": ""The image shows a child with short black hair wearing a white shirt. The child is raising one hand up high, with the palm facing forward and fingers together. This action is often used to ask a question or get attention in class."",
    ""description_brief"": ""A child raising their hand to speak or ask a question."",
    ""needs_inspection"": false,
    ""reason"": """"
}"
extra_cards/stationery/Whiteboard eraser.jpg,stationery,"{""en"":""Whiteboard eraser"",""zh"":""白板擦"",""yue"":""白板擦"",""ko"":""화이트보드 지우개""}",JPEG,720,438,This is a whiteboard eraser. It has a gray plastic body and a black felt strip on the bottom to wipe off marks. The word 'ERASER' is printed on the side in white letters.,qwen3-vl-plus,A gray tool used to clean whiteboards.,False,False,,"{
    ""en"": ""Whiteboard eraser"",
    ""zh"": ""白板擦"",
    ""yue"": ""白板擦"",
    ""ko"": ""화이트보드 지우개"",
    ""description"": ""This is a whiteboard eraser. It has a gray plastic body and a black felt strip on the bottom to wipe off marks. The word 'ERASER' is printed on the side in white letters."",
    ""description_brief"": ""A gray tool used to clean whiteboards."",
    ""needs_inspection"": false,
    ""reason"": """"
}"
extra_cards/festivals/14-04聖誕樹.jpg,festivals,"{""en"":""Christmas Tree"",""zh"":""圣诞树"",""yue"":""聖誕樹"",""ko"":""크리스마스 트리""}",JPEG,756,1051,This is a green Christmas tree with colorful lights wrapped around it. There is a yellow star on top of the tree. The tree stands on a brown base.,qwen3-vl-plus,A decorated Christmas tree with a star on top.,False,False,,"{
    ""en"": ""Christmas Tree"",
    ""zh"": ""圣诞树"",
    ""yue"": ""聖誕樹"",
    ""ko"": ""크리스마스 트리"",
    ""description"": ""This is a green Christmas tree with colorful lights wrapped around it. There is a yellow star on top of the tree. The tree stands on a brown base."",
    ""description_brief"": ""A decorated Christmas tree with a star on top."",
    ""needs_inspection"": false,
    ""reason"": """"
}"
extra_cards/stationery/Glue4.jpg,stationery,"{""en"":""Kids Glue"",""zh"":""儿童胶水"",""yue"":""兒童膠水"",""ko"":""어린이용 접착제""}",JPEG,1200,824,This is a bottle of white glue made for kids. It has a pink label with colorful letters and a cap that stays attached so it won’t get lost. The glue is safe for crafts and washes off hands and clothes easily.,qwen3-vl-plus,"A white glue bottle with a pink label, made for kids to use in crafts.",False,False,,"{
    ""en"": ""Kids Glue"",
    ""zh"": ""儿童胶水"",
    ""yue"": ""兒童膠水"",
    ""ko"": ""어린이용 접착제"",
    ""description"": ""This is a bottle of white glue made for kids. It has a pink label with colorful letters and a cap that stays attached so it won’t get lost. The glue is safe for crafts and washes off hands and clothes easily."",
    ""description_brief"": ""A white glue bottle with a pink label, made for kids to use in crafts."",
    ""needs_inspection"": false,
    ""reason"": """"
}"
extra_cards/festivals/14-03聖誕咭.jpg,festivals,"{""en"":""Christmas Card"",""zh"":""圣诞贺卡"",""yue"":""聖誕咭"",""ko"":""크리스마스 카드""}",JPEG,756,1051,This is a red Christmas card with green text that says 'Merry Christmas'. It shows a green Christmas tree with a yellow star on top and two wrapped presents at the bottom. The card is folded and has a white inside.,qwen3-vl-plus,"A red Christmas card with a tree, star, and gifts.",False,False,,"{
    ""en"": ""Christmas Card"",
    ""zh"": ""圣诞贺卡"",
    ""yue"": ""聖誕咭"",
    ""ko"": ""크리스마스 카드"",
    ""description"": ""This is a red Christmas card with green text that says 'Merry Christmas'. It shows a green Christmas tree with a yellow star on top and two wrapped presents at the bottom. The card is folded and has a white inside."",
    ""description_brief"": ""A red Christmas card with a tree, star, and gifts."",
    ""needs_inspection"": false,
    ""reason"": """"
}"
extra_cards/stationery/Glue6.jpg,stationery,"{""en"":""Glue"",""zh"":""胶水"",""yue"":""膠水"",""ko"":""접착제""}",JPEG,284,476,"This is a white plastic bottle with a yellow pointed cap. It holds glue, which is used to stick paper or craft materials together. The bottle is easy to squeeze and has a narrow tip for precise application.",qwen3-vl-plus,A bottle of glue for sticking things together.,False,False,,"{
    ""en"": ""Glue"",
    ""zh"": ""胶水"",
    ""yue"": ""膠水"",
    ""ko"": ""접착제"",
    ""description"": ""This is a white plastic bottle with a yellow pointed cap. It holds glue, which is used to stick paper or craft materials together. The bottle is easy to squeeze and has a narrow tip for precise application."",
    ""description_brief"": ""A bottle of glue for sticking things together."",
    ""needs_inspection"": false,
    ""reason"": """"
}"
extra_cards/rituals/15-06排隊.jpg,rituals,"{""en"":""Line up"",""zh"":""排队"",""yue"":""排隊"",""ko"":""줄 서기""}",JPEG,756,1051,"The image shows five children standing one behind another in a straight line. Each child is wearing a white shirt and blue shorts or skirt. They are smiling and looking forward, showing they are waiting together in order.",qwen3-vl-plus,Children stand in a line to wait their turn.,False,False,,"{
    ""en"": ""Line up"",
    ""zh"": ""排队"",
    ""yue"": ""排隊"",
    ""ko"": ""줄 서기"",
    ""description"": ""The image shows five children standing one behind another in a straight line. Each child is wearing a white shirt and blue shorts or skirt. They are smiling and looking forward, showing they are waiting together in order."",
    ""description_brief"": ""Children stand in a line to wait their turn."",
    ""needs_inspection"": false,
    ""reason"": """"
}"
extra_cards/food/薯片.jpg,food,"{""en"":""Potato Chips"",""zh"":""薯片"",""yue"":""薯片"",""ko"":""감자칩""}",JPEG,756,1051,"This image shows a bag of potato chips with a cartoon character on it. The chips are golden and crispy, and some are spilled out in front of the bag. The label says 'BBQ Flavor' and includes both English and Chinese text.",qwen3-vl-plus,A bag of BBQ-flavored potato chips with some chips outside the bag.,False,False,,"{
    ""en"": ""Potato Chips"",
    ""zh"": ""薯片"",
    ""yue"": ""薯片"",
    ""ko"": ""감자칩"",
    ""description"": ""This image shows a bag of potato chips with a cartoon character on it. The chips are golden and crispy, and some are spilled out in front of the bag. The label says 'BBQ Flavor' and includes both English and Chinese text."",
    ""description_brief"": ""A bag of BBQ-flavored potato chips with some chips outside the bag."",
    ""needs_inspection"": false,
    ""reason"": """"
}"
extra_cards/food/蘋果.jpg,food,"{""en"":""Apple"",""zh"":""苹果"",""yue"":""蘋果"",""ko"":""사과""}",JPEG,756,1051,"This is a red apple with a green leaf and a brown stem. The apple is shiny and round, and it looks smooth to touch. It is a common fruit that many children like to eat.",qwen3-vl-plus,A red apple with a green leaf on top.,False,False,,"{
    ""en"": ""Apple"",
    ""zh"": ""苹果"",
    ""yue"": ""蘋果"",
    ""ko"": ""사과"",
    ""description"": ""This is a red apple with a green leaf and a brown stem. The apple is shiny and round, and it looks smooth to touch. It is a common fruit that many children like to eat."",
    ""description_brief"": ""A red apple with a green leaf on top."",
    ""needs_inspection"": false,
    ""reason"": """"
}"
extra_cards/activities/vacuumfloor.png,activities,"{""en"":""vacuumfloor"",""zh"":""吸尘地板"",""yue"":""吸塵地板"",""ko"":""바닥 청소기""}",PNG,1875,1916,"A man is using a vacuum cleaner on a brown carpet. He is wearing a green shirt, blue pants, and brown shoes. The vacuum has a gray body and a yellow button on top.",qwen3-vl-plus,A person is cleaning the floor with a vacuum cleaner.,False,False,,"{
    ""en"": ""vacuumfloor"",
    ""zh"": ""吸尘地板"",
    ""yue"": ""吸塵地板"",
    ""ko"": ""바닥 청소기"",
    ""description"": ""A man is using a vacuum cleaner on a brown carpet. He is wearing a green shirt, blue pants, and brown shoes. The vacuum has a gray body and a yellow button on top."",
    ""description_brief"": ""A person is cleaning the floor with a vacuum cleaner."",
    ""needs_inspection"": false,
    ""reason"": """"
}"
extra_cards/stationery/Gluestick1.jpg,stationery,"{""en"":""Gluestick1"",""zh"":""胶棒1"",""yue"":""膠棒1"",""ko"":""접착제 스틱1""}",JPEG,957,726,"This is a glue stick with a red label and yellow cap. The glue stick is used to stick paper, photos, or fabric together. The cap is off and sitting next to the glue stick.",qwen3-vl-plus,"A glue stick with its yellow cap off, ready to use for sticking paper or photos.",False,False,,"{
    ""en"": ""Gluestick1"",
    ""zh"": ""胶棒1"",
    ""yue"": ""膠棒1"",
    ""ko"": ""접착제 스틱1"",
    ""description"": ""This is a glue stick with a red label and yellow cap. The glue stick is used to stick paper, photos, or fabric together. The cap is off and sitting next to the glue stick."",
    ""description_brief"": ""A glue stick with its yellow cap off, ready to use for sticking paper or photos."",
    ""needs_inspection"": false,
    ""reason"": """"
}"
extra_cards/stationery/Whiteboard eraser2.jpg,stationery,"{""en"":""Whiteboard eraser"",""zh"":""白板擦"",""yue"":""白板擦"",""ko"":""화이트보드 지우개""}",JPEG,1067,960,"This is a whiteboard eraser with a blue plastic handle and a fuzzy brown top. It is used to wipe away dry-erase marker from whiteboards. The surface feels soft and slightly rough, which helps clean the board well.",qwen3-vl-plus,A blue eraser for cleaning whiteboards.,False,False,,"{
    ""en"": ""Whiteboard eraser"",
    ""zh"": ""白板擦"",
    ""yue"": ""白板擦"",
    ""ko"": ""화이트보드 지우개"",
    ""description"": ""This is a whiteboard eraser with a blue plastic handle and a fuzzy brown top. It is used to wipe away dry-erase marker from whiteboards. The surface feels soft and slightly rough, which helps clean the board well."",
    ""description_brief"": ""A blue eraser for cleaning whiteboards."",
    ""needs_inspection"": false,
    ""reason"": """"
}"
extra_cards/festivals/14-05聖誕襪.jpg,festivals,"{""en"":""Christmas Stocking"",""zh"":""圣诞袜"",""yue"":""聖誕襪"",""ko"":""크리스마스 양말""}",JPEG,756,1051,"This is a red Christmas stocking with green stripes and a white fluffy top. It has small presents, a candy cane, and holly leaves inside. The toe and heel are green, and it is decorated for the holiday season.",qwen3-vl-plus,A red and green Christmas stocking filled with gifts and candy.,False,False,,"{
    ""en"": ""Christmas Stocking"",
    ""zh"": ""圣诞袜"",
    ""yue"": ""聖誕襪"",
    ""ko"": ""크리스마스 양말"",
    ""description"": ""This is a red Christmas stocking with green stripes and a white fluffy top. It has small presents, a candy cane, and holly leaves inside. The toe and heel are green, and it is decorated for the holiday season."",
    ""description_brief"": ""A red and green Christmas stocking filled with gifts and candy."",
    ""needs_inspection"": false,
    ""reason"": """"
}"
extra_cards/rituals/15-07慢慢行.jpg,rituals,"{""en"":""Walk slowly"",""zh"":""慢慢行"",""yue"":""慢慢行"",""ko"":""천천히 걷기""}",JPEG,756,1051,"The image shows a child walking with one foot in front of the other. The child is smiling and wearing a white shirt, blue shorts, and black shoes. The words '慢慢行' mean to walk slowly and carefully.",qwen3-vl-plus,A child walking slowly with a happy face.,False,False,,"{
    ""en"": ""Walk slowly"",
    ""zh"": ""慢慢行"",
    ""yue"": ""慢慢行"",
    ""ko"": ""천천히 걷기"",
    ""description"": ""The image shows a child walking with one foot in front of the other. The child is smiling and wearing a white shirt, blue shorts, and black shoes. The words '慢慢行' mean to walk slowly and carefully."",
    ""description_brief"": ""A child walking slowly with a happy face."",
    ""needs_inspection"": false,
    ""reason"": """"
}"
extra_cards/stationery/Whiteboard marker2.jpg,stationery,"{""en"":""Whiteboard marker"",""zh"":""白板笔"",""yue"":""白板筆"",""ko"":""화이트보드 마커""}",JPEG,960,549,This is a black whiteboard marker with a blue cap. The marker has a felt tip and is made in Japan. It is used to write on whiteboards and can be erased easily.,qwen3-vl-plus,A black marker with a blue cap for writing on whiteboards.,False,False,,"{
    ""en"": ""Whiteboard marker"",
    ""zh"": ""白板笔"",
    ""yue"": ""白板筆"",
    ""ko"": ""화이트보드 마커"",
    ""description"": ""This is a black whiteboard marker with a blue cap. The marker has a felt tip and is made in Japan. It is used to write on whiteboards and can be erased easily."",
    ""description_brief"": ""A black marker with a blue cap for writing on whiteboards."",
    ""needs_inspection"": false,
    ""reason"": """"
}"
extra_cards/festivals/14-06禮物.jpg,festivals,"{""en"":""Gifts"",""zh"":""礼物"",""yue"":""禮物"",""ko"":""선물""}",JPEG,756,1051,This image shows two wrapped gift boxes. One box is red with yellow stripes and a yellow bow. The other box is green with red stripes and a red bow. Both have small star patterns on them.,qwen3-vl-plus,"Two colorful gift boxes with bows, ready for giving.",False,False,,"{
    ""en"": ""Gifts"",
    ""zh"": ""礼物"",
    ""yue"": ""禮物"",
    ""ko"": ""선물"",
    ""description"": ""This image shows two wrapped gift boxes. One box is red with yellow stripes and a yellow bow. The other box is green with red stripes and a red bow. Both have small star patterns on them."",
    ""description_brief"": ""Two colorful gift boxes with bows, ready for giving."",
    ""needs_inspection"": false,
    ""reason"": """"
}"
extra_cards/activities/wait-4605.jpg,activities,"{""en"":""Wait for the bus"",""zh"":""等公交车"",""yue"":""等巴士"",""ko"":""버스 기다리기""}",JPEG,402,502,A man is sitting on a bench under a bus stop sign. He is waiting for the bus to arrive. The word '等' means 'wait' in Chinese.,qwen3-vl-plus,I am waiting for the bus at the bus stop.,False,False,,"{
    ""en"": ""Wait for the bus"",
    ""zh"": ""等公交车"",
    ""yue"": ""等巴士"",
    ""ko"": ""버스 기다리기"",
    ""description"": ""A man is sitting on a bench under a bus stop sign. He is waiting for the bus to arrive. The word '等' means 'wait' in Chinese."",
    ""description_brief"": ""I am waiting for the bus at the bus stop."",
    ""needs_inspection"": false,
    ""reason"": """"
}"
extra_cards/food/蘋果汁.jpg,food,"{""en"":""Apple juice"",""zh"":""苹果汁"",""yue"":""蘋果汁"",""ko"":""사과주스""}",JPEG,756,1051,"This image shows a red apple with a green leaf and a glass of yellow liquid. The liquid is apple juice, which comes from apples. The apple and juice are drawn simply to help you understand what they are.",qwen3-vl-plus,A red apple next to a glass of apple juice.,False,False,,"{
    ""en"": ""Apple juice"",
    ""zh"": ""苹果汁"",
    ""yue"": ""蘋果汁"",
    ""ko"": ""사과주스"",
    ""description"": ""This image shows a red apple with a green leaf and a glass of yellow liquid. The liquid is apple juice, which comes from apples. The apple and juice are drawn simply to help you understand what they are."",
    ""description_brief"": ""A red apple next to a glass of apple juice."",
    ""needs_inspection"": false,
    ""reason"": """"
}"
extra_cards/rituals/15-08返回座位.jpg,rituals,"{""en"":""Return to Seat"",""zh"":""返回座位"",""yue"":""返座位"",""ko"":""자리로 돌아가기""}",JPEG,756,1051,"The image shows two children near a brown table with chairs. One child is walking toward the table, and the other child is already sitting at the table. This picture helps remind children to go back to their seat when needed.",qwen3-vl-plus,Go back to your seat at the table.,False,False,,"{
    ""en"": ""Return to Seat"",
    ""zh"": ""返回座位"",
    ""yue"": ""返座位"",
    ""ko"": ""자리로 돌아가기"",
    ""description"": ""The image shows two children near a brown table with chairs. One child is walking toward the table, and the other child is already sitting at the table. This picture helps remind children to go back to their seat when needed."",
    ""description_brief"": ""Go back to your seat at the table."",
    ""needs_inspection"": false,
    ""reason"": """"
}"
extra_cards/stationery/Whiteboard marker3.jpg,stationery,"{""en"":""Whiteboard marker"",""zh"":""白板笔"",""yue"":""白板筆"",""ko"":""화이트보드 마커""}",JPEG,960,877,This is a blue whiteboard marker with a black body. It has gold writing on the side that says it was made in Japan. The cap is blue and fits snugly on the end to keep the tip from drying out.,qwen3-vl-plus,A blue whiteboard marker for writing on whiteboards.,False,False,,"{
    ""en"": ""Whiteboard marker"",
    ""zh"": ""白板笔"",
    ""yue"": ""白板筆"",
    ""ko"": ""화이트보드 마커"",
    ""description"": ""This is a blue whiteboard marker with a black body. It has gold writing on the side that says it was made in Japan. The cap is blue and fits snugly on the end to keep the tip from drying out."",
    ""description_brief"": ""A blue whiteboard marker for writing on whiteboards."",
    ""needs_inspection"": false,
    ""reason"": """"
}"
extra_cards/festivals/14-07聖誕花.jpg,festivals,"{""en"":""Poinsettia"",""zh"":""一品红"",""yue"":""聖誕紅"",""ko"":""크리스마스 별꽃""}",JPEG,756,1051,This is a poinsettia flower. It has bright red leaves that look like petals and small yellow flowers in the center. Green leaves are underneath the red ones. It is often seen during Christmas time.,qwen3-vl-plus,"A red flower with green leaves, often used for Christmas decorations.",False,False,,"{
    ""en"": ""Poinsettia"",
    ""zh"": ""一品红"",
    ""yue"": ""聖誕紅"",
    ""ko"": ""크리스마스 별꽃"",
    ""description"": ""This is a poinsettia flower. It has bright red leaves that look like petals and small yellow flowers in the center. Green leaves are underneath the red ones. It is often seen during Christmas time."",
    ""description_brief"": ""A red flower with green leaves, often used for Christmas decorations."",
    ""needs_inspection"": false,
    ""reason"": """"
}"
extra_cards/rituals/15-09給老師.jpg,rituals,"{""en"":""Give to teacher"",""zh"":""给老师"",""yue"":""畀老師"",""ko"":""선생님께 드리기""}",JPEG,756,1051,A child is handing a blue object to a teacher. The child is smiling and looking at the teacher. The teacher is standing and reaching out to receive the object.,qwen3-vl-plus,Child gives something to the teacher.,False,False,,"{
    ""en"": ""Give to teacher"",
    ""zh"": ""给老师"",
    ""yue"": ""畀老師"",
    ""ko"": ""선생님께 드리기"",
    ""description"": ""A child is handing a blue object to a teacher. The child is smiling and looking at the teacher. The teacher is standing and reaching out to receive the object."",
    ""description_brief"": ""Child gives something to the teacher."",
    ""needs_inspection"": false,
    ""reason"": """"
}"
extra_cards/stationery/Gluestick2.jpg,stationery,"{""en"":""Gluestick2"",""zh"":""胶棒2"",""yue"":""膠棒2"",""ko"":""접착제 스틱2""}",JPEG,809,521,"This is a glue stick with a yellow cap and blue label. You twist the bottom to push the glue up, rub it on paper or craft items, then twist it back down after use. Always put the cap back on to keep it clean and safe.",qwen3-vl-plus,A yellow glue stick for sticking paper and crafts together.,False,False,,"{
    ""en"": ""Gluestick2"",
    ""zh"": ""胶棒2"",
    ""yue"": ""膠棒2"",
    ""ko"": ""접착제 스틱2"",
    ""description"": ""This is a glue stick with a yellow cap and blue label. You twist the bottom to push the glue up, rub it on paper or craft items, then twist it back down after use. Always put the cap back on to keep it clean and safe."",
    ""description_brief"": ""A yellow glue stick for sticking paper and crafts together."",
    ""needs_inspection"": false,
    ""reason"": """"
}"
extra_cards/activities/wakingup.png,activities,"{""en"":""waking up"",""zh"":""醒来"",""yue"":""醒來"",""ko"":""깨어나기""}",PNG,1772,1772,"This image shows a person sitting up in bed with their arms stretched high. They are wearing a blue shirt and have their mouth open, like they are yawning. The green blanket is pulled down to their waist, showing they just woke up.",qwen3-vl-plus,I am waking up and stretching in bed.,False,False,,"{
    ""en"": ""waking up"",
    ""zh"": ""醒来"",
    ""yue"": ""醒來"",
    ""ko"": ""깨어나기"",
    ""description"": ""This image shows a person sitting up in bed with their arms stretched high. They are wearing a blue shirt and have their mouth open, like they are yawning. The green blanket is pulled down to their waist, showing they just woke up."",
    ""description_brief"": ""I am waking up and stretching in bed."",
    ""needs_inspection"": false,
    ""reason"": """"
}"
extra_cards/food/蘿蔔.jpg,food,"{""en"":""Carrot"",""zh"":""胡萝卜"",""yue"":""蘿蔔"",""ko"":""당근""}",JPEG,756,1051,This is a drawing of a carrot. It is orange with green leaves on top. Carrots are crunchy vegetables that many people eat raw or cooked.,qwen3-vl-plus,A bright orange carrot with green leaves on top.,False,False,,"{
    ""en"": ""Carrot"",
    ""zh"": ""胡萝卜"",
    ""yue"": ""蘿蔔"",
    ""ko"": ""당근"",
    ""description"": ""This is a drawing of a carrot. It is orange with green leaves on top. Carrots are crunchy vegetables that many people eat raw or cooked."",
    ""description_brief"": ""A bright orange carrot with green leaves on top."",
    ""needs_inspection"": false,
    ""reason"": """"
}"
extra_cards/stationery/Gluestick3.jpg,stationery,"{""en"":""Gluestick3"",""zh"":""胶棒3"",""yue"":""膠棒3"",""ko"":""접착제스틱3""}",JPEG,1019,695,This is a red glue stick with a white tip and a brown cap. The cap is off and lying next to it. It has a barcode and some numbers printed on the side.,qwen3-vl-plus,"A red glue stick with its cap off, ready to use.",False,False,,"{
    ""en"": ""Gluestick3"",
    ""zh"": ""胶棒3"",
    ""yue"": ""膠棒3"",
    ""ko"": ""접착제스틱3"",
    ""description"": ""This is a red glue stick with a white tip and a brown cap. The cap is off and lying next to it. It has a barcode and some numbers printed on the side."",
    ""description_brief"": ""A red glue stick with its cap off, ready to use."",
    ""needs_inspection"": false,
    ""reason"": """"
}"
extra_cards/stationery/Super glue2.jpg,stationery,"{""en"":""Super glue"",""zh"":""超级胶水"",""yue"":""超級膠水"",""ko"":""슈퍼글루""}",JPEG,973,755,This is a small tube of super glue held in a person’s hand. The tube has a red cap and a white body with blue and red stripes. It is used to stick things together quickly and strongly.,qwen3-vl-plus,A small tube of super glue for sticking things together.,False,False,,"{
    ""en"": ""Super glue"",
    ""zh"": ""超级胶水"",
    ""yue"": ""超級膠水"",
    ""ko"": ""슈퍼글루"",
    ""description"": ""This is a small tube of super glue held in a person’s hand. The tube has a red cap and a white body with blue and red stripes. It is used to stick things together quickly and strongly."",
    ""description_brief"": ""A small tube of super glue for sticking things together."",
    ""needs_inspection"": false,
    ""reason"": """"
}"
extra_cards/activities/walk the dog.jpg,activities,"{""en"":""walk the dog"",""zh"":""遛狗"",""yue"":""行狗"",""ko"":""개 산책시키기""}",JPEG,596,596,"This image shows a brown dog on a leash. The dog is standing and looking forward, ready to go for a walk. The leash is attached to its collar, which means someone will hold it while walking.",qwen3-vl-plus,"A dog on a leash, ready for a walk.",False,False,,"{
    ""en"": ""walk the dog"",
    ""zh"": ""遛狗"",
    ""yue"": ""行狗"",
    ""ko"": ""개 산책시키기"",
    ""description"": ""This image shows a brown dog on a leash. The dog is standing and looking forward, ready to go for a walk. The leash is attached to its collar, which means someone will hold it while walking."",
    ""description_brief"": ""A dog on a leash, ready for a walk."",
    ""needs_inspection"": false,
    ""reason"": """"
}"
extra_cards/food/蛋卷.jpg,food,"{""en"":""Egg Roll"",""zh"":""蛋卷"",""yue"":""蛋卷"",""ko"":""계란말이""}",JPEG,756,1051,"This image shows two yellow rolled-up egg rolls. They are drawn with simple lines and have a soft, smooth texture. The food is often eaten as a snack or breakfast item.",qwen3-vl-plus,Two yellow egg rolls on a white background.,False,False,,"{
    ""en"": ""Egg Roll"",
    ""zh"": ""蛋卷"",
    ""yue"": ""蛋卷"",
    ""ko"": ""계란말이"",
    ""description"": ""This image shows two yellow rolled-up egg rolls. They are drawn with simple lines and have a soft, smooth texture. The food is often eaten as a snack or breakfast item."",
    ""description_brief"": ""Two yellow egg rolls on a white background."",
    ""needs_inspection"": false,
    ""reason"": """"
}"
extra_cards/festivals/14-08聖誕鐘.jpg,festivals,"{""en"":""Christmas Bell"",""zh"":""圣诞钟"",""yue"":""聖誕鐘"",""ko"":""크리스마스 종""}",JPEG,756,1051,This image shows two yellow bells with red and green decorations. A red bow with green holly leaves and red berries is tied on top. The bells are shiny and have small clappers inside to make sound when shaken.,qwen3-vl-plus,"Two festive bells with a red bow and holly, used for Christmas.",False,False,,"{
    ""en"": ""Christmas Bell"",
    ""zh"": ""圣诞钟"",
    ""yue"": ""聖誕鐘"",
    ""ko"": ""크리스마스 종"",
    ""description"": ""This image shows two yellow bells with red and green decorations. A red bow with green holly leaves and red berries is tied on top. The bells are shiny and have small clappers inside to make sound when shaken."",
    ""description_brief"": ""Two festive bells with a red bow and holly, used for Christmas."",
    ""needs_inspection"": false,
    ""reason"": """"
}"
extra_cards/activities/video time.jpg,activities,"{""en"":""Video Time"",""zh"":""视听时间"",""yue"":""視聽時間"",""ko"":""시청 시간""}",JPEG,596,596,"This image shows a black television with a screen displaying a beach scene with two palm trees, blue water, and a yellow sun. The TV has small speaker grilles on both sides and a red power light at the bottom right. Below the TV, the words '視聽時間' are written in Chinese characters, meaning it is time to watch or listen to something.",qwen3-vl-plus,It’s video time — turn on the TV to watch a calm beach scene.,False,False,,"{
    ""en"": ""Video Time"",
    ""zh"": ""视听时间"",
    ""yue"": ""視聽時間"",
    ""ko"": ""시청 시간"",
    ""description"": ""This image shows a black television with a screen displaying a beach scene with two palm trees, blue water, and a yellow sun. The TV has small speaker grilles on both sides and a red power light at the bottom right. Below the TV, the words '視聽時間' are written in Chinese characters, meaning it is time to watch or listen to something."",
    ""description_brief"": ""It’s video time — turn on the TV to watch a calm beach scene."",
    ""needs_inspection"": false,
    ""reason"": """"
}"
extra_cards/stationery/Whiteboard marker4.jpg,stationery,"{""en"":""Whiteboard marker"",""zh"":""白板笔"",""yue"":""白板筆"",""ko"":""화이트보드 마커""}",JPEG,960,547,This is a black whiteboard marker with red caps. It has white text printed on the body that says it was made in Japan. The marker has a round tip and should be stored horizontally when not in use.,qwen3-vl-plus,A black and red whiteboard marker for writing on whiteboards.,False,False,,"{
    ""en"": ""Whiteboard marker"",
    ""zh"": ""白板笔"",
    ""yue"": ""白板筆"",
    ""ko"": ""화이트보드 마커"",
    ""description"": ""This is a black whiteboard marker with red caps. It has white text printed on the body that says it was made in Japan. The marker has a round tip and should be stored horizontally when not in use."",
    ""description_brief"": ""A black and red whiteboard marker for writing on whiteboards."",
    ""needs_inspection"": false,
    ""reason"": """"
}"
extra_cards/rituals/15-10放好玩具.jpg,rituals,"{""en"":""Put away toys"",""zh"":""放好玩具"",""yue"":""收好玩具"",""ko"":""장난감 정리하기""}",JPEG,756,1051,A child is putting a pink bunny toy on a shelf. The shelf already has a teddy bear and some blocks. This shows how to put toys back in their place after playing.,qwen3-vl-plus,Child puts toys away on a shelf after playtime.,False,False,,"{
    ""en"": ""Put away toys"",
    ""zh"": ""放好玩具"",
    ""yue"": ""收好玩具"",
    ""ko"": ""장난감 정리하기"",
    ""description"": ""A child is putting a pink bunny toy on a shelf. The shelf already has a teddy bear and some blocks. This shows how to put toys back in their place after playing."",
    ""description_brief"": ""Child puts toys away on a shelf after playtime."",
    ""needs_inspection"": false,
    ""reason"": """"
}"
extra_cards/stationery/Whiteboard marker5.jpg,stationery,"{""en"":""Whiteboard marker"",""zh"":""白板笔"",""yue"":""白板筆"",""ko"":""화이트보드 마커""}",JPEG,786,528,"This is a black whiteboard marker with a red cap. The tip is red and has some ink on it, showing it has been used. It is made in Japan and has writing on the side to show the brand and country.",qwen3-vl-plus,A black whiteboard marker with a red cap and red tip.,False,False,,"{
    ""en"": ""Whiteboard marker"",
    ""zh"": ""白板笔"",
    ""yue"": ""白板筆"",
    ""ko"": ""화이트보드 마커"",
    ""description"": ""This is a black whiteboard marker with a red cap. The tip is red and has some ink on it, showing it has been used. It is made in Japan and has writing on the side to show the brand and country."",
    ""description_brief"": ""A black whiteboard marker with a red cap and red tip."",
    ""needs_inspection"": false,
    ""reason"": """"
}"
extra_cards/festivals/14-09聖誕星.jpg,festivals,"{""en"":""Christmas Star"",""zh"":""圣诞星"",""yue"":""聖誕星"",""ko"":""크리스마스 별""}",JPEG,756,1051,"This image shows a bright yellow five-pointed star with dashed lines inside. It is called the Christmas Star and is often used during the holiday season. The star is simple, clear, and easy to recognize.",qwen3-vl-plus,A yellow star used for Christmas.,False,False,,"{
    ""en"": ""Christmas Star"",
    ""zh"": ""圣诞星"",
    ""yue"": ""聖誕星"",
    ""ko"": ""크리스마스 별"",
    ""description"": ""This image shows a bright yellow five-pointed star with dashed lines inside. It is called the Christmas Star and is often used during the holiday season. The star is simple, clear, and easy to recognize."",
    ""description_brief"": ""A yellow star used for Christmas."",
    ""needs_inspection"": false,
    ""reason"": """"
}"
extra_cards/food/蛋撻.jpg,food,"{""en"":""Egg tart"",""zh"":""蛋挞"",""yue"":""蛋撻"",""ko"":""에그 타트""}",JPEG,756,1051,"This is a round egg tart with a golden crust and smooth yellow custard filling. The edges of the crust are crimped, giving it a decorative look. It is a sweet baked dessert often enjoyed as a snack.",qwen3-vl-plus,"A sweet, round pastry with yellow custard inside.",False,False,,"{
    ""en"": ""Egg tart"",
    ""zh"": ""蛋挞"",
    ""yue"": ""蛋撻"",
    ""ko"": ""에그 타트"",
    ""description"": ""This is a round egg tart with a golden crust and smooth yellow custard filling. The edges of the crust are crimped, giving it a decorative look. It is a sweet baked dessert often enjoyed as a snack."",
    ""description_brief"": ""A sweet, round pastry with yellow custard inside."",
    ""needs_inspection"": false,
    ""reason"": """"
}"
extra_cards/stationery/Gluestick4.jpg,stationery,"{""en"":""Gluestick"",""zh"":""胶棒"",""yue"":""膠棒"",""ko"":""풀막대기""}",JPEG,960,652,This is a red glue stick with a black cap. It has a barcode and some numbers printed on the side. The glue inside is white and comes out when you twist the bottom.,qwen3-vl-plus,A red glue stick for sticking paper together.,False,False,,"{
    ""en"": ""Gluestick"",
    ""zh"": ""胶棒"",
    ""yue"": ""膠棒"",
    ""ko"": ""풀막대기"",
    ""description"": ""This is a red glue stick with a black cap. It has a barcode and some numbers printed on the side. The glue inside is white and comes out when you twist the bottom."",
    ""description_brief"": ""A red glue stick for sticking paper together."",
    ""needs_inspection"": false,
    ""reason"": """"
}"
extra_cards/rituals/15-11一起玩耍.jpg,rituals,"{""en"":""Playing Together"",""zh"":""一起玩耍"",""yue"":""一齊玩"",""ko"":""함께 놀기""}",JPEG,756,1051,"Three children are standing near a small blue pool with three orange fish inside. Each child holds a fishing rod and is smiling. They are playing together in a calm, happy way.",qwen3-vl-plus,Children are playing together by fishing for toy fish in a pool.,False,False,,"{
    ""en"": ""Playing Together"",
    ""zh"": ""一起玩耍"",
    ""yue"": ""一齊玩"",
    ""ko"": ""함께 놀기"",
    ""description"": ""Three children are standing near a small blue pool with three orange fish inside. Each child holds a fishing rod and is smiling. They are playing together in a calm, happy way."",
    ""description_brief"": ""Children are playing together by fishing for toy fish in a pool."",
    ""needs_inspection"": false,
    ""reason"": """"
}"
extra_cards/activities/walkdog.png,activities,"{""en"":""walkdog"",""zh"":""遛狗"",""yue"":""行狗"",""ko"":""개 산책""}",PNG,1875,1875,"A person with blonde hair, wearing a red hat and red shirt, is walking beside a light brown dog on a sidewalk. The dog has a purple collar and is walking happily next to the person. They are both stepping forward on a gray path with green grass beside it.",qwen3-vl-plus,A person is walking a dog on a sidewalk.,False,False,,"{
    ""en"": ""walkdog"",
    ""zh"": ""遛狗"",
    ""yue"": ""行狗"",
    ""ko"": ""개 산책"",
    ""description"": ""A person with blonde hair, wearing a red hat and red shirt, is walking beside a light brown dog on a sidewalk. The dog has a purple collar and is walking happily next to the person. They are both stepping forward on a gray path with green grass beside it."",
    ""description_brief"": ""A person is walking a dog on a sidewalk."",
    ""needs_inspection"": false,
    ""reason"": """"
}"
extra_cards/rituals/15-12拜拜.jpg,rituals,"{""en"":""Bye-bye"",""zh"":""拜拜"",""yue"":""拜拜"",""ko"":""안녕""}",JPEG,756,1051,"This image shows a child and an adult waving goodbye to each other. The child is wearing a backpack, suggesting they are leaving for school or an outing. Both are smiling and raising their hands in a friendly wave.",qwen3-vl-plus,A child and adult waving goodbye with smiles.,False,False,,"{
    ""en"": ""Bye-bye"",
    ""zh"": ""拜拜"",
    ""yue"": ""拜拜"",
    ""ko"": ""안녕"",
    ""description"": ""This image shows a child and an adult waving goodbye to each other. The child is wearing a backpack, suggesting they are leaving for school or an outing. Both are smiling and raising their hands in a friendly wave."",
    ""description_brief"": ""A child and adult waving goodbye with smiles."",
    ""needs_inspection"": false,
    ""reason"": """"
}"
extra_cards/stationery/Guillotine1.jpg,stationery,"{""en"":""Paper cutter"",""zh"":""切纸机"",""yue"":""切紙機"",""ko"":""종이 자르기 기계""}",JPEG,1087,1258,This is a paper cutter with a green handle and a red cutting surface. It has a ruler on the side to help measure paper before cutting. The grid lines on the surface help you line up your paper straight.,qwen3-vl-plus,A green-handled tool that cuts paper neatly with a ruler and grid for help.,False,False,,"{
    ""en"": ""Paper cutter"",
    ""zh"": ""切纸机"",
    ""yue"": ""切紙機"",
    ""ko"": ""종이 자르기 기계"",
    ""description"": ""This is a paper cutter with a green handle and a red cutting surface. It has a ruler on the side to help measure paper before cutting. The grid lines on the surface help you line up your paper straight."",
    ""description_brief"": ""A green-handled tool that cuts paper neatly with a ruler and grid for help."",
    ""needs_inspection"": false,
    ""reason"": """"
}"
extra_cards/stationery/Whiteboard markers.jpg,stationery,"{""en"":""Whiteboard markers"",""zh"":""白板笔"",""yue"":""白板筆"",""ko"":""화이트보드 마커""}",JPEG,900,678,These are whiteboard markers with different colored caps and tips. They are used to write on whiteboards and can be erased easily. The markers have labels that say they are made in the USA and are safe for use on smooth surfaces.,qwen3-vl-plus,Colorful markers for writing on whiteboards.,False,False,,"{
    ""en"": ""Whiteboard markers"",
    ""zh"": ""白板笔"",
    ""yue"": ""白板筆"",
    ""ko"": ""화이트보드 마커"",
    ""description"": ""These are whiteboard markers with different colored caps and tips. They are used to write on whiteboards and can be erased easily. The markers have labels that say they are made in the USA and are safe for use on smooth surfaces."",
    ""description_brief"": ""Colorful markers for writing on whiteboards."",
    ""needs_inspection"": false,
    ""reason"": """"
}"
extra_cards/food/蛋糕仔.jpg,food,"{""en"":""Cupcakes"",""zh"":""蛋糕仔"",""yue"":""蛋糕仔"",""ko"":""컵케이크""}",JPEG,756,1051,"This image shows three small cupcakes with orange tops and pink paper wrappers. Each cupcake has a small decoration on top: one has a red dot, one has a black dot, and one has a green dot. The cupcakes are drawn in a simple, colorful style that is easy to recognize.",qwen3-vl-plus,Three colorful cupcakes with different toppings.,False,False,,"{
    ""en"": ""Cupcakes"",
    ""zh"": ""蛋糕仔"",
    ""yue"": ""蛋糕仔"",
    ""ko"": ""컵케이크"",
    ""description"": ""This image shows three small cupcakes with orange tops and pink paper wrappers. Each cupcake has a small decoration on top: one has a red dot, one has a black dot, and one has a green dot. The cupcakes are drawn in a simple, colorful style that is easy to recognize."",
    ""description_brief"": ""Three colorful cupcakes with different toppings."",
    ""needs_inspection"": false,
    ""reason"": """"
}"
extra_cards/festivals/14-10聖誕帽.jpg,festivals,"{""en"":""Santa Hat"",""zh"":""圣诞帽"",""yue"":""聖誕帽"",""ko"":""산타 모자""}",JPEG,756,1051,This is a red Santa hat with white fluffy trim and a white pom-pom on top. There is a green holly leaf with red berries near the bottom of the hat. The hat is often worn during Christmas celebrations.,qwen3-vl-plus,"A red Santa hat with white trim and holly decoration, used for Christmas.",False,False,,"{
    ""en"": ""Santa Hat"",
    ""zh"": ""圣诞帽"",
    ""yue"": ""聖誕帽"",
    ""ko"": ""산타 모자"",
    ""description"": ""This is a red Santa hat with white fluffy trim and a white pom-pom on top. There is a green holly leaf with red berries near the bottom of the hat. The hat is often worn during Christmas celebrations."",
    ""description_brief"": ""A red Santa hat with white trim and holly decoration, used for Christmas."",
    ""needs_inspection"": false,
    ""reason"": """"
}"
extra_cards/festivals/14-11燈飾.jpg,festivals,"{""en"":""Light Decoration"",""zh"":""灯饰"",""yue"":""燈飾"",""ko"":""등 장식""}",JPEG,756,1051,"This image shows a Christmas tree made with bright yellow and red lights on a window. Green circle lights are placed as ornaments, and a pink star is at the top. The lights glow against a dark background, making them easy to see.",qwen3-vl-plus,A glowing Christmas tree made of colorful lights on a window.,False,False,,"{
    ""en"": ""Light Decoration"",
    ""zh"": ""灯饰"",
    ""yue"": ""燈飾"",
    ""ko"": ""등 장식"",
    ""description"": ""This image shows a Christmas tree made with bright yellow and red lights on a window. Green circle lights are placed as ornaments, and a pink star is at the top. The lights glow against a dark background, making them easy to see."",
    ""description_brief"": ""A glowing Christmas tree made of colorful lights on a window."",
    ""needs_inspection"": false,
    ""reason"": """"
}"
extra_cards/stationery/Highlighter.jpg,stationery,"{""en"":""Highlighter"",""zh"":""荧光笔"",""yue"":""螢光筆"",""ko"":""형광펜""}",JPEG,960,637,"This is a bright yellow highlighter with a plastic body and a chisel tip. The cap is off and lying next to it, showing the marker tip clearly. It is used to mark or underline important words on paper.",qwen3-vl-plus,A yellow highlighter for marking text.,False,False,,"{
    ""en"": ""Highlighter"",
    ""zh"": ""荧光笔"",
    ""yue"": ""螢光筆"",
    ""ko"": ""형광펜"",
    ""description"": ""This is a bright yellow highlighter with a plastic body and a chisel tip. The cap is off and lying next to it, showing the marker tip clearly. It is used to mark or underline important words on paper."",
    ""description_brief"": ""A yellow highlighter for marking text."",
    ""needs_inspection"": false,
    ""reason"": """"
}"
extra_cards/food/蛋糕.jpg,food,"{""en"":""Cake"",""zh"":""蛋糕"",""yue"":""蛋糕"",""ko"":""케이크""}",JPEG,756,1051,"This image shows a round cake with white frosting, decorated with strawberries and yellow flower-shaped pieces. One slice is cut out and placed in front, topped with a strawberry and chocolate swirl. Below it is a small cupcake with brown frosting and a red cherry on top.",qwen3-vl-plus,A decorated cake with one slice cut out and a small cupcake nearby.,False,False,,"{
    ""en"": ""Cake"",
    ""zh"": ""蛋糕"",
    ""yue"": ""蛋糕"",
    ""ko"": ""케이크"",
    ""description"": ""This image shows a round cake with white frosting, decorated with strawberries and yellow flower-shaped pieces. One slice is cut out and placed in front, topped with a strawberry and chocolate swirl. Below it is a small cupcake with brown frosting and a red cherry on top."",
    ""description_brief"": ""A decorated cake with one slice cut out and a small cupcake nearby."",
    ""needs_inspection"": false,
    ""reason"": """"
}"
extra_cards/rituals/15-13打招呼.jpg,rituals,"{""en"":""Greeting"",""zh"":""打招呼"",""yue"":""打招呼"",""ko"":""인사하기""}",JPEG,756,1051,This image shows two children smiling and waving their hands at each other. They are happy and saying hello in a friendly way. This is how people greet each other to show they are kind and welcoming.,qwen3-vl-plus,Two children are waving and smiling to say hello.,False,False,,"{
    ""en"": ""Greeting"",
    ""zh"": ""打招呼"",
    ""yue"": ""打招呼"",
    ""ko"": ""인사하기"",
    ""description"": ""This image shows two children smiling and waving their hands at each other. They are happy and saying hello in a friendly way. This is how people greet each other to show they are kind and welcoming."",
    ""description_brief"": ""Two children are waving and smiling to say hello."",
    ""needs_inspection"": false,
    ""reason"": """"
}"
extra_cards/food/蕃茄.jpg,food,"{""en"":""Tomato"",""zh"":""番茄"",""yue"":""番茄"",""ko"":""토마토""}",JPEG,756,1051,"This image shows two round, red tomatoes with green leafy tops. Tomatoes are a type of fruit often used in cooking and can be eaten raw or cooked. They are bright red and have a smooth surface.",qwen3-vl-plus,Two red tomatoes with green stems.,False,False,,"{
    ""en"": ""Tomato"",
    ""zh"": ""番茄"",
    ""yue"": ""番茄"",
    ""ko"": ""토마토"",
    ""description"": ""This image shows two round, red tomatoes with green leafy tops. Tomatoes are a type of fruit often used in cooking and can be eaten raw or cooked. They are bright red and have a smooth surface."",
    ""description_brief"": ""Two red tomatoes with green stems."",
    ""needs_inspection"": false,
    ""reason"": """"
}"
extra_cards/activities/wash and brush teeth1.jpg,activities,"{""en"":""Wash face and brush teeth"",""zh"":""洗脸刷牙"",""yue"":""洗面刷牙"",""ko"":""얼굴 씻고 이 닦기""}",JPEG,596,596,The image shows a boy washing his face with a towel and then brushing his teeth with a toothbrush. Both actions happen at a sink with a faucet. These are daily hygiene routines that help keep the body clean and healthy.,qwen3-vl-plus,A boy washes his face and brushes his teeth at the sink.,False,False,,"{
    ""en"": ""Wash face and brush teeth"",
    ""zh"": ""洗脸刷牙"",
    ""yue"": ""洗面刷牙"",
    ""ko"": ""얼굴 씻고 이 닦기"",
    ""description"": ""The image shows a boy washing his face with a towel and then brushing his teeth with a toothbrush. Both actions happen at a sink with a faucet. These are daily hygiene routines that help keep the body clean and healthy."",
    ""description_brief"": ""A boy washes his face and brushes his teeth at the sink."",
    ""needs_inspection"": false,
    ""reason"": """"
}"
extra_cards/stationery/Whiteboard markers2.jpg,stationery,"{""en"":""Whiteboard markers"",""zh"":""白板笔"",""yue"":""白板筆"",""ko"":""화이트보드 마커""}",JPEG,960,625,"This image shows two whiteboard markers, one black and one blue. Each marker has a matching colored cap with a clip to attach it to paper or a pocket. The markers are used for writing on whiteboards and can be erased easily.",qwen3-vl-plus,Two whiteboard markers with caps and clips for easy storage.,False,False,,"{
    ""en"": ""Whiteboard markers"",
    ""zh"": ""白板笔"",
    ""yue"": ""白板筆"",
    ""ko"": ""화이트보드 마커"",
    ""description"": ""This image shows two whiteboard markers, one black and one blue. Each marker has a matching colored cap with a clip to attach it to paper or a pocket. The markers are used for writing on whiteboards and can be erased easily."",
    ""description_brief"": ""Two whiteboard markers with caps and clips for easy storage."",
    ""needs_inspection"": false,
    ""reason"": """"
}"
extra_cards/festivals/14-12新年.jpg,festivals,"{""en"":""New Year"",""zh"":""新年"",""yue"":""新年"",""ko"":""새해""}",JPEG,756,1051,"Two people are celebrating with glasses of drink and smiling. Fireworks are lighting up the sky behind them. One person is wearing a party hat, which shows it is a special celebration time.",qwen3-vl-plus,People celebrate New Year with drinks and fireworks.,False,False,,"{
    ""en"": ""New Year"",
    ""zh"": ""新年"",
    ""yue"": ""新年"",
    ""ko"": ""새해"",
    ""description"": ""Two people are celebrating with glasses of drink and smiling. Fireworks are lighting up the sky behind them. One person is wearing a party hat, which shows it is a special celebration time."",
    ""description_brief"": ""People celebrate New Year with drinks and fireworks."",
    ""needs_inspection"": false,
    ""reason"": """"
}"
extra_cards/stationery/Guillotine2.jpg,stationery,"{""en"":""Guillotine2"",""zh"":""切纸机2"",""yue"":""切紙機2"",""ko"":""자르는 기계 2""}",JPEG,1072,1153,This is a paper cutter with a brown base and orange lines to help you see where to cut. It has a metal bar and a handle that slides to cut paper straight. The tool is safe when used correctly and helps make clean edges on paper.,qwen3-vl-plus,A paper cutter with orange guide lines to help you cut paper neatly.,False,False,,"{
    ""en"": ""Guillotine2"",
    ""zh"": ""切纸机2"",
    ""yue"": ""切紙機2"",
    ""ko"": ""자르는 기계 2"",
    ""description"": ""This is a paper cutter with a brown base and orange lines to help you see where to cut. It has a metal bar and a handle that slides to cut paper straight. The tool is safe when used correctly and helps make clean edges on paper."",
    ""description_brief"": ""A paper cutter with orange guide lines to help you cut paper neatly."",
    ""needs_inspection"": false,
    ""reason"": """"
}"
extra_cards/rituals/15-14握手.jpg,rituals,"{""en"":""Handshake"",""zh"":""握手"",""yue"":""握手"",""ko"":""악수""}",JPEG,756,1051,Two people are shaking hands. One person is wearing a green shirt and the other is wearing a yellow shirt. They are both smiling and looking at each other.,qwen3-vl-plus,Two people shaking hands to say hello or goodbye.,False,False,,"{
    ""en"": ""Handshake"",
    ""zh"": ""握手"",
    ""yue"": ""握手"",
    ""ko"": ""악수"",
    ""description"": ""Two people are shaking hands. One person is wearing a green shirt and the other is wearing a yellow shirt. They are both smiling and looking at each other."",
    ""description_brief"": ""Two people shaking hands to say hello or goodbye."",
    ""needs_inspection"": false,
    ""reason"": """"
}"
extra_cards/stationery/Whiteboard markers3.jpg,stationery,"{""en"":""Whiteboard markers"",""zh"":""白板笔"",""yue"":""白板筆"",""ko"":""화이트보드 마커""}",JPEG,864,589,"This image shows four whiteboard markers with different colored caps: red, black, green, and one green cap lying separately. The markers are made by Pilot and are designed for writing on whiteboards. They do not contain xylene or similar solvents, which makes them safer to use.",qwen3-vl-plus,"Four whiteboard markers in red, black, and green colors.",False,False,,"{
    ""en"": ""Whiteboard markers"",
    ""zh"": ""白板笔"",
    ""yue"": ""白板筆"",
    ""ko"": ""화이트보드 마커"",
    ""description"": ""This image shows four whiteboard markers with different colored caps: red, black, green, and one green cap lying separately. The markers are made by Pilot and are designed for writing on whiteboards. They do not contain xylene or similar solvents, which makes them safer to use."",
    ""description_brief"": ""Four whiteboard markers in red, black, and green colors."",
    ""needs_inspection"": false,
    ""reason"": """"
}"
extra_cards/stationery/Hole punch1.jpg,stationery,"{""en"":""Hole punch"",""zh"":""打孔器"",""yue"":""打孔機"",""ko"":""구멍 뚫는 기계""}",JPEG,720,699,This is a hole punch. It has a green base and a white handle. You press the handle down to make holes in paper.,qwen3-vl-plus,A tool that makes holes in paper by pressing the handle.,False,False,,"{
    ""en"": ""Hole punch"",
    ""zh"": ""打孔器"",
    ""yue"": ""打孔機"",
    ""ko"": ""구멍 뚫는 기계"",
    ""description"": ""This is a hole punch. It has a green base and a white handle. You press the handle down to make holes in paper."",
    ""description_brief"": ""A tool that makes holes in paper by pressing the handle."",
    ""needs_inspection"": false,
    ""reason"": """"
}"
extra_cards/activities/wash and brush teeth2.jpg,activities,"{""en"":""Wash face and brush teeth"",""zh"":""洗脸刷牙"",""yue"":""洗面刷牙"",""ko"":""얼굴 씻고 이 닦기""}",JPEG,596,596,"This image shows a child washing their face with a pink cloth and then brushing their teeth with a red toothbrush. Both actions happen at a blue sink with a faucet. The child is wearing a white shirt, gray skirt, and white boots.",qwen3-vl-plus,A child washes their face and brushes their teeth at the sink.,False,False,,"{
    ""en"": ""Wash face and brush teeth"",
    ""zh"": ""洗脸刷牙"",
    ""yue"": ""洗面刷牙"",
    ""ko"": ""얼굴 씻고 이 닦기"",
    ""description"": ""This image shows a child washing their face with a pink cloth and then brushing their teeth with a red toothbrush. Both actions happen at a blue sink with a faucet. The child is wearing a white shirt, gray skirt, and white boots."",
    ""description_brief"": ""A child washes their face and brushes their teeth at the sink."",
    ""needs_inspection"": false,
    ""reason"": """"
}"
extra_cards/food/蝦.jpg,food,"{""en"":""Shrimp"",""zh"":""虾"",""yue"":""蝦"",""ko"":""새우""}",JPEG,756,1051,"This is a drawing of a shrimp. It is orange and has a curved body, long antennae, and small legs. Shrimp are seafood that people eat.",qwen3-vl-plus,"This is a shrimp, a type of seafood with a curved orange body.",False,False,,"{
    ""en"": ""Shrimp"",
    ""zh"": ""虾"",
    ""yue"": ""蝦"",
    ""ko"": ""새우"",
    ""description"": ""This is a drawing of a shrimp. It is orange and has a curved body, long antennae, and small legs. Shrimp are seafood that people eat."",
    ""description_brief"": ""This is a shrimp, a type of seafood with a curved orange body."",
    ""needs_inspection"": false,
    ""reason"": """"
}"
extra_cards/rituals/15-15幫忙.jpg,rituals,"{""en"":""Help"",""zh"":""帮忙"",""yue"":""幫忙"",""ko"":""도움""}",JPEG,756,1051,The image shows a child reaching up with one hand toward a larger hand that is reaching down. The child is wearing a yellow shirt and has short black hair. This picture means someone is offering help or support to another person.,qwen3-vl-plus,A child reaches for a helping hand.,False,False,,"{
    ""en"": ""Help"",
    ""zh"": ""帮忙"",
    ""yue"": ""幫忙"",
    ""ko"": ""도움"",
    ""description"": ""The image shows a child reaching up with one hand toward a larger hand that is reaching down. The child is wearing a yellow shirt and has short black hair. This picture means someone is offering help or support to another person."",
    ""description_brief"": ""A child reaches for a helping hand."",
    ""needs_inspection"": false,
    ""reason"": """"
}"
extra_cards/supplies/2-02碗.jpg,supplies,"{""en"":""Bowl"",""zh"":""碗"",""yue"":""碗"",""ko"":""그릇""}",JPEG,756,1051,This is a red bowl with a black outline. It is round and has a flat bottom so it can sit on a table. People use bowls to hold food like rice or soup.,qwen3-vl-plus,A red bowl for eating food.,False,False,,"{
    ""en"": ""Bowl"",
    ""zh"": ""碗"",
    ""yue"": ""碗"",
    ""ko"": ""그릇"",
    ""description"": ""This is a red bowl with a black outline. It is round and has a flat bottom so it can sit on a table. People use bowls to hold food like rice or soup."",
    ""description_brief"": ""A red bowl for eating food."",
    ""needs_inspection"": false,
    ""reason"": """"
}"
extra_cards/food/蝦條.jpg,food,"{""en"":""Shrimp sticks"",""zh"":""虾条"",""yue"":""蝦條"",""ko"":""새우스틱""}",JPEG,756,1051,"This image shows a red and yellow snack bag with a picture of a shrimp on it. The words '蝦條' are written in black on the bag. Some small, crispy shrimp-shaped snacks are shown outside the bag.",qwen3-vl-plus,A bag of crunchy shrimp-flavored snacks called 蝦條.,False,False,,"{
    ""en"": ""Shrimp sticks"",
    ""zh"": ""虾条"",
    ""yue"": ""蝦條"",
    ""ko"": ""새우스틱"",
    ""description"": ""This image shows a red and yellow snack bag with a picture of a shrimp on it. The words '蝦條' are written in black on the bag. Some small, crispy shrimp-shaped snacks are shown outside the bag."",
    ""description_brief"": ""A bag of crunchy shrimp-flavored snacks called 蝦條."",
    ""needs_inspection"": false,
    ""reason"": """"
}"
extra_cards/festivals/14-14大掃除.jpg,festivals,"{""en"":""Spring Cleaning"",""zh"":""大扫除"",""yue"":""大掃除"",""ko"":""대청소""}",JPEG,756,1051,"Three people are cleaning a room together. One person is sweeping the floor with a broom, another is wiping a window, and a child is wiping a table. Everyone is helping to make the room clean and tidy.",qwen3-vl-plus,People are cleaning the house together.,False,False,,"{
    ""en"": ""Spring Cleaning"",
    ""zh"": ""大扫除"",
    ""yue"": ""大掃除"",
    ""ko"": ""대청소"",
    ""description"": ""Three people are cleaning a room together. One person is sweeping the floor with a broom, another is wiping a window, and a child is wiping a table. Everyone is helping to make the room clean and tidy."",
    ""description_brief"": ""People are cleaning the house together."",
    ""needs_inspection"": false,
    ""reason"": """"
}"
extra_cards/stationery/Hole Punch3.jpg,stationery,"{""en"":""Hole Punch"",""zh"":""打孔器"",""yue"":""打孔機"",""ko"":""구멍 뚫는 기계""}",JPEG,960,736,This is a hole punch. It makes round holes in paper. You press down on the top to punch holes.,qwen3-vl-plus,A tool that makes holes in paper.,False,False,,"{
    ""en"": ""Hole Punch"",
    ""zh"": ""打孔器"",
    ""yue"": ""打孔機"",
    ""ko"": ""구멍 뚫는 기계"",
    ""description"": ""This is a hole punch. It makes round holes in paper. You press down on the top to punch holes."",
    ""description_brief"": ""A tool that makes holes in paper."",
    ""needs_inspection"": false,
    ""reason"": """"
}"
extra_cards/activities/wash-4806.jpg,activities,"{""en"":""Wash hands"",""zh"":""洗手"",""yue"":""洗手"",""ko"":""손 씻기""}",JPEG,402,502,"This image shows two hands under running water from a faucet. The hands have soap bubbles on them, which means they are being washed. Washing hands helps keep germs away and keeps us healthy.",qwen3-vl-plus,Wash your hands with soap and water to stay clean and healthy.,False,False,,"{
    ""en"": ""Wash hands"",
    ""zh"": ""洗手"",
    ""yue"": ""洗手"",
    ""ko"": ""손 씻기"",
    ""description"": ""This image shows two hands under running water from a faucet. The hands have soap bubbles on them, which means they are being washed. Washing hands helps keep germs away and keeps us healthy."",
    ""description_brief"": ""Wash your hands with soap and water to stay clean and healthy."",
    ""needs_inspection"": false,
    ""reason"": """"
}"
extra_cards/supplies/2-01杯.jpg,supplies,"{""en"":""Cup"",""zh"":""杯"",""yue"":""杯"",""ko"":""컵""}",JPEG,756,1051,This is a clear glass cup with a blue outline. It is empty and has a round bottom. The cup is drawn simply so it is easy to recognize.,qwen3-vl-plus,A clear cup for drinking.,False,False,,"{
    ""en"": ""Cup"",
    ""zh"": ""杯"",
    ""yue"": ""杯"",
    ""ko"": ""컵"",
    ""description"": ""This is a clear glass cup with a blue outline. It is empty and has a round bottom. The cup is drawn simply so it is easy to recognize."",
    ""description_brief"": ""A clear cup for drinking."",
    ""needs_inspection"": false,
    ""reason"": """"
}"
extra_cards/festivals/14-13農曆新年.jpg,festivals,"{""en"":""Lunar New Year"",""zh"":""农历新年"",""yue"":""農曆新年"",""ko"":""음력 설날""}",JPEG,756,1051,This image shows a woman giving a red envelope to a child during Lunar New Year. They are standing in front of pink flowers and a red decoration with the Chinese character for 'fortune'. The woman is wearing a green dress and the child is wearing an orange outfit.,qwen3-vl-plus,A woman gives a red envelope to a child for Lunar New Year.,False,False,,"{
    ""en"": ""Lunar New Year"",
    ""zh"": ""农历新年"",
    ""yue"": ""農曆新年"",
    ""ko"": ""음력 설날"",
    ""description"": ""This image shows a woman giving a red envelope to a child during Lunar New Year. They are standing in front of pink flowers and a red decoration with the Chinese character for 'fortune'. The woman is wearing a green dress and the child is wearing an orange outfit."",
    ""description_brief"": ""A woman gives a red envelope to a child for Lunar New Year."",
    ""needs_inspection"": false,
    ""reason"": """"
}"
extra_cards/stationery/Hole Punch2.jpg,stationery,"{""en"":""Hole Punch"",""zh"":""打孔器"",""yue"":""打孔機"",""ko"":""구멍 뚫는 기계""}",JPEG,720,618,This is a black hole puncher used to make round holes in paper. It has a handle you press down to punch the hole. The holes are usually made near the edge of the paper so it can fit into a binder.,qwen3-vl-plus,A tool that makes holes in paper for binders.,False,False,,"{
    ""en"": ""Hole Punch"",
    ""zh"": ""打孔器"",
    ""yue"": ""打孔機"",
    ""ko"": ""구멍 뚫는 기계"",
    ""description"": ""This is a black hole puncher used to make round holes in paper. It has a handle you press down to punch the hole. The holes are usually made near the edge of the paper so it can fit into a binder."",
    ""description_brief"": ""A tool that makes holes in paper for binders."",
    ""needs_inspection"": false,
    ""reason"": """"
}"
extra_cards/activities/write-4506.jpg,activities,"{""en"":""write-4506"",""zh"":""写字"",""yue"":""寫字"",""ko"":""쓰기""}",JPEG,402,502,A girl with brown hair in pigtails is sitting at a desk and writing with a blue pencil. She is wearing a pink shirt and looking down at her paper. The activity shows her practicing writing letters or words.,qwen3-vl-plus,A girl is writing with a pencil at her desk.,False,False,,"{
    ""en"": ""write-4506"",
    ""zh"": ""写字"",
    ""yue"": ""寫字"",
    ""ko"": ""쓰기"",
    ""description"": ""A girl with brown hair in pigtails is sitting at a desk and writing with a blue pencil. She is wearing a pink shirt and looking down at her paper. The activity shows her practicing writing letters or words."",
    ""description_brief"": ""A girl is writing with a pencil at her desk."",
    ""needs_inspection"": false,
    ""reason"": """"
}"
extra_cards/rituals/15-16戴安全帶.jpg,rituals,"{""en"":""Wear seatbelt"",""zh"":""戴安全带"",""yue"":""戴安全帶"",""ko"":""안전벨트 착용""}",JPEG,756,1051,A child is sitting in a car seat with a black seatbelt across their chest and lap. The child is smiling and wearing a white shirt and blue shorts. This shows how to stay safe while riding in a vehicle.,qwen3-vl-plus,Put on your seatbelt before the car moves.,False,False,,"{
    ""en"": ""Wear seatbelt"",
    ""zh"": ""戴安全带"",
    ""yue"": ""戴安全帶"",
    ""ko"": ""안전벨트 착용"",
    ""description"": ""A child is sitting in a car seat with a black seatbelt across their chest and lap. The child is smiling and wearing a white shirt and blue shorts. This shows how to stay safe while riding in a vehicle."",
    ""description_brief"": ""Put on your seatbelt before the car moves."",
    ""needs_inspection"": false,
    ""reason"": """"
}"
extra_cards/appliances/10-01電話.jpg,appliances,"{""en"":""Telephone"",""zh"":""电话"",""yue"":""電話"",""ko"":""전화기""}",JPEG,756,1051,"This is a pink telephone with a coiled cord and a keypad. It has a small screen on top and buttons numbered 0 to 9, plus # and * keys. The phone is drawn in a simple, clear style to help children recognize it easily.",qwen3-vl-plus,A pink telephone with buttons and a curly cord for making calls.,False,False,,"{
    ""en"": ""Telephone"",
    ""zh"": ""电话"",
    ""yue"": ""電話"",
    ""ko"": ""전화기"",
    ""description"": ""This is a pink telephone with a coiled cord and a keypad. It has a small screen on top and buttons numbered 0 to 9, plus # and * keys. The phone is drawn in a simple, clear style to help children recognize it easily."",
    ""description_brief"": ""A pink telephone with buttons and a curly cord for making calls."",
    ""needs_inspection"": false,
    ""reason"": """"
}"
extra_cards/supplies/2-03碟.jpg,supplies,"{""en"":""Plate"",""zh"":""碟"",""yue"":""碟"",""ko"":""접시""}",JPEG,756,1051,"This image shows two round, flat plates. One plate is lying down and the other is standing up behind it. The plates are light blue with black outlines and are drawn in a simple style.",qwen3-vl-plus,"Two light blue plates, one lying flat and one standing upright.",False,False,,"{
    ""en"": ""Plate"",
    ""zh"": ""碟"",
    ""yue"": ""碟"",
    ""ko"": ""접시"",
    ""description"": ""This image shows two round, flat plates. One plate is lying down and the other is standing up behind it. The plates are light blue with black outlines and are drawn in a simple style."",
    ""description_brief"": ""Two light blue plates, one lying flat and one standing upright."",
    ""needs_inspection"": false,
    ""reason"": """"
}"
extra_cards/food/蝦餃.jpg,food,"{""en"":""Shrimp Dumplings"",""zh"":""虾饺"",""yue"":""蝦餃"",""ko"":""새우 만두""}",JPEG,756,1051,"This image shows steamed shrimp dumplings in a bamboo steamer. The dumplings are white and round with pleats, and steam is rising from them. They are a popular food in Chinese cuisine, especially for dim sum.",qwen3-vl-plus,Hot shrimp dumplings in a bamboo steamer.,False,False,,"{
    ""en"": ""Shrimp Dumplings"",
    ""zh"": ""虾饺"",
    ""yue"": ""蝦餃"",
    ""ko"": ""새우 만두"",
    ""description"": ""This image shows steamed shrimp dumplings in a bamboo steamer. The dumplings are white and round with pleats, and steam is rising from them. They are a popular food in Chinese cuisine, especially for dim sum."",
    ""description_brief"": ""Hot shrimp dumplings in a bamboo steamer."",
    ""needs_inspection"": false,
    ""reason"": """"
}"
extra_cards/supplies/2-04匙羹.jpg,supplies,"{""en"":""Spoon"",""zh"":""勺子"",""yue"":""匙羹"",""ko"":""스푼""}",JPEG,756,1051,This is a yellow spoon with a long handle and a round bowl. It is used for eating food like soup or cereal. The spoon is simple and easy to hold.,qwen3-vl-plus,A yellow spoon for eating.,False,False,,"{
    ""en"": ""Spoon"",
    ""zh"": ""勺子"",
    ""yue"": ""匙羹"",
    ""ko"": ""스푼"",
    ""description"": ""This is a yellow spoon with a long handle and a round bowl. It is used for eating food like soup or cereal. The spoon is simple and easy to hold."",
    ""description_brief"": ""A yellow spoon for eating."",
    ""needs_inspection"": false,
    ""reason"": """"
}"
extra_cards/festivals/14-15全盒.jpg,festivals,"{""en"":""Festival Snack Tray"",""zh"":""全盒"",""yue"":""全盒"",""ko"":""전함""}",JPEG,756,1051,"This is a round tray with different sections. Each section holds a type of snack: golden cookies, red candies, and orange fruits with green leaves. The tray is bright orange and has a yellow rim.",qwen3-vl-plus,A colorful tray with snacks for festivals.,False,False,,"{
    ""en"": ""Festival Snack Tray"",
    ""zh"": ""全盒"",
    ""yue"": ""全盒"",
    ""ko"": ""전함"",
    ""description"": ""This is a round tray with different sections. Each section holds a type of snack: golden cookies, red candies, and orange fruits with green leaves. The tray is bright orange and has a yellow rim."",
    ""description_brief"": ""A colorful tray with snacks for festivals."",
    ""needs_inspection"": false,
    ""reason"": """"
}"
extra_cards/food/蝦片.jpg,food,"{""en"":""Shrimp chips"",""zh"":""虾片"",""yue"":""蝦片"",""ko"":""새우칩""}",JPEG,756,1051,"This image shows a package of shrimp chips. The chips are light yellow and round, and the package has a picture of a shrimp on it. The text '蝦片' is written in black on the package and at the bottom of the image.",qwen3-vl-plus,A package of shrimp chips with a shrimp picture and Chinese characters.,False,False,,"{
    ""en"": ""Shrimp chips"",
    ""zh"": ""虾片"",
    ""yue"": ""蝦片"",
    ""ko"": ""새우칩"",
    ""description"": ""This image shows a package of shrimp chips. The chips are light yellow and round, and the package has a picture of a shrimp on it. The text '蝦片' is written in black on the package and at the bottom of the image."",
    ""description_brief"": ""A package of shrimp chips with a shrimp picture and Chinese characters."",
    ""needs_inspection"": false,
    ""reason"": """"
}"
extra_cards/supplies/2-05湯羹.jpg,supplies,"{""en"":""Soup spoon"",""zh"":""汤匙"",""yue"":""湯匙"",""ko"":""국수저""}",JPEG,756,1051,This is a soup spoon. It is orange and has a rounded bowl with a long handle. People use it to eat soup or other liquid foods.,qwen3-vl-plus,An orange spoon for eating soup.,False,False,,"{
    ""en"": ""Soup spoon"",
    ""zh"": ""汤匙"",
    ""yue"": ""湯匙"",
    ""ko"": ""국수저"",
    ""description"": ""This is a soup spoon. It is orange and has a rounded bowl with a long handle. People use it to eat soup or other liquid foods."",
    ""description_brief"": ""An orange spoon for eating soup."",
    ""needs_inspection"": false,
    ""reason"": """"
}"
extra_cards/stationery/Hole Punch5.jpg,stationery,"{""en"":""Hole Punch"",""zh"":""打孔器"",""yue"":""打孔機"",""ko"":""구멍 뚫는 기계""}",JPEG,960,743,This is a hole punch. It makes two round holes in paper. You press down on the top to make the holes.,qwen3-vl-plus,A tool that makes two holes in paper for putting in a binder.,False,False,,"{
    ""en"": ""Hole Punch"",
    ""zh"": ""打孔器"",
    ""yue"": ""打孔機"",
    ""ko"": ""구멍 뚫는 기계"",
    ""description"": ""This is a hole punch. It makes two round holes in paper. You press down on the top to make the holes."",
    ""description_brief"": ""A tool that makes two holes in paper for putting in a binder."",
    ""needs_inspection"": false,
    ""reason"": """"
}"
extra_cards/rituals/15-17用紙巾抹鼻涕.jpg,rituals,"{""en"":""Wipe nose with tissue"",""zh"":""用纸巾抹鼻涕"",""yue"":""用紙巾抹鼻涕"",""ko"":""티슈로 코를 닦기""}",JPEG,756,1051,The image shows a child using a white tissue to wipe their nose. The child is wearing a yellow shirt with blue sleeves and has short black hair. This action helps keep the face clean and is part of daily hygiene routines.,qwen3-vl-plus,A child wipes their nose with a tissue.,False,False,,"{
    ""en"": ""Wipe nose with tissue"",
    ""zh"": ""用纸巾抹鼻涕"",
    ""yue"": ""用紙巾抹鼻涕"",
    ""ko"": ""티슈로 코를 닦기"",
    ""description"": ""The image shows a child using a white tissue to wipe their nose. The child is wearing a yellow shirt with blue sleeves and has short black hair. This action helps keep the face clean and is part of daily hygiene routines."",
    ""description_brief"": ""A child wipes their nose with a tissue."",
    ""needs_inspection"": false,
    ""reason"": """"
}"
extra_cards/food/蟹.jpg,food,"{""en"":""Crab"",""zh"":""蟹"",""yue"":""蟹"",""ko"":""게""}",JPEG,756,1051,This is a drawing of a crab. It is orange and has two big claws in front and eight legs. The crab has small eyes on top of its body.,qwen3-vl-plus,An orange crab with big claws and eight legs.,False,False,,"{
    ""en"": ""Crab"",
    ""zh"": ""蟹"",
    ""yue"": ""蟹"",
    ""ko"": ""게"",
    ""description"": ""This is a drawing of a crab. It is orange and has two big claws in front and eight legs. The crab has small eyes on top of its body."",
    ""description_brief"": ""An orange crab with big claws and eight legs."",
    ""needs_inspection"": false,
    ""reason"": """"
}"
extra_cards/appliances/10-02手提電話.jpg,appliances,"{""en"":""Cell phone"",""zh"":""手机"",""yue"":""手提電話"",""ko"":""휴대폰""}",JPEG,756,1051,This is a drawing of a cell phone with a screen and yellow buttons. The buttons have numbers and symbols for making calls or sending messages. It is shown at an angle so you can see the front and side.,qwen3-vl-plus,A cell phone with yellow number buttons for calling.,False,False,,"{
    ""en"": ""Cell phone"",
    ""zh"": ""手机"",
    ""yue"": ""手提電話"",
    ""ko"": ""휴대폰"",
    ""description"": ""This is a drawing of a cell phone with a screen and yellow buttons. The buttons have numbers and symbols for making calls or sending messages. It is shown at an angle so you can see the front and side."",
    ""description_brief"": ""A cell phone with yellow number buttons for calling."",
    ""needs_inspection"": false,
    ""reason"": """"
}"
extra_cards/festivals/14-16利是.jpg,festivals,"{""en"":""Red envelope with money"",""zh"":""红包和钱"",""yue"":""利是封同錢"",""ko"":""돈이 든 빨간 봉투""}",JPEG,756,1051,"This image shows two red envelopes. One is open and has money inside, including a 20-dollar bill. The other is closed and has a picture of flowers on it. Red envelopes are often given during festivals to bring good luck.",qwen3-vl-plus,"A red envelope with money inside, used for festivals.",False,False,,"{
    ""en"": ""Red envelope with money"",
    ""zh"": ""红包和钱"",
    ""yue"": ""利是封同錢"",
    ""ko"": ""돈이 든 빨간 봉투"",
    ""description"": ""This image shows two red envelopes. One is open and has money inside, including a 20-dollar bill. The other is closed and has a picture of flowers on it. Red envelopes are often given during festivals to bring good luck."",
    ""description_brief"": ""A red envelope with money inside, used for festivals."",
    ""needs_inspection"": false,
    ""reason"": """"
}"
extra_cards/stationery/Hole Punch4.jpg,stationery,"{""en"":""Hole Punch"",""zh"":""打孔器"",""yue"":""打孔機"",""ko"":""구멍 뚫는 기계""}",JPEG,960,876,This is a black and white hole punch. It makes round holes in paper so you can put papers in a binder. You press down on the top to make the hole.,qwen3-vl-plus,A tool that makes holes in paper for binders.,False,False,,"{
    ""en"": ""Hole Punch"",
    ""zh"": ""打孔器"",
    ""yue"": ""打孔機"",
    ""ko"": ""구멍 뚫는 기계"",
    ""description"": ""This is a black and white hole punch. It makes round holes in paper so you can put papers in a binder. You press down on the top to make the hole."",
    ""description_brief"": ""A tool that makes holes in paper for binders."",
    ""needs_inspection"": false,
    ""reason"": """"
}"
extra_cards/food/西瓜.jpg,food,"{""en"":""Watermelon"",""zh"":""西瓜"",""yue"":""西瓜"",""ko"":""수박""}",JPEG,756,1051,"This image shows a whole watermelon with green stripes and a slice cut out. The inside of the slice is red with black seeds. Watermelons are sweet, juicy fruits often eaten in summer.",qwen3-vl-plus,"A green striped watermelon with a red, seed-filled slice.",False,False,,"{
    ""en"": ""Watermelon"",
    ""zh"": ""西瓜"",
    ""yue"": ""西瓜"",
    ""ko"": ""수박"",
    ""description"": ""This image shows a whole watermelon with green stripes and a slice cut out. The inside of the slice is red with black seeds. Watermelons are sweet, juicy fruits often eaten in summer."",
    ""description_brief"": ""A green striped watermelon with a red, seed-filled slice."",
    ""needs_inspection"": false,
    ""reason"": """"
}"
extra_cards/festivals/14-17揮春.jpg,festivals,"{""en"":""Spring Festival Couplets"",""zh"":""新春对联"",""yue"":""揮春"",""ko"":""춘절 대련""}",JPEG,756,1051,This image shows a red paper with black Chinese characters that say '新春大吉' (Happy New Year). It has a yellow border and small gold dots for decoration. This is often hung on doors during the Spring Festival to bring good luck.,qwen3-vl-plus,"Red paper with lucky words for Chinese New Year, called '揮春'.",False,False,,"{
    ""en"": ""Spring Festival Couplets"",
    ""zh"": ""新春对联"",
    ""yue"": ""揮春"",
    ""ko"": ""춘절 대련"",
    ""description"": ""This image shows a red paper with black Chinese characters that say '新春大吉' (Happy New Year). It has a yellow border and small gold dots for decoration. This is often hung on doors during the Spring Festival to bring good luck."",
    ""description_brief"": ""Red paper with lucky words for Chinese New Year, called '揮春'."",
    ""needs_inspection"": false,
    ""reason"": """"
}"
extra_cards/stationery/Hole Punch6.jpg,stationery,"{""en"":""Hole Punch"",""zh"":""打孔器"",""yue"":""打孔機"",""ko"":""구멍 뚫는 기계""}",JPEG,902,960,This is a black hole punch. It makes round holes in paper when you press down on the top part. You can use it to put papers together with a binder or ring.,qwen3-vl-plus,A tool that makes holes in paper for organizing with binders.,False,False,,"{
    ""en"": ""Hole Punch"",
    ""zh"": ""打孔器"",
    ""yue"": ""打孔機"",
    ""ko"": ""구멍 뚫는 기계"",
    ""description"": ""This is a black hole punch. It makes round holes in paper when you press down on the top part. You can use it to put papers together with a binder or ring."",
    ""description_brief"": ""A tool that makes holes in paper for organizing with binders."",
    ""needs_inspection"": false,
    ""reason"": """"
}"
extra_cards/rituals/不要打开.jpg,rituals,"{""en"":""Do Not Open"",""zh"":""不要打开"",""yue"":""唔好開"",""ko"":""열지 마세요""}",JPEG,300,300,"This image shows a cabinet with two doors and a circle with a line through it, which means 'do not open'. The words above the cabinet say 'Do Not Open' in Chinese. This is a clear visual reminder to keep the cabinet closed for safety or routine reasons.",qwen3-vl-plus,A cabinet with a sign saying 'Do Not Open' to help you remember not to open it.,False,False,,"{
    ""en"": ""Do Not Open"",
    ""zh"": ""不要打开"",
    ""yue"": ""唔好開"",
    ""ko"": ""열지 마세요"",
    ""description"": ""This image shows a cabinet with two doors and a circle with a line through it, which means 'do not open'. The words above the cabinet say 'Do Not Open' in Chinese. This is a clear visual reminder to keep the cabinet closed for safety or routine reasons."",
    ""description_brief"": ""A cabinet with a sign saying 'Do Not Open' to help you remember not to open it."",
    ""needs_inspection"": false,
    ""reason"": """"
}"
extra_cards/supplies/2-06筷子.jpg,supplies,"{""en"":""Chopsticks"",""zh"":""筷子"",""yue"":""筷子"",""ko"":""젓가락""}",JPEG,756,1051,"This image shows a pair of green chopsticks. They are long, thin sticks used for eating food. The chopsticks are placed side by side on a white background with a red stripe at the top.",qwen3-vl-plus,Green chopsticks for eating food.,False,False,,"{
    ""en"": ""Chopsticks"",
    ""zh"": ""筷子"",
    ""yue"": ""筷子"",
    ""ko"": ""젓가락"",
    ""description"": ""This image shows a pair of green chopsticks. They are long, thin sticks used for eating food. The chopsticks are placed side by side on a white background with a red stripe at the top."",
    ""description_brief"": ""Green chopsticks for eating food."",
    ""needs_inspection"": false,
    ""reason"": """"
}"
extra_cards/rituals/15-18放低手.jpg,rituals,"{""en"":""Lower your hands"",""zh"":""放低手"",""yue"":""放低手"",""ko"":""손을 내리세요""}",JPEG,756,1051,"The image shows a child standing with both arms relaxed at their sides. The child is wearing an orange shirt, yellow shorts, white socks, and black shoes. This picture teaches children to lower their hands when asked.",qwen3-vl-plus,Stand with your hands down by your sides.,False,False,,"{
    ""en"": ""Lower your hands"",
    ""zh"": ""放低手"",
    ""yue"": ""放低手"",
    ""ko"": ""손을 내리세요"",
    ""description"": ""The image shows a child standing with both arms relaxed at their sides. The child is wearing an orange shirt, yellow shorts, white socks, and black shoes. This picture teaches children to lower their hands when asked."",
    ""description_brief"": ""Stand with your hands down by your sides."",
    ""needs_inspection"": false,
    ""reason"": """"
}"
extra_cards/appliances/10-03電視.jpg,appliances,"{""en"":""Television"",""zh"":""电视"",""yue"":""電視"",""ko"":""텔레비전""}",JPEG,756,1051,"This is a black television set with buttons on the front. On the screen, there is a happy cartoon rabbit wearing a red cape and flying through the sky with clouds. The word '電視' is written below the TV to show what it is.",qwen3-vl-plus,A TV showing a flying cartoon rabbit with a red cape.,False,False,,"{
    ""en"": ""Television"",
    ""zh"": ""电视"",
    ""yue"": ""電視"",
    ""ko"": ""텔레비전"",
    ""description"": ""This is a black television set with buttons on the front. On the screen, there is a happy cartoon rabbit wearing a red cape and flying through the sky with clouds. The word '電視' is written below the TV to show what it is."",
    ""description_brief"": ""A TV showing a flying cartoon rabbit with a red cape."",
    ""needs_inspection"": false,
    ""reason"": """"
}"
extra_cards/festivals/14-18水仙.jpg,festivals,"{""en"":""Daffodil"",""zh"":""水仙"",""yue"":""水仙"",""ko"":""수선화""}",JPEG,756,1051,"This image shows daffodil flowers growing in a shallow bowl of water. The flowers are white with yellow centers, and they have long green leaves. The bulbs are visible at the bottom of the bowl, sitting in the water.",qwen3-vl-plus,White daffodils with green leaves growing in a red bowl of water.,False,False,,"{
    ""en"": ""Daffodil"",
    ""zh"": ""水仙"",
    ""yue"": ""水仙"",
    ""ko"": ""수선화"",
    ""description"": ""This image shows daffodil flowers growing in a shallow bowl of water. The flowers are white with yellow centers, and they have long green leaves. The bulbs are visible at the bottom of the bowl, sitting in the water."",
    ""description_brief"": ""White daffodils with green leaves growing in a red bowl of water."",
    ""needs_inspection"": false,
    ""reason"": """"
}"
extra_cards/activities/walk-4501.jpg,activities,"{""en"":""walk"",""zh"":""走路"",""yue"":""行路"",""ko"":""걷기""}",JPEG,402,502,"The image shows a girl wearing a red dress, white socks, and red shoes. She is walking forward with one foot in front of the other. Her hair is black and tied back in a ponytail.",qwen3-vl-plus,A girl is walking in a red dress.,False,False,,"{
    ""en"": ""walk"",
    ""zh"": ""走路"",
    ""yue"": ""行路"",
    ""ko"": ""걷기"",
    ""description"": ""The image shows a girl wearing a red dress, white socks, and red shoes. She is walking forward with one foot in front of the other. Her hair is black and tied back in a ponytail."",
    ""description_brief"": ""A girl is walking in a red dress."",
    ""needs_inspection"": false,
    ""reason"": """"
}"
extra_cards/food/豆.jpg,food,"{""en"":""Pea"",""zh"":""豆"",""yue"":""豆"",""ko"":""콩""}",JPEG,756,1051,"This image shows a green pea pod with round peas inside. Some peas are outside the pod, lying on the white background. The word '豆' is written at the bottom to help identify the food.",qwen3-vl-plus,A green pea pod with peas inside and some peas outside.,False,False,,"{
    ""en"": ""Pea"",
    ""zh"": ""豆"",
    ""yue"": ""豆"",
    ""ko"": ""콩"",
    ""description"": ""This image shows a green pea pod with round peas inside. Some peas are outside the pod, lying on the white background. The word '豆' is written at the bottom to help identify the food."",
    ""description_brief"": ""A green pea pod with peas inside and some peas outside."",
    ""needs_inspection"": false,
    ""reason"": """"
}"
extra_cards/stationery/Hole Punch7.jpg,stationery,"{""en"":""Hole Punch"",""zh"":""打孔器"",""yue"":""打孔機"",""ko"":""구멍 뚫는 기계""}",JPEG,960,774,This is a hole punch. It has a green handle and a black base. You press down on the handle to make holes in paper.,qwen3-vl-plus,A tool that makes holes in paper when you press the handle.,False,False,,"{
    ""en"": ""Hole Punch"",
    ""zh"": ""打孔器"",
    ""yue"": ""打孔機"",
    ""ko"": ""구멍 뚫는 기계"",
    ""description"": ""This is a hole punch. It has a green handle and a black base. You press down on the handle to make holes in paper."",
    ""description_brief"": ""A tool that makes holes in paper when you press the handle."",
    ""needs_inspection"": false,
    ""reason"": """"
}"
extra_cards/appliances/10-04電腦.jpg,appliances,"{""en"":""Computer"",""zh"":""电脑"",""yue"":""電腦"",""ko"":""컴퓨터""}",JPEG,756,1051,This image shows a laptop computer on a brown desk. The screen displays colorful web pages with text and pictures. A mouse is connected to the right side of the laptop.,qwen3-vl-plus,A laptop computer on a desk with a mouse and colorful screen.,False,False,,"{
    ""en"": ""Computer"",
    ""zh"": ""电脑"",
    ""yue"": ""電腦"",
    ""ko"": ""컴퓨터"",
    ""description"": ""This image shows a laptop computer on a brown desk. The screen displays colorful web pages with text and pictures. A mouse is connected to the right side of the laptop."",
    ""description_brief"": ""A laptop computer on a desk with a mouse and colorful screen."",
    ""needs_inspection"": false,
    ""reason"": """"
}"
extra_cards/supplies/2-07刀.jpg,supplies,"{""en"":""Knife"",""zh"":""刀"",""yue"":""刀"",""ko"":""칼""}",JPEG,756,1051,"This is a drawing of a knife. It has a long, thin blade and a handle for holding. Knives are used for cutting food or other materials, but should only be used with adult supervision.",qwen3-vl-plus,"A knife for cutting, to be used safely with grown-ups.",False,False,,"{
    ""en"": ""Knife"",
    ""zh"": ""刀"",
    ""yue"": ""刀"",
    ""ko"": ""칼"",
    ""description"": ""This is a drawing of a knife. It has a long, thin blade and a handle for holding. Knives are used for cutting food or other materials, but should only be used with adult supervision."",
    ""description_brief"": ""A knife for cutting, to be used safely with grown-ups."",
    ""needs_inspection"": false,
    ""reason"": """"
}"
extra_cards/rituals/书要拿好.jpg,rituals,"{""en"":""Hands in front"",""zh"":""手放前面"",""yue"":""手放前面"",""ko"":""앞에 손을 놓기""}",JPEG,300,300,"This image shows two hands placed one over the other in front of the body. The top hand is gently resting on the bottom hand, with fingers slightly curved. This position is often used during calm or respectful moments, like waiting or listening.",qwen3-vl-plus,Place your hands one over the other in front of you.,False,False,,"{
    ""en"": ""Hands in front"",
    ""zh"": ""手放前面"",
    ""yue"": ""手放前面"",
    ""ko"": ""앞에 손을 놓기"",
    ""description"": ""This image shows two hands placed one over the other in front of the body. The top hand is gently resting on the bottom hand, with fingers slightly curved. This position is often used during calm or respectful moments, like waiting or listening."",
    ""description_brief"": ""Place your hands one over the other in front of you."",
    ""needs_inspection"": false,
    ""reason"": """"
}"
